transaction_id,customer_age,account_tenure_months,region,transaction_amount,merchant_category,payment_method,device_type,num_transactions_24h,international,previous_chargebacks,fraud
100000,65,68,South,130.13,Travel,Digital Wallet,Tablet,4,0,0,0
100001,22,4,South,28.27,Travel,Debit,Tablet,1,0,0,0
100002,43,53,South,304.83,Travel,Credit,Tablet,2,0,0,0
100003,72,69,West,39.87,Restaurants,Debit,Tablet,1,0,1,1
100004,21,8,South,125.73,Gas,Debit,Desktop,3,0,0,0
100005,37,101,South,169.45,Electronics,Credit,Mobile,1,0,0,0
100006,41,47,Northeast,270.68,Groceries,Digital Wallet,Tablet,4,0,1,0
100007,57,158,West,174.55,Online Services,Credit,Desktop,2,0,3,0
100008,46,67,South,253.65,Groceries,Debit,Tablet,1,0,0,0
100009,32,53,South,5.51,Travel,Digital Wallet,Desktop,3,0,0,0
100010,41,29,Midwest,173.2,Restaurants,Debit,Tablet,1,0,1,0
100011,26,169,West,88.1,Travel,Digital Wallet,Mobile,2,0,1,0
100012,43,151,South,71.77,Clothing,Credit,Desktop,0,0,1,0
100013,64,145,Northeast,41.49,Travel,Digital Wallet,Mobile,2,1,0,0
100014,60,13,South,7.88,Electronics,Credit,Mobile,4,1,0,0
100015,44,21,Midwest,0.03,Gas,Digital Wallet,Mobile,3,0,0,0
100016,26,79,West,140.01,Restaurants,Digital Wallet,Desktop,1,0,0,0
100017,57,174,Northeast,16.86,Clothing,Digital Wallet,Desktop,3,0,0,0
100018,56,147,South,156.82,Gas,Credit,Tablet,3,1,1,0
100019,22,42,South,7.59,Travel,Digital Wallet,Tablet,3,0,0,0
100020,66,15,West,90.78,Luxury,Digital Wallet,Mobile,2,0,1,0
100021,25,51,South,149.86,Electronics,Digital Wallet,Desktop,4,0,0,0
100022,62,174,Midwest,47.51,Online Services,Credit,Desktop,3,0,0,0
100023,18,162,West,246.06,Electronics,Credit,Tablet,1,0,1,0
100024,29,78,Midwest,458.59,Electronics,Debit,Tablet,1,0,0,0
100025,73,77,South,36.47,Restaurants,Credit,Desktop,1,0,0,0
100026,24,37,Midwest,5.82,Luxury,Debit,Mobile,1,0,1,0
100027,37,170,West,16.98,Groceries,Credit,Tablet,2,0,0,0
100028,62,16,Northeast,26.95,Groceries,Debit,Desktop,4,0,0,0
100029,23,59,Northeast,42.68,Groceries,Credit,Tablet,1,1,0,1
100030,74,165,South,402.17,Online Services,Debit,Tablet,0,0,0,1
100031,42,56,Midwest,350.31,Groceries,Debit,Desktop,4,0,0,0
100032,73,68,West,52.19,Luxury,Credit,Tablet,1,0,0,0
100033,71,38,South,141.41,Luxury,Debit,Mobile,1,0,0,0
100034,66,34,West,143.27,Online Services,Debit,Tablet,2,1,1,0
100035,18,102,West,1.7,Travel,Digital Wallet,Desktop,2,0,1,0
100036,52,158,Midwest,123.59,Luxury,Debit,Tablet,4,0,0,1
100037,74,68,South,76.45,Online Services,Digital Wallet,Desktop,1,0,0,0
100038,27,27,South,23.55,Groceries,Digital Wallet,Tablet,1,0,0,0
100039,32,85,South,14.56,Online Services,Digital Wallet,Tablet,1,0,0,0
100040,56,75,South,98.5,Electronics,Credit,Desktop,2,1,0,0
100041,22,100,Northeast,465.37,Gas,Digital Wallet,Tablet,0,0,0,0
100042,64,48,Midwest,17.52,Travel,Credit,Tablet,2,1,0,1
100043,27,23,Midwest,67.49,Luxury,Digital Wallet,Tablet,4,0,0,0
100044,41,73,South,1.67,Online Services,Credit,Desktop,2,0,0,0
100045,53,81,Northeast,42.22,Electronics,Digital Wallet,Tablet,4,0,0,0
100046,21,103,South,233.7,Gas,Debit,Mobile,1,0,0,0
100047,26,87,Northeast,120.63,Restaurants,Credit,Mobile,0,1,1,0
100048,37,158,West,44.54,Gas,Credit,Desktop,1,0,0,0
100049,66,85,South,19.21,Electronics,Credit,Desktop,2,0,1,0
100050,19,164,South,253.46,Online Services,Credit,Mobile,1,0,0,0
100051,18,21,South,301.56,Online Services,Debit,Tablet,1,0,0,0
100052,34,24,South,70.59,Gas,Digital Wallet,Tablet,4,0,0,0
100053,72,102,Northeast,169.57,Gas,Debit,Desktop,5,0,1,0
100054,49,166,South,119.23,Clothing,Debit,Tablet,0,1,2,1
100055,47,89,South,93.96,Electronics,Digital Wallet,Mobile,4,0,0,1
100056,62,26,Northeast,75.15,Online Services,Debit,Tablet,4,0,0,0
100057,46,107,Midwest,9.45,Groceries,Credit,Mobile,2,1,0,1
100058,25,91,South,5.33,Restaurants,Digital Wallet,Tablet,3,0,0,0
100059,41,1,Northeast,35.89,Luxury,Digital Wallet,Desktop,4,0,1,0
100060,28,88,South,55.64,Luxury,Credit,Desktop,0,0,1,0
100061,59,102,Northeast,71.34,Travel,Digital Wallet,Tablet,0,1,0,0
100062,53,135,West,0.99,Gas,Digital Wallet,Tablet,1,0,0,0
100063,18,5,West,107.36,Clothing,Credit,Desktop,0,0,1,0
100064,25,135,Northeast,6.43,Online Services,Digital Wallet,Tablet,0,0,0,0
100065,41,169,West,34.12,Gas,Debit,Mobile,0,0,0,0
100066,46,118,South,119.67,Electronics,Credit,Desktop,3,0,0,0
100067,73,16,Midwest,182.96,Travel,Digital Wallet,Mobile,2,0,0,0
100068,50,166,West,281.53,Groceries,Credit,Desktop,4,0,0,0
100069,39,54,West,36.6,Electronics,Credit,Tablet,3,0,1,0
100070,54,69,Midwest,243.93,Luxury,Debit,Tablet,0,0,0,0
100071,53,18,Midwest,10.67,Online Services,Digital Wallet,Desktop,4,0,0,0
100072,51,60,Northeast,30.95,Gas,Credit,Tablet,1,0,0,0
100073,21,46,Northeast,59.25,Online Services,Credit,Mobile,1,0,0,0
100074,45,17,Northeast,25.3,Luxury,Digital Wallet,Mobile,1,0,0,0
100075,51,134,West,32.92,Online Services,Digital Wallet,Mobile,5,0,1,0
100076,37,36,West,9.89,Clothing,Debit,Mobile,2,0,0,0
100077,45,25,Midwest,0.87,Restaurants,Digital Wallet,Desktop,2,0,0,0
100078,22,168,Northeast,156.32,Gas,Credit,Desktop,0,0,0,0
100079,37,26,South,40.95,Clothing,Digital Wallet,Tablet,1,0,0,0
100080,51,12,Midwest,33.28,Restaurants,Debit,Mobile,2,0,0,0
100081,48,142,Midwest,42.8,Electronics,Debit,Mobile,4,0,0,0
100082,55,62,South,337.32,Gas,Digital Wallet,Mobile,1,0,0,1
100083,27,137,Northeast,134.51,Electronics,Debit,Tablet,3,0,0,0
100084,47,124,Midwest,93.97,Restaurants,Digital Wallet,Mobile,1,0,0,0
100085,35,159,West,172.08,Clothing,Digital Wallet,Mobile,3,0,0,1
100086,49,65,Northeast,51.78,Groceries,Debit,Mobile,2,0,2,0
100087,20,20,West,37.96,Groceries,Credit,Tablet,2,0,0,0
100088,37,60,West,40.74,Clothing,Digital Wallet,Desktop,2,0,0,0
100089,68,47,Northeast,195.43,Online Services,Digital Wallet,Tablet,1,0,0,0
100090,36,126,Midwest,263.02,Groceries,Debit,Tablet,3,0,0,0
100091,39,24,Northeast,496.7,Gas,Debit,Desktop,2,0,1,0
100092,73,53,Midwest,149.05,Online Services,Digital Wallet,Desktop,1,1,0,0
100093,21,168,South,96.76,Online Services,Digital Wallet,Mobile,2,0,0,0
100094,29,21,South,55.08,Online Services,Digital Wallet,Tablet,2,1,0,1
100095,65,143,West,55.7,Electronics,Debit,Tablet,2,0,0,0
100096,34,91,Northeast,64.72,Electronics,Credit,Desktop,1,0,0,0
100097,30,3,Midwest,1.46,Online Services,Digital Wallet,Mobile,1,0,0,0
100098,47,27,West,41.97,Luxury,Credit,Desktop,3,0,0,0
100099,61,145,West,113.41,Clothing,Digital Wallet,Tablet,1,0,0,0
100100,59,31,Northeast,46.52,Travel,Digital Wallet,Tablet,2,0,0,0
100101,27,24,South,300.68,Luxury,Debit,Mobile,2,1,0,0
100102,30,48,Midwest,74.3,Restaurants,Digital Wallet,Tablet,2,0,0,0
100103,21,88,Midwest,33.99,Gas,Debit,Tablet,1,0,0,0
100104,64,82,Northeast,154.47,Travel,Digital Wallet,Desktop,2,1,0,0
100105,32,16,South,98.38,Clothing,Debit,Tablet,3,0,0,0
100106,38,160,Midwest,193.33,Electronics,Digital Wallet,Mobile,2,0,0,0
100107,71,51,Northeast,30.34,Travel,Digital Wallet,Tablet,2,0,1,0
100108,33,61,Northeast,129.68,Luxury,Debit,Tablet,3,0,0,0
100109,53,38,Northeast,42.21,Clothing,Credit,Tablet,1,0,0,0
100110,66,78,West,185.11,Groceries,Debit,Desktop,3,0,0,0
100111,22,119,Midwest,86.88,Electronics,Digital Wallet,Desktop,2,0,0,0
100112,61,74,Northeast,50.19,Clothing,Credit,Mobile,2,0,1,0
100113,26,131,South,45.2,Electronics,Digital Wallet,Tablet,3,0,1,0
100114,44,137,Northeast,107.27,Travel,Credit,Desktop,1,1,0,0
100115,72,136,South,63.74,Restaurants,Credit,Mobile,2,0,0,0
100116,61,168,Northeast,40.34,Online Services,Debit,Tablet,2,0,0,0
100117,65,108,West,70.54,Restaurants,Digital Wallet,Tablet,2,0,0,0
100118,41,139,Midwest,233.99,Luxury,Debit,Tablet,2,1,0,0
100119,31,117,Midwest,0.78,Luxury,Credit,Desktop,2,0,0,0
100120,68,59,West,180.37,Online Services,Credit,Tablet,2,0,0,0
100121,57,84,West,34.13,Groceries,Digital Wallet,Desktop,3,1,0,0
100122,21,53,Midwest,163.36,Gas,Digital Wallet,Mobile,3,0,0,0
100123,47,124,South,240.39,Luxury,Debit,Desktop,0,0,0,0
100124,30,24,Northeast,72.71,Online Services,Digital Wallet,Desktop,3,0,0,0
100125,30,40,Midwest,22.99,Restaurants,Credit,Tablet,0,0,0,0
100126,33,82,Midwest,67.04,Groceries,Credit,Desktop,4,0,0,0
100127,47,146,Midwest,62.45,Electronics,Credit,Desktop,2,0,1,0
100128,26,159,Northeast,208.22,Gas,Debit,Tablet,3,1,2,1
100129,72,81,West,150.4,Restaurants,Debit,Desktop,5,0,1,0
100130,56,27,Northeast,38.41,Travel,Digital Wallet,Desktop,3,0,1,0
100131,71,110,Northeast,76.08,Online Services,Debit,Desktop,3,0,1,0
100132,24,161,South,52.29,Clothing,Debit,Mobile,4,0,0,0
100133,39,173,Midwest,18.29,Travel,Debit,Desktop,1,0,0,0
100134,62,16,Midwest,61.53,Clothing,Digital Wallet,Mobile,2,0,0,0
100135,45,129,West,159.86,Luxury,Credit,Desktop,1,0,0,0
100136,25,147,West,54.14,Luxury,Credit,Tablet,0,0,1,0
100137,35,159,South,48.34,Electronics,Debit,Tablet,3,0,1,0
100138,60,119,Midwest,208.48,Clothing,Digital Wallet,Desktop,4,0,0,0
100139,65,95,West,7.61,Gas,Credit,Desktop,5,0,0,1
100140,23,146,South,41.25,Clothing,Digital Wallet,Desktop,2,1,0,0
100141,54,4,South,22.65,Electronics,Digital Wallet,Tablet,1,0,0,0
100142,70,66,Northeast,143.67,Luxury,Digital Wallet,Tablet,0,0,0,0
100143,59,131,Northeast,76.76,Clothing,Debit,Mobile,1,0,0,0
100144,59,6,Northeast,51.53,Restaurants,Digital Wallet,Mobile,1,0,0,0
100145,47,39,West,73.44,Travel,Digital Wallet,Tablet,0,0,0,0
100146,44,130,West,40.55,Clothing,Digital Wallet,Mobile,1,0,1,0
100147,18,36,South,175.17,Luxury,Digital Wallet,Mobile,1,0,0,0
100148,40,29,South,577.6,Online Services,Credit,Mobile,2,0,0,0
100149,52,2,Midwest,117.69,Electronics,Credit,Mobile,1,0,0,0
100150,30,16,Northeast,36.11,Groceries,Digital Wallet,Desktop,3,1,1,0
100151,24,44,West,23.93,Travel,Debit,Mobile,0,0,0,0
100152,58,17,West,133.5,Travel,Credit,Tablet,1,0,0,0
100153,52,51,Northeast,380.56,Travel,Digital Wallet,Mobile,1,0,0,0
100154,60,122,South,27.66,Clothing,Debit,Desktop,3,0,0,0
100155,64,147,West,234.41,Luxury,Credit,Mobile,0,0,0,0
100156,70,150,Midwest,15.95,Restaurants,Debit,Tablet,1,0,0,0
100157,67,88,South,86.04,Groceries,Credit,Desktop,2,0,0,0
100158,47,123,West,47.32,Online Services,Digital Wallet,Mobile,2,0,0,0
100159,56,99,South,27.05,Online Services,Digital Wallet,Desktop,1,0,0,0
100160,60,75,Midwest,38.36,Restaurants,Credit,Desktop,3,0,0,0
100161,35,37,West,69.05,Clothing,Debit,Desktop,5,0,0,0
100162,23,10,West,134.43,Luxury,Digital Wallet,Tablet,0,0,0,0
100163,33,164,West,46.47,Online Services,Digital Wallet,Desktop,0,0,0,0
100164,67,13,West,132.04,Online Services,Credit,Mobile,1,0,1,0
100165,72,7,Northeast,115.83,Groceries,Debit,Mobile,2,1,0,0
100166,30,166,West,141.02,Clothing,Debit,Mobile,0,0,0,0
100167,59,137,South,166.04,Travel,Credit,Tablet,4,0,0,0
100168,58,75,West,104.04,Groceries,Credit,Tablet,0,0,1,0
100169,46,162,West,152.52,Restaurants,Debit,Tablet,1,0,0,0
100170,72,67,West,24.36,Gas,Debit,Desktop,0,0,0,0
100171,65,25,South,18.96,Gas,Debit,Tablet,3,0,0,0
100172,55,117,Northeast,251.48,Gas,Credit,Desktop,2,0,1,0
100173,27,2,Northeast,182.91,Electronics,Debit,Desktop,2,0,0,0
100174,41,99,South,7.63,Groceries,Credit,Desktop,2,0,0,0
100175,39,43,South,42.54,Restaurants,Debit,Tablet,2,0,0,0
100176,22,114,Northeast,9.09,Travel,Digital Wallet,Tablet,1,0,0,0
100177,45,85,South,75.65,Online Services,Digital Wallet,Mobile,1,1,1,0
100178,30,77,Midwest,91.29,Luxury,Digital Wallet,Desktop,1,1,1,0
100179,59,97,West,124.06,Restaurants,Digital Wallet,Tablet,3,0,0,0
100180,29,84,Midwest,99.86,Clothing,Debit,Desktop,4,1,0,0
100181,24,86,West,51.63,Travel,Credit,Desktop,1,0,1,0
100182,74,165,South,58.9,Clothing,Debit,Tablet,3,0,0,0
100183,51,174,Northeast,11.97,Groceries,Digital Wallet,Mobile,3,1,1,0
100184,39,20,West,11.8,Travel,Digital Wallet,Mobile,3,0,0,0
100185,39,14,South,218.97,Groceries,Debit,Tablet,1,0,1,0
100186,48,127,Northeast,0.75,Luxury,Digital Wallet,Mobile,1,0,0,1
100187,61,111,Northeast,13.16,Luxury,Debit,Desktop,1,0,1,0
100188,46,85,Northeast,296.95,Travel,Credit,Mobile,2,1,0,1
100189,74,56,South,83.65,Clothing,Debit,Tablet,1,0,0,0
100190,69,83,Midwest,508.12,Luxury,Debit,Desktop,2,1,0,1
100191,73,19,South,67.53,Online Services,Credit,Desktop,3,0,0,0
100192,73,7,South,122.87,Online Services,Credit,Desktop,2,0,1,0
100193,30,19,West,81.27,Restaurants,Debit,Desktop,3,0,0,0
100194,30,2,Northeast,10.64,Online Services,Digital Wallet,Desktop,1,0,0,0
100195,63,45,Midwest,78.66,Online Services,Digital Wallet,Tablet,1,0,0,0
100196,54,166,West,84.14,Restaurants,Digital Wallet,Tablet,0,0,1,0
100197,25,172,West,21.48,Clothing,Debit,Mobile,1,0,0,0
100198,39,117,South,136.36,Groceries,Digital Wallet,Tablet,1,0,0,0
100199,59,150,South,7.63,Travel,Debit,Desktop,1,0,2,0
100200,56,9,Northeast,22.85,Travel,Credit,Desktop,3,0,0,0
100201,33,16,West,117.65,Electronics,Credit,Mobile,5,0,0,0
100202,61,147,South,18.09,Gas,Digital Wallet,Desktop,2,1,0,0
100203,36,24,Northeast,18.56,Clothing,Digital Wallet,Mobile,3,0,1,0
100204,46,53,South,7.45,Restaurants,Digital Wallet,Desktop,2,0,0,0
100205,34,39,South,94.55,Electronics,Debit,Tablet,0,1,3,1
100206,23,70,West,28.06,Clothing,Credit,Tablet,1,0,0,0
100207,53,88,Midwest,40.31,Clothing,Debit,Desktop,2,0,0,0
100208,31,171,South,10.6,Gas,Debit,Mobile,2,0,0,1
100209,50,75,South,53.6,Clothing,Digital Wallet,Desktop,3,0,1,0
100210,71,55,South,43.54,Online Services,Digital Wallet,Mobile,3,0,0,0
100211,41,25,Northeast,14.48,Groceries,Debit,Mobile,1,0,1,0
100212,49,16,Midwest,129.44,Luxury,Credit,Tablet,4,0,1,1
100213,51,103,South,50.37,Clothing,Credit,Tablet,5,0,0,0
100214,63,23,West,38.49,Restaurants,Digital Wallet,Desktop,1,0,0,0
100215,58,72,Northeast,252.43,Restaurants,Digital Wallet,Mobile,0,0,2,0
100216,70,52,Northeast,15.4,Online Services,Digital Wallet,Tablet,4,0,0,0
100217,45,146,Midwest,116.62,Luxury,Credit,Mobile,4,0,0,0
100218,32,163,Midwest,28.44,Electronics,Debit,Desktop,2,0,0,0
100219,63,52,West,87.86,Gas,Debit,Desktop,1,0,0,0
100220,59,62,Midwest,327.73,Online Services,Credit,Desktop,1,0,0,0
100221,60,23,Northeast,35.72,Groceries,Debit,Mobile,1,0,1,0
100222,50,132,Midwest,256.04,Online Services,Digital Wallet,Desktop,1,0,0,0
100223,52,151,Midwest,43.96,Travel,Credit,Mobile,5,0,0,0
100224,49,43,South,99.78,Travel,Debit,Desktop,1,0,2,0
100225,66,59,West,9.68,Online Services,Digital Wallet,Desktop,1,0,0,0
100226,73,176,South,193.15,Groceries,Digital Wallet,Desktop,2,0,0,0
100227,56,96,Northeast,204.07,Clothing,Digital Wallet,Desktop,1,0,1,0
100228,36,141,Midwest,173.0,Gas,Debit,Mobile,3,0,0,0
100229,27,151,Midwest,82.2,Restaurants,Debit,Desktop,2,1,1,0
100230,27,157,South,356.49,Groceries,Debit,Desktop,2,0,2,0
100231,31,51,Midwest,34.35,Luxury,Credit,Tablet,0,0,0,0
100232,39,49,Northeast,166.14,Online Services,Digital Wallet,Mobile,3,0,0,0
100233,61,14,West,194.64,Luxury,Debit,Mobile,1,0,1,0
100234,19,64,Midwest,94.61,Gas,Credit,Desktop,4,1,0,0
100235,49,118,West,7.48,Luxury,Credit,Tablet,2,0,0,0
100236,32,21,Midwest,133.34,Restaurants,Debit,Desktop,1,0,1,0
100237,34,37,South,72.85,Clothing,Credit,Tablet,2,0,2,0
100238,66,103,West,252.57,Restaurants,Debit,Mobile,5,0,0,1
100239,43,84,Northeast,361.03,Travel,Digital Wallet,Desktop,3,0,1,0
100240,67,71,Midwest,15.41,Travel,Digital Wallet,Mobile,1,0,0,0
100241,64,29,South,139.34,Luxury,Credit,Desktop,1,1,0,0
100242,51,160,Midwest,166.63,Gas,Digital Wallet,Mobile,2,0,0,0
100243,39,80,Northeast,142.55,Gas,Digital Wallet,Tablet,2,1,0,0
100244,37,1,Northeast,3.81,Groceries,Credit,Desktop,1,0,0,0
100245,36,77,West,164.02,Luxury,Debit,Mobile,2,0,0,0
100246,18,21,Northeast,16.66,Restaurants,Debit,Tablet,0,0,1,0
100247,31,124,West,257.85,Travel,Credit,Tablet,3,1,0,0
100248,28,151,West,120.18,Gas,Credit,Desktop,0,0,0,0
100249,70,102,South,7.39,Clothing,Credit,Desktop,3,0,0,0
100250,45,7,Northeast,83.65,Restaurants,Debit,Desktop,1,1,0,0
100251,46,141,Northeast,115.31,Gas,Digital Wallet,Mobile,5,0,0,0
100252,26,127,West,95.72,Online Services,Debit,Desktop,0,0,0,0
100253,73,121,Northeast,84.54,Groceries,Debit,Tablet,3,0,0,0
100254,51,149,South,17.97,Online Services,Digital Wallet,Tablet,2,0,1,0
100255,54,14,Midwest,82.63,Clothing,Debit,Tablet,1,0,1,0
100256,43,31,West,98.1,Travel,Debit,Mobile,0,0,0,0
100257,62,63,Northeast,12.69,Luxury,Digital Wallet,Mobile,2,0,1,0
100258,69,71,West,31.09,Online Services,Credit,Tablet,1,0,0,0
100259,72,9,Northeast,162.13,Travel,Debit,Tablet,2,0,0,0
100260,60,124,Northeast,95.07,Online Services,Debit,Desktop,2,0,0,0
100261,46,106,Northeast,48.18,Restaurants,Debit,Tablet,0,0,1,0
100262,25,13,South,8.87,Online Services,Debit,Tablet,2,0,0,0
100263,67,175,South,45.74,Travel,Credit,Tablet,2,0,1,0
100264,33,132,Midwest,162.81,Groceries,Debit,Tablet,4,0,1,0
100265,18,37,Midwest,43.79,Travel,Digital Wallet,Desktop,1,0,0,0
100266,36,170,West,336.68,Luxury,Digital Wallet,Tablet,3,0,0,0
100267,57,26,Northeast,33.55,Gas,Credit,Tablet,4,0,0,0
100268,62,91,West,22.69,Electronics,Debit,Mobile,0,0,1,1
100269,66,53,Northeast,73.34,Restaurants,Debit,Tablet,0,1,0,0
100270,18,90,South,357.13,Clothing,Credit,Mobile,0,0,0,0
100271,62,29,Northeast,374.87,Clothing,Debit,Desktop,3,0,0,0
100272,27,150,Midwest,50.53,Groceries,Debit,Mobile,4,0,0,0
100273,64,58,West,20.67,Groceries,Credit,Mobile,4,1,2,0
100274,74,31,Midwest,62.1,Luxury,Debit,Mobile,2,0,0,0
100275,52,88,Midwest,31.86,Restaurants,Credit,Mobile,1,0,0,0
100276,66,171,West,421.57,Electronics,Digital Wallet,Tablet,1,1,1,1
100277,61,149,Midwest,527.93,Gas,Debit,Mobile,4,0,0,0
100278,23,5,Midwest,138.9,Restaurants,Credit,Mobile,2,1,0,1
100279,39,38,Midwest,166.97,Gas,Digital Wallet,Mobile,5,0,0,0
100280,34,69,West,153.87,Luxury,Debit,Desktop,1,0,0,0
100281,59,87,Midwest,155.69,Travel,Digital Wallet,Tablet,1,0,0,0
100282,29,165,West,354.08,Online Services,Credit,Tablet,2,0,1,0
100283,60,158,South,136.31,Online Services,Debit,Mobile,1,0,0,0
100284,50,98,West,105.56,Electronics,Credit,Desktop,6,0,0,0
100285,58,18,Midwest,43.16,Gas,Digital Wallet,Desktop,3,0,0,0
100286,54,106,West,128.34,Luxury,Credit,Tablet,2,0,0,0
100287,23,150,South,307.44,Gas,Debit,Tablet,1,0,0,0
100288,46,84,Northeast,23.29,Gas,Debit,Mobile,1,0,0,0
100289,61,10,West,583.72,Travel,Credit,Tablet,1,0,0,0
100290,47,85,South,17.04,Groceries,Credit,Mobile,2,0,0,0
100291,67,140,Northeast,102.75,Travel,Digital Wallet,Tablet,4,0,0,0
100292,64,10,West,222.69,Online Services,Debit,Desktop,2,0,0,0
100293,60,97,South,431.98,Online Services,Credit,Mobile,3,0,0,0
100294,70,97,Northeast,34.1,Clothing,Debit,Tablet,3,0,0,0
100295,66,164,Northeast,66.09,Clothing,Debit,Desktop,0,0,0,0
100296,49,80,Northeast,39.38,Gas,Credit,Desktop,2,0,0,0
100297,25,18,West,11.34,Online Services,Credit,Desktop,2,0,0,0
100298,46,44,Northeast,186.37,Online Services,Credit,Desktop,1,0,0,0
100299,65,155,West,49.32,Luxury,Debit,Desktop,0,0,0,0
100300,68,9,West,125.65,Groceries,Debit,Desktop,3,0,0,0
100301,66,161,West,14.59,Clothing,Debit,Mobile,1,0,0,0
100302,32,29,South,21.95,Groceries,Digital Wallet,Desktop,4,0,0,0
100303,65,94,Midwest,237.47,Luxury,Debit,Mobile,1,0,0,0
100304,31,77,South,169.9,Clothing,Credit,Desktop,3,0,1,0
100305,37,139,Midwest,243.52,Electronics,Debit,Mobile,1,1,1,0
100306,59,75,Midwest,199.52,Electronics,Debit,Tablet,3,0,1,0
100307,31,174,South,63.09,Restaurants,Credit,Mobile,1,0,0,0
100308,42,77,West,343.68,Luxury,Digital Wallet,Desktop,1,0,0,0
100309,21,78,Northeast,60.53,Online Services,Debit,Tablet,1,0,0,0
100310,25,106,Midwest,40.83,Gas,Digital Wallet,Tablet,2,0,2,0
100311,67,33,Midwest,36.25,Online Services,Debit,Tablet,0,0,0,0
100312,60,125,South,123.44,Travel,Credit,Tablet,3,0,0,0
100313,50,82,Northeast,85.72,Groceries,Debit,Mobile,2,0,0,0
100314,51,25,South,48.2,Clothing,Digital Wallet,Tablet,2,0,0,0
100315,29,151,South,46.35,Groceries,Digital Wallet,Desktop,2,0,0,0
100316,45,5,Midwest,41.62,Restaurants,Digital Wallet,Desktop,2,1,0,0
100317,22,61,Midwest,17.91,Restaurants,Debit,Desktop,2,0,0,0
100318,56,67,West,261.97,Travel,Debit,Mobile,5,0,0,0
100319,49,81,West,89.13,Gas,Digital Wallet,Desktop,0,0,2,0
100320,67,77,Midwest,338.21,Travel,Digital Wallet,Mobile,3,0,0,0
100321,48,61,West,56.55,Travel,Credit,Tablet,4,0,2,1
100322,32,123,Midwest,4.52,Clothing,Digital Wallet,Tablet,3,0,0,0
100323,62,71,Northeast,88.43,Groceries,Digital Wallet,Mobile,1,0,0,0
100324,61,177,West,206.48,Restaurants,Credit,Tablet,1,1,1,0
100325,30,120,Midwest,25.04,Luxury,Credit,Desktop,0,0,0,0
100326,34,35,Midwest,208.59,Restaurants,Digital Wallet,Desktop,2,0,2,0
100327,67,137,South,94.66,Clothing,Credit,Desktop,3,0,1,0
100328,44,151,West,37.9,Online Services,Credit,Mobile,2,0,2,0
100329,50,9,West,332.16,Electronics,Credit,Tablet,5,0,0,0
100330,61,62,West,46.28,Luxury,Credit,Desktop,0,0,1,0
100331,51,89,South,31.22,Groceries,Debit,Mobile,1,0,1,0
100332,26,9,West,198.72,Travel,Digital Wallet,Desktop,1,0,1,0
100333,70,132,Northeast,232.41,Online Services,Credit,Mobile,1,0,0,0
100334,48,14,West,64.99,Travel,Debit,Desktop,2,0,0,0
100335,51,88,South,155.23,Groceries,Debit,Mobile,1,0,0,0
100336,33,61,South,74.77,Groceries,Digital Wallet,Tablet,1,0,1,0
100337,40,127,Midwest,357.33,Luxury,Debit,Desktop,0,0,0,0
100338,74,38,Midwest,68.01,Online Services,Credit,Desktop,2,0,0,0
100339,71,107,Northeast,57.01,Luxury,Debit,Tablet,2,0,1,0
100340,52,67,Northeast,17.12,Gas,Credit,Mobile,3,0,0,0
100341,30,159,West,197.25,Groceries,Digital Wallet,Mobile,0,0,0,0
100342,22,139,West,189.25,Electronics,Credit,Mobile,0,0,0,0
100343,62,148,Northeast,48.63,Travel,Digital Wallet,Tablet,2,0,1,0
100344,73,107,South,290.22,Groceries,Digital Wallet,Mobile,5,0,1,0
100345,38,119,West,33.51,Gas,Debit,Desktop,5,0,0,0
100346,61,65,South,43.14,Restaurants,Credit,Desktop,0,0,0,0
100347,67,79,West,239.12,Clothing,Digital Wallet,Tablet,2,0,0,0
100348,36,99,Northeast,27.29,Restaurants,Credit,Tablet,3,0,0,0
100349,74,177,South,147.14,Restaurants,Digital Wallet,Mobile,4,0,1,0
100350,39,153,South,133.43,Travel,Debit,Desktop,1,0,0,0
100351,68,45,West,44.58,Electronics,Debit,Mobile,0,0,1,0
100352,40,122,South,13.94,Travel,Debit,Desktop,1,0,0,0
100353,36,57,West,317.5,Restaurants,Credit,Mobile,1,1,0,0
100354,23,130,Midwest,123.74,Clothing,Credit,Tablet,5,0,0,0
100355,57,22,South,167.4,Travel,Credit,Tablet,3,0,0,0
100356,73,121,South,47.84,Luxury,Debit,Tablet,3,1,0,1
100357,23,174,West,13.15,Electronics,Credit,Mobile,0,0,2,0
100358,23,30,Midwest,36.02,Groceries,Credit,Mobile,1,0,1,0
100359,24,4,West,36.13,Gas,Digital Wallet,Desktop,2,0,0,0
100360,49,80,South,6.41,Luxury,Digital Wallet,Desktop,0,0,0,0
100361,47,175,Midwest,128.17,Groceries,Debit,Mobile,4,0,0,0
100362,34,130,Northeast,48.86,Gas,Debit,Tablet,2,1,0,0
100363,60,38,West,118.19,Luxury,Debit,Mobile,3,0,0,0
100364,72,136,West,25.05,Restaurants,Debit,Desktop,2,0,0,0
100365,64,72,Northeast,55.46,Groceries,Debit,Mobile,7,0,1,0
100366,22,18,Northeast,6.76,Groceries,Debit,Mobile,1,0,0,0
100367,64,38,Midwest,321.41,Electronics,Credit,Desktop,4,0,1,0
100368,56,76,West,116.89,Groceries,Digital Wallet,Desktop,2,0,1,0
100369,31,44,Northeast,64.65,Luxury,Digital Wallet,Mobile,5,0,1,1
100370,20,23,West,101.32,Clothing,Credit,Tablet,2,0,0,0
100371,30,81,Northeast,169.65,Gas,Digital Wallet,Mobile,1,0,0,1
100372,72,142,West,206.52,Electronics,Digital Wallet,Desktop,1,0,1,0
100373,42,62,Midwest,182.86,Electronics,Credit,Mobile,2,0,0,0
100374,45,159,Midwest,71.27,Groceries,Digital Wallet,Mobile,4,0,0,0
100375,73,165,Midwest,83.38,Electronics,Credit,Mobile,0,0,0,0
100376,34,68,Midwest,91.94,Luxury,Credit,Mobile,2,0,0,0
100377,64,58,South,54.0,Luxury,Debit,Desktop,7,1,0,1
100378,23,3,West,91.23,Luxury,Digital Wallet,Mobile,2,0,0,0
100379,58,113,Northeast,69.77,Travel,Credit,Tablet,4,0,1,0
100380,47,65,Midwest,124.67,Clothing,Debit,Mobile,1,0,1,0
100381,27,169,South,266.97,Electronics,Credit,Desktop,1,0,0,0
100382,62,122,West,257.12,Online Services,Debit,Mobile,1,1,1,0
100383,73,100,South,145.17,Gas,Debit,Mobile,2,1,0,0
100384,57,99,South,143.42,Restaurants,Debit,Mobile,2,1,1,0
100385,32,105,West,68.32,Gas,Debit,Mobile,1,0,0,0
100386,24,73,Northeast,180.32,Online Services,Digital Wallet,Mobile,1,0,0,0
100387,20,177,Northeast,387.67,Clothing,Debit,Mobile,3,0,0,0
100388,55,13,Northeast,14.71,Clothing,Digital Wallet,Tablet,2,0,1,0
100389,40,124,South,58.97,Clothing,Credit,Mobile,4,0,0,0
100390,67,77,South,392.39,Online Services,Debit,Desktop,3,0,0,0
100391,64,10,Northeast,1.72,Travel,Credit,Tablet,4,0,0,0
100392,27,102,South,86.98,Online Services,Debit,Desktop,0,0,2,0
100393,53,72,Midwest,154.33,Restaurants,Digital Wallet,Tablet,2,1,0,0
100394,33,80,West,217.97,Gas,Credit,Mobile,0,0,0,0
100395,38,169,South,107.4,Travel,Digital Wallet,Tablet,2,1,0,0
100396,50,23,Northeast,17.26,Online Services,Debit,Tablet,1,0,1,0
100397,53,170,South,11.21,Electronics,Credit,Mobile,0,0,0,0
100398,39,45,South,82.37,Electronics,Digital Wallet,Desktop,6,0,1,0
100399,24,116,Midwest,129.87,Electronics,Debit,Tablet,5,0,0,0
100400,38,97,South,9.65,Restaurants,Debit,Tablet,1,0,0,0
100401,18,43,South,29.04,Gas,Debit,Tablet,2,0,0,0
100402,38,142,Northeast,24.98,Groceries,Credit,Mobile,2,0,0,0
100403,51,39,West,88.39,Gas,Credit,Mobile,3,0,0,0
100404,39,149,Northeast,170.85,Travel,Debit,Mobile,4,1,0,0
100405,20,163,South,83.88,Gas,Credit,Tablet,1,0,0,0
100406,29,65,South,33.35,Travel,Debit,Tablet,0,0,0,0
100407,65,52,South,334.53,Clothing,Debit,Mobile,0,0,0,0
100408,29,22,Midwest,31.28,Restaurants,Debit,Desktop,0,0,0,0
100409,54,96,Northeast,38.0,Online Services,Debit,Tablet,3,0,1,0
100410,26,114,West,304.04,Groceries,Digital Wallet,Mobile,0,0,0,0
100411,63,80,Northeast,358.44,Luxury,Digital Wallet,Desktop,3,0,0,0
100412,61,160,West,61.06,Gas,Digital Wallet,Tablet,1,0,0,0
100413,25,33,Northeast,54.78,Online Services,Digital Wallet,Desktop,4,0,0,0
100414,71,96,Midwest,50.82,Restaurants,Debit,Mobile,1,0,0,0
100415,25,87,Midwest,0.74,Travel,Debit,Mobile,1,1,0,0
100416,39,88,Midwest,6.4,Luxury,Digital Wallet,Mobile,1,0,0,0
100417,37,15,West,12.9,Gas,Debit,Desktop,3,1,0,0
100418,57,110,South,83.28,Groceries,Digital Wallet,Desktop,2,0,0,0
100419,40,4,West,22.69,Restaurants,Debit,Tablet,2,0,1,0
100420,63,102,West,0.94,Electronics,Debit,Mobile,3,0,0,0
100421,68,94,South,122.86,Restaurants,Debit,Tablet,4,1,0,1
100422,53,1,West,45.97,Travel,Digital Wallet,Mobile,1,0,0,0
100423,35,17,West,89.21,Travel,Digital Wallet,Mobile,0,1,0,0
100424,51,146,Midwest,197.76,Groceries,Credit,Mobile,1,0,0,0
100425,26,76,West,109.83,Electronics,Digital Wallet,Tablet,2,1,0,0
100426,70,117,West,34.84,Groceries,Debit,Tablet,1,1,0,0
100427,33,79,South,176.83,Clothing,Credit,Tablet,2,0,0,0
100428,28,91,Midwest,40.15,Online Services,Debit,Desktop,0,0,0,0
100429,36,148,South,217.85,Travel,Credit,Mobile,4,0,0,0
100430,45,24,Midwest,46.53,Electronics,Digital Wallet,Mobile,3,0,0,0
100431,35,18,South,53.24,Groceries,Digital Wallet,Desktop,1,0,0,0
100432,44,85,West,68.73,Groceries,Digital Wallet,Tablet,4,0,0,0
100433,57,88,West,30.41,Restaurants,Digital Wallet,Desktop,1,0,0,0
100434,18,118,Midwest,311.89,Clothing,Debit,Mobile,0,0,0,0
100435,26,49,West,245.97,Travel,Debit,Desktop,2,0,0,0
100436,31,133,South,42.9,Luxury,Digital Wallet,Mobile,4,0,1,0
100437,42,157,South,99.82,Restaurants,Digital Wallet,Tablet,1,0,0,0
100438,30,31,Midwest,100.5,Groceries,Credit,Tablet,1,0,0,0
100439,67,8,South,57.83,Clothing,Debit,Desktop,1,0,1,0
100440,52,2,South,114.12,Groceries,Digital Wallet,Desktop,2,0,0,0
100441,21,22,Northeast,71.83,Clothing,Credit,Desktop,1,0,0,0
100442,50,108,West,29.16,Groceries,Credit,Tablet,3,0,0,0
100443,44,34,South,102.54,Electronics,Digital Wallet,Desktop,4,0,0,0
100444,35,116,Midwest,160.02,Electronics,Digital Wallet,Mobile,3,1,0,0
100445,29,117,West,150.66,Travel,Credit,Tablet,2,0,0,1
100446,19,173,Midwest,74.55,Luxury,Credit,Mobile,1,0,0,0
100447,55,69,South,36.47,Groceries,Credit,Mobile,1,0,0,0
100448,55,17,Midwest,8.35,Electronics,Credit,Desktop,0,0,0,0
100449,72,88,South,241.13,Gas,Credit,Tablet,2,0,0,0
100450,66,101,Northeast,54.34,Gas,Digital Wallet,Tablet,0,1,0,0
100451,27,10,Northeast,116.02,Online Services,Digital Wallet,Desktop,2,0,1,0
100452,45,38,West,16.26,Electronics,Debit,Mobile,2,0,0,0
100453,37,158,Northeast,9.8,Luxury,Debit,Tablet,2,1,1,0
100454,61,18,South,186.3,Luxury,Credit,Tablet,3,0,0,0
100455,68,64,West,243.39,Travel,Digital Wallet,Desktop,1,0,0,0
100456,38,124,Midwest,102.74,Travel,Credit,Desktop,3,0,0,0
100457,20,157,South,113.56,Luxury,Credit,Mobile,1,1,0,0
100458,65,45,Northeast,504.26,Electronics,Digital Wallet,Mobile,4,0,1,0
100459,26,49,Northeast,9.21,Restaurants,Digital Wallet,Mobile,1,0,0,0
100460,38,164,West,30.0,Luxury,Debit,Tablet,0,0,0,0
100461,66,77,West,65.48,Groceries,Credit,Mobile,1,0,0,0
100462,28,177,Northeast,304.91,Clothing,Digital Wallet,Tablet,1,0,0,0
100463,50,89,Northeast,14.06,Luxury,Credit,Desktop,0,0,0,0
100464,63,101,South,111.17,Online Services,Credit,Mobile,2,0,1,0
100465,20,138,South,3.38,Online Services,Debit,Tablet,2,0,0,0
100466,40,51,South,3.17,Luxury,Digital Wallet,Tablet,4,0,0,0
100467,21,1,West,73.82,Travel,Debit,Desktop,1,0,0,0
100468,59,87,South,151.04,Gas,Credit,Tablet,1,0,0,0
100469,46,98,South,48.65,Luxury,Debit,Tablet,2,0,0,0
100470,71,144,West,16.69,Clothing,Debit,Desktop,1,0,3,0
100471,33,46,South,43.76,Travel,Digital Wallet,Desktop,1,0,0,0
100472,70,159,South,172.8,Gas,Credit,Tablet,0,0,0,0
100473,63,140,Northeast,299.48,Restaurants,Digital Wallet,Tablet,1,1,0,0
100474,56,71,Northeast,232.47,Clothing,Digital Wallet,Mobile,2,0,1,0
100475,27,168,Northeast,80.9,Travel,Digital Wallet,Mobile,2,0,0,0
100476,59,22,South,107.02,Groceries,Digital Wallet,Desktop,2,0,1,0
100477,59,169,West,16.66,Groceries,Debit,Desktop,2,0,0,0
100478,54,144,West,50.35,Gas,Digital Wallet,Mobile,3,0,1,0
100479,58,173,Midwest,217.34,Gas,Debit,Desktop,2,0,0,0
100480,30,129,Midwest,339.25,Restaurants,Digital Wallet,Tablet,1,0,0,0
100481,52,136,Northeast,107.82,Luxury,Debit,Mobile,4,0,1,0
100482,54,77,South,85.33,Luxury,Credit,Desktop,1,0,0,0
100483,40,174,South,416.36,Clothing,Digital Wallet,Mobile,6,0,1,0
100484,23,109,West,48.69,Travel,Digital Wallet,Tablet,5,0,0,0
100485,33,49,West,38.09,Restaurants,Credit,Desktop,1,0,0,0
100486,21,112,Midwest,1.36,Online Services,Debit,Tablet,0,0,0,0
100487,55,156,West,87.78,Gas,Digital Wallet,Desktop,2,0,0,0
100488,68,123,Midwest,13.43,Travel,Debit,Mobile,4,0,0,1
100489,40,31,Northeast,37.99,Travel,Debit,Tablet,2,1,0,0
100490,64,62,Midwest,102.04,Restaurants,Debit,Tablet,3,1,0,0
100491,32,95,South,41.45,Gas,Digital Wallet,Tablet,3,0,1,0
100492,54,82,Northeast,134.64,Online Services,Digital Wallet,Desktop,1,0,2,0
100493,37,121,South,57.9,Groceries,Digital Wallet,Tablet,3,0,0,0
100494,68,114,South,87.62,Restaurants,Digital Wallet,Mobile,2,1,0,1
100495,62,73,West,99.57,Travel,Debit,Mobile,4,0,0,0
100496,55,142,Midwest,14.8,Gas,Credit,Mobile,3,0,0,0
100497,64,22,Midwest,259.26,Restaurants,Debit,Desktop,1,0,0,0
100498,41,38,West,20.03,Online Services,Credit,Tablet,2,0,0,0
100499,23,29,Midwest,169.16,Travel,Credit,Desktop,2,0,0,0
100500,42,105,West,52.45,Online Services,Debit,Mobile,4,1,0,0
100501,29,133,South,19.24,Luxury,Digital Wallet,Desktop,0,0,0,0
100502,44,69,South,37.46,Luxury,Debit,Tablet,4,0,0,0
100503,71,158,South,1.31,Travel,Digital Wallet,Desktop,4,0,1,0
100504,52,117,Midwest,86.62,Online Services,Debit,Mobile,0,0,2,0
100505,34,131,South,264.87,Clothing,Credit,Tablet,2,0,0,0
100506,59,35,Northeast,110.03,Travel,Digital Wallet,Desktop,1,1,0,0
100507,37,112,West,42.32,Gas,Credit,Mobile,1,0,0,0
100508,52,7,Midwest,221.18,Restaurants,Debit,Tablet,2,0,0,0
100509,68,97,South,41.62,Restaurants,Debit,Tablet,2,0,0,0
100510,28,71,Midwest,8.61,Gas,Debit,Desktop,0,1,0,0
100511,22,60,Midwest,84.5,Luxury,Digital Wallet,Desktop,1,0,0,0
100512,21,11,Midwest,231.16,Luxury,Digital Wallet,Tablet,1,0,0,0
100513,22,151,Northeast,39.53,Gas,Digital Wallet,Mobile,4,1,0,0
100514,58,113,South,440.77,Travel,Digital Wallet,Mobile,4,0,0,0
100515,25,101,West,40.77,Travel,Credit,Tablet,1,1,1,1
100516,60,91,South,179.48,Clothing,Credit,Desktop,2,0,0,0
100517,66,168,Northeast,57.91,Luxury,Digital Wallet,Desktop,1,0,1,0
100518,20,176,Midwest,17.84,Groceries,Digital Wallet,Tablet,3,0,0,0
100519,57,129,West,488.27,Restaurants,Digital Wallet,Desktop,2,0,1,0
100520,74,76,West,156.9,Gas,Debit,Tablet,2,1,0,0
100521,28,81,Midwest,56.3,Electronics,Digital Wallet,Mobile,2,0,0,0
100522,26,124,West,50.52,Restaurants,Debit,Tablet,1,0,0,0
100523,47,35,Northeast,44.29,Luxury,Credit,Tablet,5,0,0,0
100524,22,53,West,165.05,Travel,Debit,Tablet,1,0,0,0
100525,18,174,Midwest,109.47,Luxury,Credit,Desktop,2,0,0,0
100526,70,37,Midwest,269.47,Gas,Credit,Mobile,2,0,1,0
100527,67,101,West,52.16,Clothing,Debit,Mobile,3,0,1,0
100528,41,123,South,37.08,Restaurants,Credit,Mobile,1,0,1,1
100529,38,56,Midwest,40.21,Groceries,Credit,Desktop,3,0,0,0
100530,47,23,South,131.3,Travel,Credit,Mobile,2,0,2,0
100531,49,152,Northeast,83.6,Luxury,Digital Wallet,Mobile,2,0,1,0
100532,66,28,Northeast,32.89,Online Services,Credit,Tablet,1,0,2,0
100533,67,78,West,73.02,Clothing,Digital Wallet,Tablet,1,0,0,0
100534,66,176,South,22.11,Travel,Credit,Desktop,2,0,1,0
100535,60,98,West,345.75,Luxury,Credit,Tablet,2,0,0,0
100536,40,179,Midwest,82.18,Electronics,Debit,Desktop,2,0,0,0
100537,48,63,South,58.54,Restaurants,Debit,Desktop,0,0,0,0
100538,68,95,South,36.75,Groceries,Credit,Mobile,4,0,0,0
100539,18,55,West,249.7,Clothing,Debit,Tablet,1,0,0,0
100540,52,6,West,348.35,Groceries,Digital Wallet,Desktop,2,0,0,0
100541,38,45,West,9.27,Travel,Digital Wallet,Mobile,0,1,1,0
100542,33,151,Midwest,10.09,Online Services,Digital Wallet,Mobile,2,0,0,0
100543,38,150,West,103.75,Restaurants,Digital Wallet,Desktop,2,0,0,0
100544,35,37,South,115.32,Clothing,Credit,Mobile,2,1,0,0
100545,28,167,Northeast,196.4,Travel,Credit,Desktop,3,0,0,0
100546,18,155,South,58.32,Travel,Digital Wallet,Mobile,1,0,0,0
100547,18,176,Northeast,34.1,Clothing,Digital Wallet,Desktop,3,0,1,0
100548,52,35,Northeast,78.38,Online Services,Debit,Mobile,3,0,2,0
100549,53,51,South,231.96,Luxury,Credit,Tablet,3,1,0,0
100550,73,23,Northeast,78.18,Restaurants,Digital Wallet,Desktop,3,0,1,0
100551,72,122,West,57.96,Gas,Debit,Mobile,2,0,0,0
100552,46,141,South,67.06,Online Services,Credit,Tablet,2,0,0,0
100553,59,30,West,79.8,Gas,Credit,Desktop,1,0,1,0
100554,53,45,West,191.66,Travel,Digital Wallet,Mobile,1,1,0,0
100555,39,61,South,107.41,Travel,Credit,Desktop,3,0,0,0
100556,56,179,West,25.25,Electronics,Debit,Mobile,2,0,1,0
100557,63,52,West,43.42,Clothing,Credit,Desktop,1,0,2,0
100558,42,92,West,12.19,Gas,Digital Wallet,Mobile,2,0,0,0
100559,40,116,Midwest,40.46,Groceries,Debit,Tablet,3,0,0,0
100560,41,179,West,358.5,Electronics,Digital Wallet,Tablet,0,0,3,0
100561,46,5,West,51.67,Gas,Credit,Tablet,1,0,0,0
100562,69,149,Midwest,69.65,Gas,Debit,Mobile,0,0,0,1
100563,29,139,Midwest,36.42,Travel,Debit,Mobile,6,0,0,0
100564,74,134,West,76.83,Luxury,Debit,Tablet,2,1,0,0
100565,29,44,South,153.34,Gas,Credit,Tablet,5,0,0,0
100566,71,163,South,557.23,Restaurants,Credit,Mobile,1,0,0,0
100567,40,8,West,93.98,Groceries,Credit,Mobile,2,0,2,0
100568,46,49,South,301.42,Restaurants,Digital Wallet,Mobile,1,0,1,0
100569,54,143,West,28.92,Restaurants,Debit,Tablet,1,0,0,0
100570,20,2,West,217.25,Groceries,Digital Wallet,Tablet,3,0,0,0
100571,47,104,West,1.81,Electronics,Debit,Mobile,0,0,0,0
100572,57,1,West,42.27,Gas,Digital Wallet,Mobile,3,0,1,0
100573,59,107,West,56.46,Gas,Debit,Mobile,4,0,0,0
100574,72,47,Midwest,82.06,Electronics,Debit,Tablet,4,0,1,0
100575,60,52,South,127.86,Online Services,Digital Wallet,Mobile,3,0,2,0
100576,26,160,Midwest,291.71,Travel,Debit,Desktop,4,0,1,0
100577,56,28,West,204.81,Restaurants,Digital Wallet,Desktop,2,1,1,0
100578,44,157,South,138.67,Luxury,Credit,Desktop,3,0,0,0
100579,35,103,West,33.0,Travel,Credit,Desktop,0,0,0,0
100580,34,133,West,22.67,Travel,Digital Wallet,Desktop,2,0,1,1
100581,25,47,Midwest,50.08,Travel,Digital Wallet,Tablet,4,1,0,0
100582,72,94,South,34.28,Restaurants,Digital Wallet,Desktop,1,0,0,0
100583,74,106,South,60.24,Restaurants,Credit,Mobile,1,0,0,0
100584,71,19,South,138.41,Gas,Debit,Desktop,0,0,1,0
100585,22,6,South,33.55,Online Services,Credit,Desktop,1,1,0,0
100586,64,164,South,18.54,Electronics,Digital Wallet,Tablet,2,0,0,0
100587,21,25,West,287.48,Groceries,Debit,Tablet,0,0,0,0
100588,66,118,Midwest,2.04,Groceries,Digital Wallet,Desktop,1,0,1,0
100589,41,150,Midwest,87.92,Clothing,Debit,Tablet,6,1,0,1
100590,64,38,South,124.1,Travel,Digital Wallet,Tablet,2,1,1,0
100591,46,7,West,184.68,Clothing,Digital Wallet,Desktop,1,0,1,1
100592,62,141,Northeast,35.42,Travel,Credit,Mobile,3,1,1,0
100593,54,17,South,65.87,Travel,Debit,Desktop,3,0,0,0
100594,49,60,Northeast,183.69,Groceries,Digital Wallet,Tablet,3,0,0,1
100595,66,75,Northeast,50.98,Groceries,Debit,Mobile,1,1,0,1
100596,58,45,Midwest,116.8,Restaurants,Digital Wallet,Tablet,1,0,0,0
100597,39,96,Northeast,69.31,Luxury,Debit,Desktop,2,0,1,0
100598,18,68,Northeast,29.26,Electronics,Credit,Tablet,2,0,0,0
100599,46,34,Northeast,69.33,Restaurants,Credit,Tablet,2,0,0,0
100600,25,66,Midwest,179.51,Luxury,Credit,Tablet,3,0,0,0
100601,61,12,Northeast,58.66,Online Services,Debit,Tablet,2,0,0,1
100602,44,6,West,139.91,Groceries,Digital Wallet,Desktop,3,1,0,1
100603,23,114,West,14.81,Online Services,Debit,Mobile,2,0,0,0
100604,30,7,West,28.26,Groceries,Digital Wallet,Desktop,3,0,1,0
100605,19,68,Northeast,184.64,Travel,Credit,Desktop,0,0,0,0
100606,39,120,Northeast,234.12,Restaurants,Debit,Mobile,3,0,1,0
100607,43,120,West,13.51,Travel,Debit,Tablet,2,0,1,0
100608,70,137,West,148.62,Online Services,Debit,Mobile,5,0,0,0
100609,67,129,Northeast,126.71,Gas,Digital Wallet,Mobile,2,0,0,0
100610,43,134,South,46.64,Groceries,Debit,Mobile,0,1,1,1
100611,72,150,South,100.42,Luxury,Debit,Desktop,3,0,0,0
100612,39,86,Midwest,1.31,Restaurants,Credit,Desktop,2,0,0,0
100613,56,73,South,48.36,Gas,Debit,Mobile,4,0,0,0
100614,61,69,South,309.05,Restaurants,Digital Wallet,Tablet,3,0,1,0
100615,74,93,Northeast,122.83,Restaurants,Credit,Tablet,2,0,0,0
100616,55,90,South,138.2,Restaurants,Debit,Desktop,2,0,0,0
100617,43,34,West,105.53,Travel,Credit,Desktop,4,1,0,1
100618,22,71,Northeast,65.51,Luxury,Credit,Tablet,0,1,0,0
100619,47,127,South,530.83,Online Services,Credit,Desktop,1,0,0,0
100620,40,144,West,70.3,Gas,Debit,Mobile,3,0,0,0
100621,50,8,South,62.01,Luxury,Credit,Mobile,5,0,2,1
100622,40,30,West,42.67,Travel,Digital Wallet,Tablet,3,1,0,0
100623,52,161,West,133.22,Luxury,Credit,Desktop,3,0,0,0
100624,28,163,Northeast,39.0,Electronics,Credit,Mobile,0,0,0,0
100625,31,86,West,73.84,Restaurants,Debit,Mobile,1,0,0,0
100626,53,78,South,25.98,Groceries,Credit,Mobile,2,0,0,0
100627,51,97,Northeast,63.89,Clothing,Credit,Tablet,0,0,0,0
100628,56,115,Midwest,2.39,Online Services,Digital Wallet,Desktop,4,0,0,0
100629,57,24,Northeast,343.85,Gas,Credit,Mobile,1,0,0,0
100630,66,122,South,44.65,Luxury,Debit,Mobile,3,0,1,0
100631,34,71,South,337.81,Clothing,Credit,Tablet,1,1,0,0
100632,22,41,Midwest,33.94,Online Services,Debit,Desktop,2,1,1,0
100633,41,110,West,93.31,Groceries,Credit,Desktop,4,0,1,0
100634,18,158,Midwest,271.89,Groceries,Debit,Desktop,0,0,0,0
100635,36,44,Midwest,50.95,Groceries,Debit,Desktop,1,0,1,0
100636,27,46,Northeast,81.55,Clothing,Digital Wallet,Tablet,3,0,0,0
100637,24,101,South,75.86,Gas,Credit,Tablet,1,1,0,0
100638,35,106,Northeast,304.52,Groceries,Digital Wallet,Tablet,3,0,0,0
100639,20,106,South,58.89,Groceries,Credit,Mobile,3,0,1,0
100640,32,166,West,204.89,Electronics,Debit,Tablet,1,0,0,0
100641,64,138,South,194.05,Online Services,Debit,Tablet,0,0,1,0
100642,20,58,Northeast,294.77,Restaurants,Digital Wallet,Mobile,1,0,0,0
100643,49,120,South,124.38,Gas,Debit,Desktop,2,0,1,0
100644,26,5,Midwest,25.39,Electronics,Digital Wallet,Mobile,6,0,0,0
100645,31,127,South,15.85,Electronics,Digital Wallet,Mobile,2,0,1,0
100646,46,33,South,317.69,Groceries,Credit,Tablet,2,0,0,0
100647,59,11,Midwest,319.11,Groceries,Credit,Mobile,2,0,0,0
100648,44,174,West,66.14,Online Services,Digital Wallet,Tablet,1,1,0,0
100649,57,170,West,23.73,Online Services,Debit,Tablet,0,1,0,0
100650,36,28,Northeast,181.54,Clothing,Credit,Mobile,1,1,0,0
100651,38,92,South,68.15,Luxury,Debit,Tablet,4,0,0,0
100652,41,9,Midwest,36.35,Gas,Digital Wallet,Tablet,1,0,1,0
100653,73,138,Northeast,475.79,Clothing,Digital Wallet,Desktop,2,0,0,1
100654,46,11,Midwest,95.72,Gas,Digital Wallet,Tablet,1,1,0,0
100655,46,23,South,20.47,Groceries,Debit,Desktop,2,0,0,0
100656,33,173,Midwest,2.37,Groceries,Debit,Desktop,2,0,0,0
100657,63,10,West,289.84,Online Services,Credit,Mobile,2,1,0,0
100658,51,120,West,72.98,Online Services,Debit,Tablet,3,0,0,0
100659,18,171,Northeast,2.32,Electronics,Debit,Tablet,1,0,0,0
100660,19,110,West,70.45,Online Services,Debit,Mobile,3,0,1,0
100661,42,122,Northeast,259.73,Groceries,Credit,Tablet,4,0,0,0
100662,57,136,West,85.88,Restaurants,Credit,Tablet,4,0,0,0
100663,54,157,Midwest,13.95,Online Services,Digital Wallet,Desktop,4,0,0,0
100664,60,138,South,112.44,Clothing,Digital Wallet,Mobile,3,0,1,0
100665,65,46,Northeast,264.01,Gas,Credit,Desktop,4,1,0,0
100666,40,170,West,381.21,Groceries,Debit,Desktop,2,0,1,0
100667,61,83,South,17.32,Restaurants,Credit,Mobile,3,1,1,0
100668,19,94,South,34.51,Groceries,Digital Wallet,Desktop,1,0,0,0
100669,38,106,Midwest,113.31,Restaurants,Credit,Mobile,3,1,0,1
100670,26,75,South,41.93,Restaurants,Digital Wallet,Desktop,5,0,0,0
100671,41,20,West,210.26,Restaurants,Digital Wallet,Tablet,0,0,0,0
100672,64,173,West,275.33,Gas,Digital Wallet,Mobile,1,0,0,0
100673,69,167,South,247.64,Online Services,Debit,Mobile,0,0,0,0
100674,45,77,Midwest,100.43,Groceries,Digital Wallet,Tablet,1,0,1,0
100675,53,116,West,23.19,Clothing,Credit,Desktop,2,0,1,0
100676,32,60,South,93.58,Gas,Debit,Mobile,2,0,0,0
100677,40,44,West,29.37,Clothing,Debit,Mobile,1,0,2,1
100678,70,44,South,62.45,Groceries,Debit,Mobile,3,0,0,0
100679,43,158,West,160.41,Online Services,Credit,Tablet,3,0,0,0
100680,71,171,Midwest,156.25,Electronics,Digital Wallet,Tablet,1,0,0,0
100681,73,90,Northeast,42.45,Restaurants,Credit,Tablet,5,0,0,0
100682,43,61,Northeast,200.88,Clothing,Credit,Mobile,1,1,1,0
100683,64,27,Midwest,157.29,Travel,Digital Wallet,Tablet,1,0,0,0
100684,48,39,Northeast,68.38,Groceries,Debit,Tablet,1,0,0,0
100685,60,119,Northeast,52.73,Gas,Digital Wallet,Desktop,1,0,0,0
100686,30,179,Northeast,65.24,Groceries,Debit,Tablet,3,0,2,0
100687,64,122,West,131.8,Travel,Debit,Desktop,2,0,1,0
100688,63,142,West,427.2,Luxury,Debit,Desktop,2,0,1,0
100689,41,136,West,0.11,Groceries,Debit,Desktop,0,0,1,0
100690,56,134,Midwest,329.43,Groceries,Debit,Desktop,2,1,0,1
100691,74,64,Northeast,244.34,Groceries,Digital Wallet,Tablet,2,0,0,0
100692,42,83,Midwest,100.23,Travel,Credit,Desktop,2,0,1,0
100693,40,144,Northeast,4.4,Clothing,Debit,Mobile,1,0,0,0
100694,45,54,Northeast,12.54,Restaurants,Digital Wallet,Desktop,2,0,0,0
100695,20,48,Midwest,182.36,Clothing,Debit,Mobile,4,0,0,1
100696,68,170,South,86.79,Luxury,Debit,Desktop,3,0,0,0
100697,36,12,Northeast,65.42,Clothing,Debit,Mobile,1,0,0,0
100698,61,159,West,132.86,Restaurants,Debit,Mobile,3,1,0,0
100699,55,57,West,38.31,Clothing,Credit,Desktop,0,0,0,0
100700,35,96,Northeast,47.11,Groceries,Digital Wallet,Desktop,2,0,0,1
100701,70,27,Northeast,137.57,Electronics,Credit,Tablet,3,0,0,0
100702,35,79,South,199.08,Restaurants,Debit,Tablet,1,0,0,0
100703,22,104,Midwest,380.59,Online Services,Debit,Tablet,0,0,0,0
100704,43,45,South,367.76,Electronics,Debit,Mobile,1,0,0,0
100705,47,177,Northeast,158.13,Travel,Credit,Tablet,2,0,2,0
100706,29,156,Midwest,288.12,Restaurants,Debit,Tablet,0,0,0,0
100707,55,102,Northeast,14.03,Gas,Credit,Mobile,0,0,1,0
100708,49,86,South,299.3,Electronics,Debit,Mobile,0,1,0,0
100709,21,35,Northeast,0.71,Groceries,Debit,Mobile,1,0,0,0
100710,48,117,Midwest,175.3,Travel,Credit,Mobile,2,1,0,0
100711,31,67,Northeast,86.75,Groceries,Credit,Tablet,1,0,1,0
100712,23,140,West,109.38,Clothing,Credit,Tablet,2,0,0,0
100713,74,132,Northeast,135.91,Groceries,Digital Wallet,Desktop,1,0,0,0
100714,57,25,Midwest,167.36,Travel,Digital Wallet,Tablet,1,0,0,0
100715,18,84,South,16.8,Gas,Credit,Tablet,2,0,0,1
100716,60,112,South,141.25,Clothing,Digital Wallet,Desktop,2,0,0,0
100717,62,160,South,55.94,Luxury,Credit,Desktop,3,0,2,1
100718,74,74,West,191.91,Electronics,Credit,Mobile,2,0,0,0
100719,33,167,West,101.51,Luxury,Credit,Desktop,2,0,0,0
100720,71,39,Midwest,78.29,Gas,Digital Wallet,Mobile,2,0,0,1
100721,54,39,Northeast,63.54,Clothing,Digital Wallet,Desktop,0,0,1,0
100722,62,49,Northeast,4.32,Clothing,Credit,Mobile,2,0,0,0
100723,31,37,South,445.01,Travel,Debit,Mobile,1,0,0,0
100724,50,51,West,30.95,Luxury,Digital Wallet,Mobile,1,1,0,0
100725,70,81,Northeast,19.92,Online Services,Debit,Desktop,2,0,0,0
100726,73,121,Midwest,109.66,Online Services,Credit,Mobile,2,0,0,0
100727,50,118,Northeast,26.62,Travel,Credit,Mobile,2,0,1,0
100728,72,126,South,290.37,Electronics,Credit,Desktop,2,0,0,0
100729,29,173,South,254.52,Clothing,Digital Wallet,Tablet,2,0,0,0
100730,61,15,West,129.0,Luxury,Digital Wallet,Tablet,2,0,1,0
100731,19,174,South,65.54,Online Services,Digital Wallet,Desktop,2,0,0,0
100732,50,46,South,19.61,Groceries,Digital Wallet,Desktop,1,0,0,0
100733,57,125,Northeast,29.32,Restaurants,Digital Wallet,Tablet,0,1,0,0
100734,24,171,Northeast,14.14,Travel,Digital Wallet,Desktop,2,0,0,0
100735,66,117,Midwest,17.29,Groceries,Debit,Mobile,3,1,0,0
100736,21,95,West,160.64,Luxury,Credit,Desktop,3,0,0,0
100737,56,166,West,23.0,Restaurants,Debit,Tablet,1,0,0,0
100738,73,49,Midwest,17.41,Luxury,Credit,Tablet,2,0,0,0
100739,48,176,Northeast,112.79,Travel,Debit,Desktop,4,0,0,0
100740,22,18,West,81.74,Travel,Debit,Mobile,5,0,0,0
100741,45,82,West,72.47,Groceries,Debit,Desktop,1,0,0,0
100742,58,8,Northeast,79.21,Online Services,Credit,Tablet,0,0,0,0
100743,48,45,Northeast,11.05,Groceries,Credit,Tablet,4,0,1,0
100744,44,70,Midwest,113.01,Clothing,Debit,Desktop,3,0,0,0
100745,64,73,Northeast,14.93,Luxury,Debit,Mobile,2,1,0,0
100746,73,9,Northeast,99.38,Luxury,Debit,Mobile,0,1,1,0
100747,59,88,West,20.64,Clothing,Credit,Tablet,3,0,0,0
100748,72,164,West,255.72,Electronics,Debit,Mobile,1,0,2,0
100749,69,12,Midwest,58.67,Online Services,Debit,Tablet,2,0,0,0
100750,44,116,West,204.05,Online Services,Digital Wallet,Tablet,2,0,0,0
100751,45,133,Northeast,2.65,Clothing,Debit,Mobile,0,1,0,0
100752,43,178,Northeast,327.9,Clothing,Debit,Mobile,2,1,0,0
100753,20,51,West,55.16,Travel,Credit,Desktop,2,0,0,0
100754,39,85,West,709.19,Online Services,Debit,Mobile,2,0,0,0
100755,62,152,South,236.14,Online Services,Credit,Mobile,2,0,0,0
100756,38,166,West,29.84,Electronics,Debit,Tablet,3,0,0,0
100757,28,118,South,14.13,Restaurants,Digital Wallet,Desktop,1,1,0,0
100758,67,94,South,34.87,Online Services,Digital Wallet,Mobile,1,0,1,0
100759,51,154,West,54.53,Groceries,Digital Wallet,Tablet,1,0,1,0
100760,55,164,South,45.62,Electronics,Digital Wallet,Mobile,2,0,1,0
100761,62,177,Midwest,391.03,Gas,Debit,Mobile,2,0,1,0
100762,67,28,West,101.68,Clothing,Digital Wallet,Tablet,1,0,0,0
100763,36,148,South,168.93,Online Services,Credit,Tablet,3,0,1,0
100764,63,86,West,99.52,Clothing,Credit,Tablet,0,0,0,0
100765,35,98,Midwest,98.73,Electronics,Digital Wallet,Tablet,1,0,0,0
100766,73,76,West,17.14,Groceries,Debit,Mobile,1,0,0,0
100767,64,142,Midwest,105.77,Gas,Credit,Tablet,0,1,1,0
100768,35,43,South,247.34,Gas,Digital Wallet,Mobile,3,0,0,0
100769,52,34,Northeast,63.01,Luxury,Debit,Desktop,3,0,0,0
100770,26,158,Midwest,246.74,Groceries,Debit,Mobile,1,1,0,1
100771,72,99,West,77.46,Online Services,Credit,Desktop,3,0,0,0
100772,31,11,South,112.88,Online Services,Digital Wallet,Tablet,3,0,0,0
100773,65,47,South,3.77,Online Services,Debit,Desktop,3,0,0,0
100774,23,62,Northeast,149.08,Online Services,Credit,Mobile,3,0,0,0
100775,40,121,South,191.24,Gas,Credit,Mobile,2,0,1,0
100776,58,88,Midwest,186.2,Electronics,Digital Wallet,Desktop,7,0,0,1
100777,69,58,Midwest,257.51,Groceries,Debit,Tablet,0,0,0,0
100778,36,56,West,68.46,Electronics,Credit,Mobile,2,1,0,0
100779,19,176,Northeast,372.45,Clothing,Digital Wallet,Mobile,0,1,0,0
100780,63,133,Midwest,46.1,Luxury,Digital Wallet,Mobile,3,0,0,0
100781,71,48,Midwest,199.15,Luxury,Credit,Mobile,1,1,0,0
100782,50,160,West,113.41,Luxury,Digital Wallet,Tablet,3,1,0,0
100783,70,141,South,628.67,Restaurants,Digital Wallet,Mobile,3,0,0,0
100784,69,29,Northeast,84.12,Clothing,Digital Wallet,Desktop,3,0,0,0
100785,25,26,Midwest,95.95,Groceries,Debit,Desktop,2,1,1,1
100786,22,25,Midwest,43.53,Online Services,Debit,Mobile,1,0,0,0
100787,47,108,Northeast,61.13,Online Services,Credit,Mobile,2,1,0,0
100788,30,167,Midwest,495.22,Luxury,Digital Wallet,Mobile,0,0,0,1
100789,54,170,Midwest,163.8,Restaurants,Credit,Tablet,1,0,0,0
100790,18,8,Northeast,125.08,Gas,Credit,Desktop,1,0,0,0
100791,55,73,Northeast,485.94,Clothing,Digital Wallet,Tablet,1,0,0,1
100792,20,5,Northeast,128.74,Online Services,Digital Wallet,Desktop,4,0,0,0
100793,65,172,South,18.19,Online Services,Debit,Tablet,1,1,1,0
100794,39,106,South,8.27,Gas,Digital Wallet,Tablet,2,0,1,0
100795,40,111,Northeast,2.95,Gas,Credit,Mobile,0,1,0,0
100796,27,179,Northeast,300.32,Clothing,Digital Wallet,Mobile,2,0,0,0
100797,48,108,Midwest,260.2,Restaurants,Credit,Desktop,3,0,0,0
100798,40,8,South,290.1,Electronics,Credit,Desktop,2,0,1,0
100799,73,25,Midwest,14.12,Luxury,Credit,Desktop,2,0,0,0
100800,71,32,Midwest,199.79,Luxury,Credit,Desktop,0,0,0,0
100801,41,104,South,55.29,Travel,Credit,Tablet,5,0,0,0
100802,61,107,South,19.47,Groceries,Digital Wallet,Tablet,1,0,0,0
100803,70,23,South,58.02,Gas,Digital Wallet,Mobile,2,0,0,0
100804,28,140,West,13.94,Restaurants,Digital Wallet,Tablet,2,0,1,0
100805,26,64,South,38.01,Travel,Digital Wallet,Desktop,1,0,0,0
100806,29,116,Northeast,19.62,Online Services,Debit,Desktop,4,0,0,0
100807,73,37,Midwest,69.29,Restaurants,Credit,Desktop,6,1,0,0
100808,57,45,Northeast,42.29,Restaurants,Debit,Desktop,1,0,0,0
100809,74,42,Midwest,79.36,Groceries,Digital Wallet,Desktop,2,0,0,0
100810,21,59,West,16.3,Restaurants,Debit,Desktop,2,1,0,0
100811,65,72,West,209.93,Clothing,Credit,Tablet,4,0,0,0
100812,69,137,South,218.71,Groceries,Digital Wallet,Mobile,2,0,0,0
100813,25,7,Northeast,11.47,Gas,Digital Wallet,Desktop,0,0,1,0
100814,66,59,West,273.0,Gas,Debit,Desktop,3,0,0,0
100815,34,72,Midwest,9.85,Clothing,Debit,Desktop,2,0,1,0
100816,24,5,Midwest,11.19,Gas,Debit,Tablet,4,0,0,0
100817,25,83,Midwest,64.76,Groceries,Credit,Desktop,5,0,0,0
100818,31,26,West,410.98,Travel,Debit,Tablet,5,0,1,0
100819,34,1,South,49.34,Clothing,Credit,Tablet,3,1,0,1
100820,20,54,South,106.73,Luxury,Credit,Tablet,1,1,0,1
100821,57,76,West,49.65,Gas,Digital Wallet,Tablet,3,1,0,0
100822,22,83,Midwest,346.65,Electronics,Credit,Desktop,2,0,0,0
100823,20,57,Midwest,51.49,Online Services,Debit,Desktop,0,0,0,0
100824,47,10,West,57.11,Clothing,Debit,Mobile,2,0,0,1
100825,55,32,South,125.28,Electronics,Credit,Desktop,2,0,0,0
100826,31,30,West,40.42,Clothing,Debit,Tablet,2,0,1,0
100827,42,85,Northeast,39.16,Groceries,Credit,Mobile,1,0,0,0
100828,18,19,West,14.37,Luxury,Credit,Mobile,3,0,0,0
100829,39,150,Midwest,86.65,Gas,Debit,Mobile,2,0,0,0
100830,53,34,South,134.19,Groceries,Digital Wallet,Tablet,0,1,0,0
100831,61,129,Midwest,63.99,Gas,Credit,Mobile,1,0,1,0
100832,65,69,West,279.67,Gas,Credit,Mobile,3,0,1,0
100833,44,105,Midwest,35.18,Clothing,Credit,Desktop,1,0,0,0
100834,47,128,West,139.27,Clothing,Digital Wallet,Mobile,2,0,0,0
100835,33,23,South,118.9,Travel,Digital Wallet,Tablet,4,0,0,0
100836,22,16,West,103.24,Gas,Credit,Mobile,4,0,1,0
100837,39,82,West,30.02,Electronics,Credit,Tablet,6,0,1,0
100838,64,6,Midwest,170.33,Restaurants,Digital Wallet,Mobile,6,0,0,0
100839,45,77,Midwest,136.06,Groceries,Debit,Mobile,2,0,0,0
100840,62,107,Northeast,543.52,Travel,Digital Wallet,Tablet,2,0,0,1
100841,74,85,West,148.55,Restaurants,Credit,Tablet,4,1,1,0
100842,28,161,Midwest,37.65,Clothing,Credit,Mobile,2,0,0,0
100843,45,102,Midwest,17.89,Online Services,Credit,Tablet,1,1,0,0
100844,18,41,West,122.34,Clothing,Credit,Mobile,1,0,0,0
100845,39,34,West,441.08,Luxury,Debit,Desktop,1,0,0,0
100846,43,168,West,13.31,Restaurants,Credit,Tablet,1,0,0,0
100847,63,118,South,41.78,Restaurants,Debit,Tablet,0,0,0,0
100848,21,143,West,4.84,Electronics,Debit,Tablet,1,1,0,1
100849,23,65,Midwest,19.73,Electronics,Digital Wallet,Mobile,0,0,0,0
100850,18,166,Northeast,5.83,Groceries,Credit,Mobile,2,0,0,0
100851,63,125,West,45.34,Restaurants,Digital Wallet,Desktop,1,0,0,0
100852,35,176,Midwest,25.61,Clothing,Credit,Mobile,3,0,0,0
100853,28,112,West,1.78,Groceries,Credit,Tablet,3,1,0,0
100854,57,166,West,10.99,Electronics,Credit,Tablet,4,0,0,0
100855,41,59,Northeast,133.94,Gas,Debit,Desktop,2,0,1,0
100856,57,162,South,51.97,Groceries,Credit,Mobile,2,0,0,0
100857,20,71,Midwest,21.46,Gas,Credit,Mobile,1,0,0,0
100858,37,48,Northeast,239.6,Gas,Debit,Mobile,3,1,0,0
100859,40,61,Midwest,67.53,Gas,Digital Wallet,Tablet,2,0,0,0
100860,30,30,Midwest,425.82,Groceries,Credit,Desktop,2,0,1,0
100861,70,173,Northeast,160.32,Restaurants,Debit,Tablet,2,0,0,0
100862,42,118,Northeast,50.27,Gas,Debit,Mobile,3,0,0,0
100863,20,118,West,76.36,Groceries,Digital Wallet,Mobile,3,0,0,0
100864,25,116,South,95.49,Gas,Credit,Desktop,3,0,0,0
100865,46,173,West,106.49,Online Services,Digital Wallet,Mobile,3,0,0,0
100866,55,51,South,198.54,Clothing,Debit,Tablet,1,0,1,0
100867,25,160,West,11.01,Restaurants,Debit,Tablet,0,0,0,0
100868,68,49,South,312.42,Clothing,Debit,Tablet,4,0,0,0
100869,59,43,West,9.15,Clothing,Credit,Tablet,1,0,1,0
100870,53,11,Northeast,177.43,Restaurants,Digital Wallet,Tablet,3,1,1,1
100871,50,163,Northeast,214.23,Electronics,Digital Wallet,Desktop,3,0,0,0
100872,68,72,Northeast,17.28,Gas,Debit,Mobile,3,1,1,0
100873,43,32,South,294.35,Groceries,Debit,Mobile,3,1,1,0
100874,59,61,Northeast,155.81,Gas,Credit,Mobile,1,0,0,0
100875,38,69,Midwest,84.86,Travel,Credit,Desktop,1,0,0,0
100876,69,60,South,129.89,Gas,Digital Wallet,Mobile,1,0,0,0
100877,23,166,South,34.12,Clothing,Credit,Desktop,5,0,1,0
100878,72,89,Midwest,108.63,Groceries,Digital Wallet,Tablet,4,0,1,0
100879,53,23,Midwest,90.84,Groceries,Credit,Mobile,2,0,2,0
100880,33,26,Midwest,176.55,Travel,Credit,Desktop,3,0,0,0
100881,58,151,Northeast,80.44,Travel,Digital Wallet,Mobile,2,0,1,0
100882,22,150,West,21.21,Clothing,Digital Wallet,Mobile,1,0,0,0
100883,45,97,West,129.62,Gas,Digital Wallet,Tablet,4,0,1,0
100884,26,56,South,140.88,Restaurants,Digital Wallet,Tablet,2,0,1,0
100885,19,71,South,48.44,Online Services,Digital Wallet,Tablet,4,0,0,0
100886,38,115,Midwest,65.81,Clothing,Credit,Tablet,1,0,0,0
100887,20,50,West,20.74,Luxury,Debit,Tablet,2,0,1,0
100888,64,16,South,545.2,Groceries,Debit,Mobile,4,0,1,1
100889,61,127,Midwest,2.73,Gas,Debit,Tablet,1,0,0,0
100890,31,92,Northeast,62.97,Electronics,Debit,Desktop,2,0,0,0
100891,26,20,South,132.9,Clothing,Digital Wallet,Tablet,0,0,0,0
100892,39,58,Midwest,130.08,Electronics,Digital Wallet,Desktop,3,0,0,0
100893,29,161,Midwest,95.58,Gas,Debit,Desktop,4,0,0,0
100894,18,75,West,111.05,Luxury,Debit,Mobile,3,0,0,0
100895,28,43,Northeast,143.68,Luxury,Digital Wallet,Mobile,6,0,0,0
100896,59,119,West,133.89,Groceries,Credit,Tablet,1,0,0,1
100897,74,15,Midwest,68.57,Online Services,Digital Wallet,Mobile,0,0,0,0
100898,67,15,Northeast,103.76,Online Services,Digital Wallet,Desktop,2,0,1,0
100899,51,33,Midwest,376.43,Online Services,Digital Wallet,Desktop,1,0,1,0
100900,45,140,South,280.06,Travel,Credit,Tablet,2,0,0,0
100901,49,4,Northeast,12.41,Restaurants,Digital Wallet,Desktop,3,0,0,0
100902,29,14,Midwest,59.92,Travel,Credit,Tablet,4,1,0,0
100903,49,134,South,71.16,Gas,Credit,Mobile,3,0,2,0
100904,54,67,Northeast,23.53,Gas,Credit,Desktop,4,0,0,0
100905,51,29,Northeast,208.36,Clothing,Debit,Mobile,2,0,0,0
100906,27,37,Midwest,14.64,Online Services,Debit,Mobile,3,0,0,0
100907,47,129,Midwest,17.75,Gas,Credit,Mobile,6,0,0,0
100908,32,135,Northeast,108.71,Restaurants,Debit,Desktop,1,0,0,0
100909,20,16,South,47.79,Online Services,Digital Wallet,Mobile,2,1,0,0
100910,27,96,West,12.04,Luxury,Credit,Mobile,1,0,0,0
100911,29,83,West,143.94,Travel,Debit,Desktop,1,1,0,0
100912,72,37,South,247.1,Travel,Digital Wallet,Desktop,3,1,0,1
100913,19,114,South,36.65,Luxury,Debit,Desktop,1,0,1,0
100914,52,161,South,335.28,Groceries,Digital Wallet,Mobile,3,0,0,0
100915,35,110,South,31.97,Clothing,Digital Wallet,Mobile,2,0,0,0
100916,23,153,Midwest,23.61,Gas,Credit,Mobile,3,0,0,0
100917,65,67,Northeast,146.98,Gas,Credit,Mobile,2,1,1,1
100918,56,44,Midwest,68.74,Online Services,Debit,Mobile,1,0,0,0
100919,49,101,South,264.47,Luxury,Digital Wallet,Desktop,2,0,0,0
100920,68,100,West,74.73,Groceries,Credit,Desktop,3,0,0,0
100921,32,105,Northeast,13.77,Travel,Debit,Tablet,0,0,0,0
100922,72,41,Midwest,3.31,Clothing,Debit,Mobile,3,0,0,0
100923,74,112,Midwest,3.44,Luxury,Credit,Desktop,1,0,0,0
100924,35,131,West,135.12,Groceries,Credit,Desktop,0,0,1,0
100925,40,73,Northeast,0.66,Travel,Debit,Mobile,0,0,0,0
100926,34,49,West,223.58,Restaurants,Credit,Mobile,4,0,1,0
100927,66,42,Midwest,88.27,Clothing,Credit,Tablet,5,1,0,0
100928,23,3,West,57.06,Luxury,Digital Wallet,Tablet,2,0,0,0
100929,67,167,South,93.09,Luxury,Credit,Mobile,3,1,0,1
100930,57,52,South,132.17,Travel,Credit,Mobile,3,0,0,0
100931,38,132,Midwest,36.0,Groceries,Digital Wallet,Mobile,2,0,0,0
100932,20,68,Midwest,310.67,Luxury,Credit,Desktop,0,0,0,0
100933,40,119,South,23.27,Gas,Debit,Mobile,2,0,0,0
100934,22,32,West,16.42,Travel,Digital Wallet,Mobile,2,0,1,0
100935,64,163,Midwest,118.16,Clothing,Digital Wallet,Tablet,4,0,0,0
100936,51,6,Northeast,156.23,Travel,Credit,Desktop,1,0,0,0
100937,57,56,West,68.43,Clothing,Digital Wallet,Mobile,4,0,0,0
100938,69,36,South,93.18,Electronics,Debit,Mobile,1,0,0,0
100939,50,172,West,66.86,Electronics,Credit,Desktop,0,0,2,0
100940,42,41,South,51.16,Restaurants,Debit,Tablet,1,0,0,0
100941,67,55,South,193.98,Online Services,Digital Wallet,Desktop,2,0,0,0
100942,72,115,Midwest,286.69,Restaurants,Digital Wallet,Desktop,1,0,1,0
100943,28,159,West,36.2,Luxury,Debit,Mobile,2,0,0,0
100944,34,16,Northeast,379.16,Clothing,Debit,Mobile,2,0,0,0
100945,59,98,West,115.27,Travel,Debit,Tablet,3,1,1,0
100946,50,147,South,54.35,Luxury,Credit,Mobile,0,1,2,0
100947,73,96,West,181.8,Online Services,Digital Wallet,Tablet,1,0,0,1
100948,69,30,Midwest,415.71,Gas,Credit,Tablet,2,0,0,0
100949,61,50,South,91.48,Luxury,Digital Wallet,Mobile,1,0,0,0
100950,37,6,Northeast,442.2,Luxury,Credit,Mobile,0,1,0,1
100951,36,115,Midwest,307.24,Groceries,Debit,Tablet,0,0,0,0
100952,62,17,West,84.35,Electronics,Debit,Desktop,1,1,0,1
100953,36,174,South,2.37,Online Services,Debit,Desktop,5,0,0,0
100954,18,175,West,64.87,Clothing,Debit,Desktop,2,0,0,0
100955,30,117,South,98.88,Clothing,Credit,Desktop,2,0,0,0
100956,63,168,South,7.75,Clothing,Credit,Mobile,2,0,0,0
100957,39,179,South,7.05,Clothing,Digital Wallet,Desktop,1,0,0,0
100958,34,6,Midwest,7.01,Restaurants,Credit,Mobile,0,0,0,0
100959,64,100,South,8.21,Electronics,Debit,Mobile,3,1,0,0
100960,45,35,South,368.64,Electronics,Digital Wallet,Desktop,0,0,0,0
100961,36,127,Northeast,319.59,Clothing,Credit,Mobile,1,0,1,0
100962,33,121,South,14.73,Luxury,Debit,Tablet,3,0,0,0
100963,60,167,Northeast,165.14,Online Services,Debit,Desktop,3,0,0,0
100964,46,49,Midwest,68.96,Gas,Digital Wallet,Desktop,4,0,0,0
100965,37,70,Northeast,18.22,Restaurants,Debit,Desktop,2,0,1,0
100966,28,75,South,235.35,Online Services,Debit,Desktop,4,0,1,0
100967,65,159,Northeast,133.45,Online Services,Digital Wallet,Desktop,1,0,0,0
100968,71,127,Midwest,175.0,Electronics,Debit,Mobile,2,1,0,0
100969,62,171,South,29.42,Travel,Digital Wallet,Mobile,4,1,1,0
100970,61,96,South,93.56,Travel,Digital Wallet,Mobile,1,0,3,0
100971,43,11,West,181.16,Restaurants,Credit,Mobile,1,0,0,0
100972,18,113,South,154.99,Luxury,Debit,Desktop,3,0,0,0
100973,42,164,Northeast,217.53,Online Services,Digital Wallet,Tablet,1,0,0,0
100974,50,153,South,137.64,Clothing,Debit,Desktop,2,0,0,0
100975,57,26,South,3.31,Restaurants,Debit,Tablet,2,0,0,0
100976,66,83,South,29.24,Gas,Credit,Tablet,2,0,0,0
100977,32,54,Midwest,152.71,Online Services,Credit,Desktop,4,0,0,0
100978,55,114,South,115.15,Gas,Digital Wallet,Desktop,3,0,1,0
100979,57,73,West,188.4,Gas,Credit,Mobile,1,0,1,0
100980,32,58,South,101.69,Luxury,Debit,Desktop,2,1,0,0
100981,45,17,South,127.73,Clothing,Debit,Desktop,0,0,1,0
100982,69,31,Midwest,309.72,Groceries,Credit,Desktop,2,0,2,0
100983,67,23,West,12.45,Travel,Digital Wallet,Tablet,3,0,0,0
100984,66,23,South,8.74,Groceries,Digital Wallet,Mobile,4,0,1,0
100985,20,156,West,399.21,Groceries,Debit,Mobile,0,0,3,0
100986,72,147,Northeast,161.61,Online Services,Debit,Tablet,1,0,1,0
100987,35,23,Northeast,49.34,Travel,Debit,Tablet,0,1,0,0
100988,74,135,West,120.93,Gas,Credit,Mobile,0,0,0,0
100989,19,50,West,134.26,Luxury,Credit,Tablet,3,0,0,0
100990,64,110,Midwest,4.59,Restaurants,Digital Wallet,Mobile,3,1,1,0
100991,20,172,Midwest,248.55,Electronics,Debit,Mobile,1,0,0,1
100992,68,27,Northeast,9.4,Groceries,Debit,Mobile,5,0,1,0
100993,65,2,West,284.04,Gas,Credit,Desktop,2,0,0,0
100994,48,42,West,13.26,Restaurants,Debit,Desktop,1,0,2,0
100995,27,99,Midwest,31.85,Luxury,Debit,Mobile,4,1,0,1
100996,41,118,South,57.08,Restaurants,Debit,Desktop,1,0,1,0
100997,66,88,South,160.73,Electronics,Credit,Desktop,1,0,0,0
100998,22,68,West,104.22,Groceries,Credit,Tablet,1,0,0,0
100999,63,122,Northeast,264.8,Online Services,Debit,Mobile,4,0,0,0
101000,62,41,Northeast,41.75,Gas,Credit,Desktop,1,0,0,0
101001,54,12,South,13.32,Electronics,Credit,Desktop,1,0,1,0
101002,48,28,Northeast,184.11,Gas,Credit,Desktop,2,0,0,0
101003,34,120,South,405.59,Luxury,Digital Wallet,Desktop,3,0,0,1
101004,23,157,Midwest,214.95,Luxury,Credit,Mobile,1,0,0,0
101005,70,7,Midwest,29.69,Clothing,Digital Wallet,Mobile,6,0,1,0
101006,57,164,South,78.81,Groceries,Digital Wallet,Tablet,1,0,0,0
101007,63,125,Midwest,5.46,Online Services,Digital Wallet,Desktop,1,0,0,0
101008,19,111,Northeast,333.67,Groceries,Credit,Mobile,3,1,1,1
101009,44,51,Midwest,47.19,Travel,Digital Wallet,Tablet,2,0,0,0
101010,50,18,Northeast,46.18,Restaurants,Credit,Mobile,4,0,0,0
101011,65,100,South,121.16,Travel,Credit,Desktop,3,0,0,0
101012,31,67,Midwest,20.5,Clothing,Debit,Desktop,3,0,0,0
101013,29,13,South,168.35,Restaurants,Digital Wallet,Tablet,2,0,0,0
101014,57,68,South,11.7,Clothing,Debit,Desktop,1,0,0,0
101015,29,124,West,12.24,Groceries,Digital Wallet,Desktop,1,0,1,0
101016,51,157,Northeast,36.85,Gas,Credit,Tablet,0,1,0,1
101017,55,139,West,7.78,Travel,Digital Wallet,Tablet,2,0,1,0
101018,72,31,South,108.88,Groceries,Digital Wallet,Desktop,1,0,0,0
101019,42,141,West,109.91,Luxury,Debit,Tablet,4,0,1,0
101020,44,136,Midwest,19.72,Online Services,Debit,Desktop,4,0,0,0
101021,38,61,South,19.96,Groceries,Digital Wallet,Mobile,6,0,0,1
101022,50,110,Northeast,107.85,Restaurants,Debit,Tablet,2,0,0,0
101023,56,80,West,164.06,Electronics,Debit,Tablet,2,0,0,0
101024,69,87,Northeast,70.52,Restaurants,Debit,Desktop,2,0,1,0
101025,46,80,Midwest,132.42,Electronics,Digital Wallet,Tablet,4,1,1,0
101026,36,81,West,58.75,Luxury,Digital Wallet,Mobile,1,0,0,0
101027,66,133,Midwest,200.9,Clothing,Debit,Desktop,2,1,0,1
101028,19,89,South,86.82,Travel,Digital Wallet,Desktop,2,0,0,0
101029,62,46,Northeast,71.2,Clothing,Credit,Desktop,0,1,0,0
101030,28,17,Midwest,157.39,Groceries,Debit,Desktop,5,1,0,0
101031,28,43,South,31.83,Groceries,Credit,Tablet,1,0,0,0
101032,66,56,Northeast,203.13,Luxury,Credit,Tablet,2,0,1,0
101033,58,31,South,69.72,Travel,Digital Wallet,Mobile,1,1,0,0
101034,20,169,Northeast,53.81,Luxury,Credit,Tablet,1,0,0,0
101035,49,13,West,57.38,Luxury,Digital Wallet,Desktop,3,0,1,0
101036,57,16,Northeast,115.18,Restaurants,Digital Wallet,Tablet,1,0,0,0
101037,49,141,Northeast,128.92,Online Services,Digital Wallet,Desktop,2,0,0,0
101038,67,111,West,31.91,Groceries,Debit,Desktop,2,0,1,0
101039,33,82,Northeast,89.8,Gas,Debit,Mobile,5,0,0,0
101040,63,31,West,103.82,Groceries,Credit,Mobile,5,0,0,0
101041,24,125,South,90.23,Online Services,Credit,Desktop,0,0,0,0
101042,38,91,West,19.32,Restaurants,Debit,Tablet,2,1,1,0
101043,40,35,South,24.25,Groceries,Credit,Tablet,2,0,0,0
101044,26,15,West,149.98,Luxury,Digital Wallet,Desktop,2,0,1,0
101045,35,132,West,20.93,Gas,Debit,Desktop,0,0,0,0
101046,49,82,Midwest,28.96,Gas,Digital Wallet,Tablet,2,1,0,0
101047,25,17,Northeast,81.65,Gas,Debit,Desktop,2,0,1,0
101048,60,25,Northeast,184.83,Groceries,Digital Wallet,Mobile,2,0,0,0
101049,27,14,West,43.01,Electronics,Digital Wallet,Desktop,1,0,1,0
101050,45,3,South,107.01,Travel,Debit,Desktop,1,0,0,0
101051,55,65,South,19.4,Gas,Debit,Tablet,6,1,0,0
101052,49,131,Midwest,9.1,Luxury,Credit,Tablet,1,0,0,0
101053,26,129,South,294.36,Luxury,Credit,Mobile,0,0,0,0
101054,56,172,West,141.93,Clothing,Credit,Tablet,2,0,1,0
101055,67,139,Northeast,171.94,Luxury,Credit,Mobile,3,1,1,0
101056,64,175,South,100.64,Luxury,Credit,Mobile,2,0,0,0
101057,18,53,Midwest,42.97,Groceries,Digital Wallet,Tablet,0,0,1,0
101058,49,149,West,57.52,Restaurants,Digital Wallet,Desktop,2,0,0,0
101059,41,46,South,68.45,Online Services,Debit,Desktop,5,0,0,0
101060,50,43,Midwest,0.65,Groceries,Debit,Desktop,1,0,0,0
101061,25,94,Midwest,105.78,Luxury,Credit,Tablet,3,0,0,0
101062,18,176,West,34.79,Groceries,Digital Wallet,Mobile,1,0,1,0
101063,48,176,South,95.31,Electronics,Debit,Tablet,2,1,1,1
101064,45,58,West,417.53,Groceries,Credit,Desktop,2,0,0,0
101065,53,3,West,166.64,Travel,Digital Wallet,Desktop,2,1,0,0
101066,66,53,Northeast,212.17,Groceries,Debit,Tablet,1,0,0,0
101067,38,73,South,69.21,Electronics,Debit,Desktop,2,0,0,0
101068,18,37,Northeast,59.78,Gas,Credit,Desktop,3,0,1,0
101069,58,62,West,354.14,Groceries,Credit,Tablet,0,0,0,0
101070,72,103,West,619.18,Travel,Digital Wallet,Desktop,2,0,0,0
101071,20,155,West,28.22,Groceries,Credit,Desktop,2,0,0,0
101072,24,1,Midwest,89.38,Groceries,Debit,Tablet,3,0,0,0
101073,52,128,South,277.73,Clothing,Credit,Mobile,1,0,0,0
101074,66,133,West,167.97,Gas,Credit,Mobile,3,1,1,0
101075,67,53,South,136.68,Gas,Debit,Mobile,0,0,0,0
101076,31,47,South,132.24,Luxury,Digital Wallet,Mobile,3,1,0,1
101077,63,8,South,60.86,Clothing,Digital Wallet,Mobile,0,0,0,0
101078,72,60,South,137.84,Electronics,Credit,Desktop,1,0,0,0
101079,46,156,Midwest,4.63,Groceries,Digital Wallet,Mobile,1,0,0,0
101080,22,18,West,8.5,Restaurants,Debit,Mobile,3,0,0,0
101081,65,12,Midwest,1.71,Online Services,Credit,Tablet,4,1,0,0
101082,38,171,West,10.89,Gas,Credit,Mobile,2,0,0,0
101083,35,30,Northeast,168.94,Clothing,Digital Wallet,Desktop,1,0,0,0
101084,57,82,Northeast,217.03,Travel,Debit,Tablet,1,0,0,0
101085,40,32,Northeast,28.4,Luxury,Digital Wallet,Desktop,4,0,0,0
101086,36,13,South,170.1,Electronics,Digital Wallet,Mobile,2,0,0,0
101087,49,123,South,20.23,Travel,Debit,Desktop,1,0,0,0
101088,41,62,Northeast,34.11,Clothing,Debit,Desktop,3,0,0,0
101089,32,131,West,201.15,Groceries,Credit,Mobile,1,0,3,0
101090,34,144,Northeast,253.87,Electronics,Debit,Desktop,3,0,0,0
101091,35,117,South,34.47,Online Services,Debit,Desktop,1,0,0,0
101092,25,103,South,4.55,Restaurants,Digital Wallet,Tablet,3,0,0,0
101093,25,28,Midwest,261.02,Restaurants,Credit,Desktop,0,0,0,0
101094,68,163,Midwest,368.1,Restaurants,Credit,Desktop,0,0,0,0
101095,53,31,Midwest,75.53,Luxury,Digital Wallet,Tablet,2,0,0,0
101096,66,117,West,3.18,Groceries,Debit,Mobile,4,0,0,0
101097,18,29,Northeast,61.09,Electronics,Debit,Desktop,3,0,1,0
101098,39,84,Midwest,8.81,Gas,Credit,Desktop,2,0,0,0
101099,47,130,Northeast,23.87,Travel,Credit,Mobile,1,0,0,0
101100,48,111,South,251.68,Online Services,Debit,Mobile,2,0,1,0
101101,27,153,West,26.68,Electronics,Digital Wallet,Tablet,1,0,0,0
101102,63,159,West,246.66,Travel,Credit,Mobile,3,0,1,0
101103,74,89,Midwest,0.19,Clothing,Credit,Tablet,1,0,0,0
101104,66,114,Midwest,462.44,Clothing,Digital Wallet,Mobile,1,0,0,0
101105,27,27,West,39.95,Travel,Credit,Mobile,2,0,1,0
101106,19,111,West,11.81,Online Services,Debit,Mobile,3,0,0,0
101107,38,54,Northeast,11.41,Electronics,Credit,Tablet,1,0,0,0
101108,34,82,Midwest,52.82,Clothing,Digital Wallet,Desktop,0,0,0,0
101109,33,65,Midwest,109.37,Electronics,Credit,Mobile,4,0,1,0
101110,64,135,West,29.12,Online Services,Debit,Tablet,3,0,1,0
101111,60,5,South,19.55,Restaurants,Digital Wallet,Desktop,0,0,0,0
101112,44,56,Northeast,41.73,Clothing,Credit,Desktop,4,0,1,0
101113,53,62,Northeast,20.71,Online Services,Debit,Tablet,0,1,0,0
101114,20,56,Midwest,160.29,Groceries,Credit,Mobile,1,0,0,0
101115,37,61,West,2.27,Luxury,Credit,Desktop,3,0,0,0
101116,23,32,Midwest,322.95,Electronics,Credit,Tablet,1,0,0,0
101117,31,144,South,235.16,Electronics,Debit,Tablet,5,0,0,0
101118,20,59,Northeast,125.77,Luxury,Debit,Tablet,1,0,0,0
101119,50,5,West,563.59,Gas,Digital Wallet,Tablet,2,0,1,0
101120,58,49,Northeast,137.93,Clothing,Debit,Tablet,5,0,0,0
101121,56,134,South,149.18,Restaurants,Digital Wallet,Desktop,2,0,1,0
101122,49,31,Midwest,22.11,Luxury,Credit,Mobile,2,0,0,0
101123,29,29,Northeast,297.07,Gas,Debit,Desktop,0,0,0,0
101124,40,148,Northeast,35.07,Travel,Credit,Desktop,3,0,1,0
101125,18,104,Northeast,60.5,Travel,Digital Wallet,Desktop,4,1,0,0
101126,39,5,Northeast,224.13,Restaurants,Credit,Mobile,2,0,0,0
101127,61,50,Midwest,191.41,Online Services,Digital Wallet,Desktop,1,0,0,0
101128,19,86,Northeast,96.64,Online Services,Digital Wallet,Tablet,4,0,0,0
101129,32,94,South,20.49,Electronics,Credit,Mobile,2,1,0,1
101130,36,134,Midwest,247.96,Online Services,Digital Wallet,Desktop,3,0,1,0
101131,73,158,South,8.34,Travel,Debit,Desktop,3,0,0,0
101132,53,98,Northeast,240.45,Groceries,Debit,Mobile,0,0,1,0
101133,28,39,Northeast,157.8,Luxury,Credit,Desktop,2,0,0,0
101134,52,155,Northeast,194.61,Restaurants,Digital Wallet,Tablet,2,1,1,0
101135,67,61,Northeast,23.72,Gas,Debit,Tablet,2,0,0,1
101136,24,125,Northeast,286.04,Groceries,Debit,Mobile,1,0,0,0
101137,28,69,Midwest,64.0,Gas,Digital Wallet,Mobile,3,0,0,0
101138,64,167,South,301.55,Restaurants,Debit,Tablet,3,0,0,0
101139,44,15,South,130.15,Restaurants,Credit,Mobile,3,0,0,0
101140,71,69,Northeast,430.85,Travel,Digital Wallet,Desktop,2,0,0,1
101141,64,10,Midwest,318.28,Online Services,Digital Wallet,Tablet,2,0,0,0
101142,32,32,West,1.06,Restaurants,Digital Wallet,Tablet,2,0,0,0
101143,25,77,Northeast,83.38,Luxury,Digital Wallet,Desktop,1,0,1,0
101144,47,119,West,112.28,Electronics,Credit,Mobile,3,1,0,0
101145,48,22,West,556.8,Luxury,Digital Wallet,Desktop,1,0,0,1
101146,60,35,Midwest,276.52,Electronics,Digital Wallet,Desktop,4,1,0,0
101147,63,57,South,110.94,Groceries,Digital Wallet,Tablet,1,0,0,0
101148,42,18,Midwest,310.78,Online Services,Debit,Desktop,6,0,0,0
101149,62,33,Midwest,361.35,Gas,Digital Wallet,Desktop,1,0,0,0
101150,26,149,South,200.58,Clothing,Debit,Desktop,4,0,1,0
101151,74,84,West,19.66,Groceries,Digital Wallet,Desktop,1,0,0,0
101152,74,179,West,0.95,Electronics,Digital Wallet,Desktop,3,0,1,0
101153,43,88,West,59.55,Groceries,Credit,Desktop,2,0,0,0
101154,49,86,Northeast,76.8,Clothing,Digital Wallet,Desktop,3,0,0,0
101155,59,44,Northeast,110.25,Groceries,Credit,Mobile,0,0,0,0
101156,60,81,South,51.68,Luxury,Debit,Desktop,4,0,0,0
101157,42,172,West,41.42,Clothing,Debit,Desktop,2,0,0,0
101158,32,33,Northeast,78.76,Electronics,Digital Wallet,Desktop,1,0,0,0
101159,53,76,South,1.36,Gas,Digital Wallet,Tablet,1,1,0,0
101160,33,40,South,74.83,Clothing,Debit,Desktop,1,0,0,1
101161,28,86,Midwest,73.82,Online Services,Credit,Mobile,1,0,0,0
101162,51,17,Midwest,6.0,Luxury,Digital Wallet,Desktop,3,0,0,0
101163,28,60,West,13.47,Electronics,Debit,Tablet,4,0,0,0
101164,60,165,South,5.1,Gas,Credit,Mobile,0,0,0,0
101165,66,143,West,12.3,Electronics,Credit,Desktop,2,0,0,0
101166,45,41,South,37.48,Electronics,Credit,Mobile,1,0,0,0
101167,62,112,South,117.91,Travel,Debit,Tablet,1,1,0,0
101168,67,53,South,178.08,Luxury,Debit,Desktop,1,0,0,0
101169,47,45,West,126.28,Gas,Digital Wallet,Tablet,2,0,0,0
101170,49,157,West,85.05,Clothing,Digital Wallet,Mobile,5,0,0,0
101171,26,174,South,73.05,Groceries,Digital Wallet,Desktop,2,0,0,0
101172,61,163,West,227.36,Luxury,Credit,Desktop,4,0,0,0
101173,66,74,Northeast,272.03,Groceries,Digital Wallet,Desktop,4,0,0,0
101174,26,68,West,1.96,Gas,Debit,Mobile,5,0,0,0
101175,41,57,Midwest,92.04,Travel,Digital Wallet,Tablet,2,0,0,0
101176,54,179,Northeast,63.82,Restaurants,Debit,Tablet,1,0,0,0
101177,70,60,West,440.45,Electronics,Credit,Mobile,2,1,1,0
101178,34,127,South,143.43,Gas,Debit,Desktop,3,0,0,0
101179,23,5,Midwest,97.73,Online Services,Credit,Tablet,2,1,0,0
101180,49,35,South,21.33,Luxury,Digital Wallet,Desktop,2,0,0,0
101181,60,116,Midwest,426.57,Online Services,Credit,Tablet,1,1,0,0
101182,30,97,Midwest,22.56,Clothing,Digital Wallet,Tablet,1,0,1,0
101183,62,4,Northeast,103.79,Electronics,Credit,Tablet,2,0,0,0
101184,37,51,West,11.57,Restaurants,Credit,Desktop,3,1,0,0
101185,21,35,South,18.68,Groceries,Digital Wallet,Tablet,0,0,0,0
101186,30,168,West,29.82,Groceries,Digital Wallet,Desktop,3,0,1,0
101187,56,129,West,365.56,Groceries,Credit,Tablet,2,0,1,0
101188,67,7,South,124.0,Luxury,Credit,Desktop,1,0,1,0
101189,67,104,Northeast,136.52,Restaurants,Credit,Tablet,3,0,0,0
101190,30,177,Midwest,3.78,Gas,Debit,Mobile,1,0,0,0
101191,71,124,Midwest,179.29,Clothing,Debit,Desktop,2,1,1,0
101192,52,33,Midwest,102.39,Clothing,Debit,Mobile,2,0,0,0
101193,66,83,Northeast,181.9,Groceries,Debit,Mobile,2,0,0,0
101194,23,12,Northeast,124.44,Online Services,Debit,Mobile,3,0,1,0
101195,34,115,South,100.01,Gas,Credit,Desktop,2,0,0,0
101196,53,97,South,5.96,Groceries,Credit,Desktop,1,0,0,0
101197,22,81,South,71.35,Travel,Digital Wallet,Tablet,2,0,1,0
101198,44,82,Midwest,68.11,Clothing,Credit,Desktop,1,1,0,1
101199,63,22,South,183.37,Gas,Digital Wallet,Desktop,2,0,0,0
101200,35,128,West,53.47,Restaurants,Digital Wallet,Tablet,5,0,1,0
101201,69,4,Midwest,197.19,Electronics,Debit,Mobile,2,0,0,0
101202,58,35,Midwest,167.78,Gas,Digital Wallet,Tablet,3,0,1,0
101203,39,42,South,14.28,Luxury,Digital Wallet,Desktop,4,0,1,0
101204,22,120,Midwest,14.17,Travel,Credit,Tablet,5,0,0,0
101205,36,117,Northeast,132.58,Luxury,Credit,Desktop,6,0,1,1
101206,51,36,West,69.42,Restaurants,Credit,Mobile,3,0,1,0
101207,21,7,West,162.06,Clothing,Debit,Desktop,0,0,0,0
101208,32,32,Northeast,29.36,Groceries,Credit,Desktop,1,0,0,0
101209,21,3,West,155.61,Gas,Debit,Tablet,1,1,0,1
101210,67,89,Northeast,28.11,Gas,Credit,Mobile,1,0,0,0
101211,24,18,South,25.12,Travel,Credit,Desktop,2,0,1,0
101212,40,91,Midwest,226.82,Restaurants,Debit,Desktop,2,0,0,0
101213,47,6,Midwest,225.63,Gas,Credit,Mobile,0,0,0,1
101214,73,94,West,102.5,Travel,Digital Wallet,Mobile,2,0,1,0
101215,72,74,South,527.4,Online Services,Digital Wallet,Mobile,4,0,1,1
101216,25,48,West,434.92,Clothing,Debit,Desktop,1,0,0,0
101217,19,173,Midwest,146.35,Luxury,Debit,Desktop,1,0,0,0
101218,31,94,Midwest,156.83,Luxury,Debit,Mobile,0,0,0,0
101219,71,148,South,158.14,Gas,Digital Wallet,Mobile,2,1,0,0
101220,37,101,South,134.39,Travel,Digital Wallet,Desktop,0,0,2,1
101221,56,16,Midwest,6.97,Gas,Credit,Desktop,1,0,0,0
101222,22,125,Midwest,225.79,Luxury,Digital Wallet,Mobile,3,0,1,1
101223,34,36,Midwest,154.43,Gas,Debit,Tablet,3,0,0,0
101224,54,56,Midwest,37.94,Groceries,Digital Wallet,Mobile,4,0,0,0
101225,29,72,Northeast,268.9,Online Services,Debit,Desktop,0,0,0,0
101226,37,17,Northeast,125.72,Online Services,Digital Wallet,Mobile,1,0,0,0
101227,26,22,Northeast,4.31,Restaurants,Credit,Tablet,1,0,0,0
101228,52,63,Northeast,23.36,Online Services,Debit,Mobile,2,0,0,0
101229,33,155,Midwest,130.08,Groceries,Credit,Desktop,0,1,1,0
101230,58,40,South,53.62,Restaurants,Credit,Mobile,0,0,2,0
101231,44,78,West,18.28,Groceries,Debit,Tablet,2,0,0,0
101232,21,104,South,6.69,Travel,Debit,Mobile,2,0,0,0
101233,43,72,South,103.69,Restaurants,Digital Wallet,Mobile,2,0,0,0
101234,46,112,South,209.88,Travel,Digital Wallet,Tablet,4,1,0,0
101235,20,16,South,423.27,Travel,Digital Wallet,Mobile,3,0,0,1
101236,51,162,West,17.23,Groceries,Digital Wallet,Tablet,2,0,0,0
101237,59,38,South,44.31,Electronics,Credit,Tablet,1,1,1,0
101238,61,94,South,47.03,Travel,Debit,Desktop,2,0,0,0
101239,48,129,West,95.15,Luxury,Debit,Tablet,2,0,0,0
101240,40,67,Midwest,12.9,Luxury,Credit,Desktop,2,0,2,1
101241,43,51,South,398.43,Luxury,Credit,Mobile,3,0,0,0
101242,70,132,Midwest,5.95,Travel,Credit,Desktop,3,0,0,0
101243,59,121,South,84.63,Travel,Debit,Mobile,3,0,0,0
101244,40,168,Northeast,498.08,Luxury,Credit,Tablet,3,0,0,1
101245,61,121,Northeast,110.45,Electronics,Digital Wallet,Desktop,3,0,0,0
101246,25,25,West,86.88,Clothing,Digital Wallet,Mobile,1,0,0,0
101247,42,116,Midwest,73.96,Clothing,Debit,Desktop,0,1,0,0
101248,49,106,West,150.65,Travel,Credit,Mobile,3,0,1,0
101249,28,146,West,109.9,Restaurants,Debit,Desktop,7,0,1,0
101250,33,171,West,173.18,Restaurants,Credit,Desktop,3,0,0,0
101251,65,84,West,155.72,Online Services,Debit,Mobile,1,0,0,0
101252,49,53,West,158.72,Online Services,Debit,Mobile,2,0,1,0
101253,43,135,Northeast,104.64,Clothing,Credit,Desktop,2,0,0,0
101254,40,158,South,408.36,Travel,Digital Wallet,Tablet,0,0,0,0
101255,54,15,Midwest,32.25,Clothing,Digital Wallet,Tablet,0,1,0,1
101256,40,14,West,78.44,Travel,Credit,Tablet,4,0,1,0
101257,49,63,Midwest,22.69,Gas,Debit,Desktop,1,0,0,0
101258,48,120,South,141.57,Clothing,Credit,Desktop,2,0,0,0
101259,22,139,Midwest,919.11,Restaurants,Digital Wallet,Tablet,0,0,0,0
101260,23,58,Northeast,160.89,Electronics,Debit,Desktop,1,0,0,0
101261,73,92,Midwest,36.13,Clothing,Debit,Mobile,2,0,1,0
101262,46,144,South,280.18,Travel,Digital Wallet,Tablet,1,0,0,0
101263,54,29,South,4.88,Electronics,Digital Wallet,Tablet,1,0,2,0
101264,33,109,West,166.84,Gas,Credit,Tablet,2,0,0,0
101265,34,112,South,93.8,Gas,Digital Wallet,Mobile,4,0,0,0
101266,63,92,Midwest,9.24,Luxury,Credit,Desktop,1,0,0,0
101267,39,143,Midwest,8.95,Clothing,Debit,Desktop,3,0,0,0
101268,20,3,Midwest,20.71,Restaurants,Credit,Mobile,1,1,1,0
101269,39,43,West,233.25,Electronics,Digital Wallet,Tablet,4,0,0,0
101270,47,24,Midwest,8.97,Gas,Digital Wallet,Tablet,1,1,1,0
101271,22,120,South,63.25,Groceries,Digital Wallet,Desktop,0,0,1,0
101272,64,109,Northeast,82.86,Gas,Credit,Desktop,1,0,0,0
101273,39,81,South,45.09,Gas,Digital Wallet,Desktop,3,0,0,0
101274,63,165,West,1.23,Online Services,Digital Wallet,Desktop,5,0,0,0
101275,67,125,West,8.98,Groceries,Debit,Mobile,3,1,0,0
101276,25,129,Midwest,175.09,Groceries,Credit,Mobile,0,0,0,1
101277,38,59,West,2.98,Travel,Credit,Desktop,2,0,0,0
101278,38,1,Northeast,338.84,Luxury,Digital Wallet,Desktop,1,0,0,0
101279,38,93,South,193.34,Online Services,Credit,Desktop,0,0,0,0
101280,64,44,Midwest,22.37,Luxury,Digital Wallet,Tablet,3,0,0,1
101281,32,150,Northeast,24.0,Groceries,Digital Wallet,Tablet,2,0,1,0
101282,20,131,South,92.17,Clothing,Credit,Desktop,4,0,0,0
101283,65,88,Midwest,17.45,Groceries,Digital Wallet,Desktop,0,0,0,0
101284,26,66,South,110.52,Clothing,Credit,Mobile,3,0,0,0
101285,25,52,Northeast,17.28,Travel,Credit,Mobile,4,0,1,1
101286,40,51,Midwest,409.57,Restaurants,Debit,Mobile,2,0,0,1
101287,56,114,Midwest,193.8,Gas,Credit,Tablet,2,1,2,1
101288,31,166,Northeast,13.76,Gas,Digital Wallet,Desktop,3,0,0,0
101289,31,158,South,29.44,Groceries,Digital Wallet,Mobile,4,0,0,0
101290,42,34,South,97.81,Travel,Credit,Desktop,3,0,0,0
101291,32,115,Northeast,32.75,Luxury,Digital Wallet,Mobile,1,0,2,0
101292,34,175,Northeast,70.54,Groceries,Debit,Mobile,1,0,0,0
101293,24,127,West,287.58,Restaurants,Debit,Mobile,0,1,0,1
101294,46,151,West,199.36,Groceries,Credit,Desktop,0,0,1,0
101295,68,94,West,29.35,Travel,Debit,Desktop,1,0,0,0
101296,56,5,Northeast,44.13,Clothing,Digital Wallet,Tablet,1,0,1,0
101297,74,175,South,238.43,Online Services,Credit,Tablet,3,0,0,0
101298,22,114,Midwest,88.77,Gas,Digital Wallet,Tablet,3,0,0,0
101299,65,76,South,95.83,Travel,Credit,Desktop,5,0,0,0
101300,64,136,West,102.65,Groceries,Digital Wallet,Mobile,2,0,0,0
101301,57,2,South,172.88,Travel,Digital Wallet,Mobile,4,0,0,0
101302,74,130,South,5.98,Clothing,Credit,Mobile,1,0,0,0
101303,60,106,Midwest,31.23,Groceries,Credit,Mobile,2,1,0,0
101304,21,160,West,19.39,Electronics,Digital Wallet,Mobile,1,0,0,0
101305,37,47,South,125.82,Groceries,Digital Wallet,Mobile,1,0,0,0
101306,29,47,West,119.98,Travel,Debit,Desktop,2,0,1,0
101307,48,106,West,3.14,Gas,Digital Wallet,Tablet,2,0,0,0
101308,54,54,Northeast,26.85,Groceries,Digital Wallet,Tablet,2,1,0,0
101309,34,44,Midwest,9.54,Restaurants,Credit,Desktop,1,0,0,0
101310,20,129,South,433.4,Travel,Debit,Desktop,3,0,0,0
101311,28,44,South,16.22,Groceries,Debit,Desktop,1,0,0,0
101312,26,164,Northeast,36.49,Groceries,Digital Wallet,Mobile,3,0,0,0
101313,63,178,Midwest,222.17,Gas,Debit,Desktop,1,0,0,0
101314,58,47,Midwest,377.46,Gas,Credit,Desktop,2,0,0,0
101315,20,86,Midwest,28.54,Gas,Digital Wallet,Desktop,2,0,0,0
101316,61,45,Midwest,164.31,Luxury,Debit,Tablet,2,0,0,0
101317,49,106,Midwest,47.47,Travel,Credit,Mobile,3,0,1,0
101318,23,72,West,11.1,Electronics,Debit,Desktop,1,0,1,0
101319,24,108,Northeast,18.31,Luxury,Debit,Tablet,2,0,0,0
101320,26,101,Northeast,50.07,Electronics,Credit,Desktop,4,0,0,0
101321,50,20,West,2.93,Gas,Digital Wallet,Desktop,2,0,2,1
101322,57,87,Northeast,263.23,Online Services,Credit,Tablet,1,0,0,0
101323,37,141,South,215.66,Luxury,Credit,Tablet,2,1,0,0
101324,57,21,Midwest,204.57,Electronics,Digital Wallet,Tablet,2,1,0,0
101325,42,91,Northeast,14.18,Clothing,Digital Wallet,Desktop,2,0,1,0
101326,61,40,Northeast,270.55,Gas,Digital Wallet,Mobile,1,0,0,0
101327,55,60,Northeast,95.86,Gas,Credit,Desktop,2,0,0,0
101328,39,8,West,6.44,Groceries,Digital Wallet,Tablet,1,0,1,0
101329,66,91,Northeast,107.06,Luxury,Credit,Tablet,4,1,0,0
101330,72,156,Northeast,57.94,Travel,Digital Wallet,Mobile,1,0,1,0
101331,70,49,West,83.1,Groceries,Digital Wallet,Desktop,2,0,0,0
101332,51,153,Northeast,6.81,Travel,Credit,Mobile,1,0,0,0
101333,47,161,West,222.01,Restaurants,Credit,Desktop,0,0,0,0
101334,28,51,Midwest,271.42,Electronics,Digital Wallet,Desktop,1,0,1,0
101335,74,56,West,203.06,Restaurants,Digital Wallet,Desktop,1,0,0,0
101336,37,84,South,17.91,Groceries,Debit,Tablet,1,0,0,0
101337,43,76,South,8.13,Online Services,Credit,Tablet,3,0,0,0
101338,39,105,West,137.27,Groceries,Debit,Tablet,3,1,1,0
101339,45,45,West,202.74,Travel,Debit,Mobile,3,1,0,0
101340,38,140,West,69.39,Luxury,Credit,Mobile,1,0,1,0
101341,64,143,West,224.82,Online Services,Credit,Tablet,0,0,0,0
101342,41,159,Midwest,101.11,Electronics,Credit,Mobile,1,0,2,1
101343,21,39,Midwest,113.5,Luxury,Credit,Desktop,3,0,0,1
101344,44,47,West,65.52,Luxury,Credit,Mobile,0,0,0,0
101345,59,46,Northeast,65.69,Groceries,Digital Wallet,Desktop,0,0,0,0
101346,40,53,Midwest,425.36,Clothing,Debit,Desktop,1,0,0,0
101347,56,132,West,8.33,Online Services,Digital Wallet,Mobile,3,0,0,0
101348,47,51,South,26.2,Online Services,Digital Wallet,Tablet,1,0,0,0
101349,44,173,South,98.25,Travel,Debit,Desktop,2,0,0,0
101350,48,163,Midwest,15.36,Groceries,Credit,Desktop,2,1,0,1
101351,39,67,West,24.37,Gas,Credit,Tablet,1,1,0,0
101352,27,27,West,178.82,Travel,Credit,Mobile,2,0,0,0
101353,45,174,South,70.58,Restaurants,Debit,Mobile,3,0,0,0
101354,20,130,South,199.57,Online Services,Credit,Tablet,0,0,0,0
101355,57,154,South,179.9,Travel,Credit,Tablet,4,0,1,0
101356,41,19,South,97.39,Restaurants,Debit,Mobile,4,0,0,0
101357,72,173,South,84.27,Groceries,Credit,Mobile,1,1,0,0
101358,29,15,Midwest,55.13,Gas,Debit,Mobile,2,0,1,0
101359,53,144,Northeast,169.89,Electronics,Digital Wallet,Tablet,1,0,0,0
101360,64,73,Midwest,23.82,Luxury,Debit,Desktop,2,0,0,0
101361,36,145,South,165.86,Electronics,Credit,Desktop,1,0,0,0
101362,49,32,Northeast,40.78,Travel,Debit,Mobile,1,0,0,0
101363,50,33,West,6.36,Luxury,Debit,Desktop,0,0,0,0
101364,33,77,Midwest,59.62,Online Services,Credit,Desktop,2,0,0,1
101365,62,164,South,65.2,Groceries,Credit,Desktop,3,0,1,0
101366,60,168,Midwest,121.05,Online Services,Debit,Mobile,1,0,0,0
101367,54,156,Northeast,27.55,Luxury,Credit,Desktop,0,0,0,0
101368,48,151,South,86.77,Gas,Digital Wallet,Tablet,3,0,0,0
101369,33,26,Midwest,68.01,Electronics,Credit,Tablet,3,0,0,0
101370,33,20,Midwest,71.8,Groceries,Digital Wallet,Desktop,0,1,0,0
101371,29,64,Northeast,54.77,Luxury,Digital Wallet,Tablet,1,0,0,0
101372,27,80,West,213.15,Travel,Debit,Tablet,1,1,0,1
101373,53,54,Northeast,36.55,Online Services,Digital Wallet,Desktop,2,0,0,1
101374,34,114,West,16.34,Luxury,Debit,Tablet,2,1,0,0
101375,67,128,Northeast,83.45,Electronics,Debit,Mobile,5,0,0,0
101376,50,1,West,11.98,Groceries,Debit,Tablet,3,0,0,0
101377,30,158,West,340.67,Gas,Debit,Desktop,3,0,0,1
101378,32,166,Midwest,42.6,Groceries,Digital Wallet,Desktop,3,0,0,0
101379,29,142,Midwest,0.29,Groceries,Debit,Tablet,2,1,0,0
101380,47,138,Northeast,135.44,Online Services,Debit,Desktop,4,1,0,0
101381,53,82,Midwest,10.44,Gas,Debit,Mobile,3,1,0,1
101382,36,122,West,107.0,Electronics,Digital Wallet,Tablet,0,0,0,0
101383,34,34,West,232.86,Gas,Digital Wallet,Tablet,4,0,0,1
101384,63,64,West,198.77,Luxury,Digital Wallet,Mobile,3,0,1,0
101385,39,63,Northeast,12.69,Online Services,Credit,Mobile,2,1,0,0
101386,74,127,Midwest,5.94,Electronics,Digital Wallet,Tablet,4,0,1,0
101387,69,5,Midwest,44.5,Clothing,Digital Wallet,Tablet,1,0,0,1
101388,43,84,West,60.0,Luxury,Debit,Tablet,1,0,0,0
101389,52,110,Midwest,146.46,Online Services,Credit,Desktop,3,0,0,0
101390,70,33,Northeast,181.79,Groceries,Credit,Mobile,0,0,1,0
101391,28,38,South,17.36,Clothing,Digital Wallet,Mobile,2,1,0,0
101392,45,86,West,55.57,Clothing,Digital Wallet,Tablet,2,0,0,0
101393,71,80,West,108.77,Travel,Credit,Mobile,2,0,0,0
101394,35,79,South,151.98,Restaurants,Credit,Desktop,3,0,1,1
101395,25,111,West,137.97,Groceries,Digital Wallet,Tablet,2,1,0,0
101396,40,109,Midwest,42.66,Online Services,Debit,Mobile,1,0,0,0
101397,56,137,West,89.85,Electronics,Debit,Tablet,2,1,0,0
101398,65,95,Midwest,63.78,Online Services,Credit,Mobile,2,1,0,0
101399,45,23,Midwest,8.86,Groceries,Digital Wallet,Tablet,3,1,1,0
101400,21,94,Midwest,22.97,Restaurants,Digital Wallet,Desktop,2,0,0,0
101401,31,169,West,102.27,Gas,Credit,Mobile,4,0,2,0
101402,27,168,Northeast,288.71,Groceries,Digital Wallet,Desktop,1,1,0,0
101403,43,67,Northeast,52.59,Clothing,Debit,Mobile,4,1,0,0
101404,32,48,Midwest,39.34,Electronics,Digital Wallet,Desktop,0,0,0,0
101405,31,82,Northeast,13.23,Clothing,Debit,Desktop,2,0,1,0
101406,59,144,Midwest,276.75,Clothing,Credit,Mobile,1,0,0,0
101407,26,62,Northeast,15.81,Luxury,Debit,Tablet,0,0,1,0
101408,58,32,Midwest,27.46,Restaurants,Debit,Mobile,2,1,0,0
101409,56,142,West,332.62,Travel,Credit,Desktop,1,0,1,0
101410,38,119,Northeast,31.06,Restaurants,Digital Wallet,Mobile,1,0,1,1
101411,48,80,South,63.39,Gas,Credit,Desktop,1,0,0,0
101412,57,176,Northeast,34.57,Gas,Debit,Mobile,1,0,1,0
101413,38,30,Midwest,11.68,Electronics,Digital Wallet,Tablet,3,0,0,0
101414,58,155,Northeast,30.87,Luxury,Digital Wallet,Mobile,4,0,1,0
101415,34,17,Midwest,167.42,Online Services,Digital Wallet,Mobile,1,0,0,0
101416,50,175,South,59.63,Gas,Credit,Mobile,0,0,0,0
101417,43,11,Northeast,28.88,Luxury,Credit,Mobile,0,0,3,1
101418,21,53,West,144.61,Clothing,Debit,Mobile,3,1,0,1
101419,39,76,West,23.29,Clothing,Credit,Tablet,1,0,0,0
101420,23,15,Midwest,36.88,Clothing,Credit,Mobile,5,0,1,0
101421,73,135,South,64.3,Electronics,Digital Wallet,Desktop,2,1,0,0
101422,51,124,West,68.95,Gas,Debit,Mobile,3,0,0,0
101423,26,51,South,365.74,Electronics,Credit,Tablet,2,0,2,0
101424,47,4,West,333.5,Luxury,Credit,Desktop,3,0,0,1
101425,31,71,Midwest,141.11,Groceries,Digital Wallet,Mobile,2,0,0,0
101426,65,153,South,42.27,Online Services,Debit,Mobile,1,0,0,0
101427,74,42,Midwest,157.41,Electronics,Digital Wallet,Mobile,0,1,0,0
101428,64,113,Midwest,95.02,Electronics,Digital Wallet,Mobile,2,0,3,0
101429,66,7,Northeast,364.74,Groceries,Debit,Desktop,1,0,0,0
101430,57,18,South,5.88,Groceries,Credit,Tablet,4,0,1,0
101431,61,51,West,148.31,Luxury,Digital Wallet,Mobile,2,0,1,0
101432,66,87,South,138.89,Clothing,Debit,Desktop,0,0,0,0
101433,56,91,West,8.77,Luxury,Credit,Desktop,4,0,0,0
101434,47,168,Northeast,3.68,Electronics,Debit,Tablet,0,0,0,0
101435,51,43,Northeast,7.43,Travel,Digital Wallet,Mobile,1,0,0,0
101436,30,2,Northeast,351.6,Gas,Credit,Mobile,3,0,1,0
101437,58,89,Northeast,86.53,Groceries,Debit,Tablet,1,1,0,0
101438,74,17,West,56.05,Clothing,Credit,Mobile,2,0,0,0
101439,29,67,Midwest,140.01,Travel,Digital Wallet,Mobile,2,0,0,0
101440,19,21,Midwest,201.79,Travel,Digital Wallet,Mobile,2,0,0,0
101441,39,153,Northeast,11.67,Groceries,Digital Wallet,Tablet,1,0,1,0
101442,45,136,Northeast,101.79,Electronics,Digital Wallet,Tablet,3,0,1,0
101443,59,123,Midwest,119.06,Online Services,Digital Wallet,Desktop,2,1,0,0
101444,46,171,West,73.31,Electronics,Credit,Mobile,1,0,0,0
101445,51,175,West,18.66,Clothing,Debit,Tablet,2,0,0,0
101446,19,23,Midwest,244.48,Luxury,Debit,Desktop,3,0,0,0
101447,30,116,West,1.28,Clothing,Credit,Tablet,5,0,1,0
101448,43,16,South,233.79,Electronics,Credit,Tablet,3,0,2,0
101449,24,133,West,82.45,Gas,Digital Wallet,Mobile,2,0,0,0
101450,65,80,Northeast,131.92,Groceries,Debit,Tablet,2,0,0,0
101451,53,35,West,62.18,Groceries,Debit,Tablet,1,1,0,0
101452,28,23,West,58.24,Electronics,Debit,Mobile,5,0,0,0
101453,72,139,South,20.72,Electronics,Digital Wallet,Desktop,3,0,0,0
101454,63,58,Northeast,30.3,Gas,Credit,Tablet,2,0,1,0
101455,43,17,Midwest,53.98,Clothing,Debit,Tablet,4,0,1,1
101456,37,119,South,50.91,Groceries,Debit,Mobile,0,1,0,0
101457,40,49,South,27.59,Gas,Debit,Tablet,1,0,0,0
101458,35,174,Midwest,331.88,Luxury,Digital Wallet,Tablet,2,0,0,0
101459,66,79,West,20.95,Luxury,Credit,Mobile,2,0,0,0
101460,56,20,South,11.52,Online Services,Digital Wallet,Desktop,4,0,0,0
101461,72,97,Midwest,46.49,Groceries,Credit,Mobile,1,0,1,0
101462,47,131,Northeast,67.02,Restaurants,Debit,Mobile,0,0,0,0
101463,50,89,West,77.09,Electronics,Credit,Mobile,2,0,1,0
101464,24,6,West,145.75,Gas,Debit,Desktop,1,0,1,0
101465,34,89,West,75.97,Groceries,Debit,Desktop,2,0,0,1
101466,74,139,South,111.39,Online Services,Digital Wallet,Tablet,3,1,0,1
101467,31,8,West,126.11,Clothing,Credit,Tablet,1,0,0,0
101468,32,17,Northeast,230.87,Gas,Credit,Mobile,1,0,0,0
101469,19,160,South,29.95,Online Services,Debit,Tablet,0,0,0,0
101470,48,38,Midwest,28.16,Gas,Digital Wallet,Mobile,1,0,0,0
101471,35,152,Midwest,22.39,Online Services,Digital Wallet,Desktop,2,0,0,0
101472,52,117,South,255.38,Electronics,Digital Wallet,Mobile,2,0,0,0
101473,51,63,Midwest,97.72,Travel,Credit,Tablet,1,0,0,0
101474,69,163,Midwest,5.86,Electronics,Debit,Tablet,1,0,0,0
101475,18,48,West,190.71,Restaurants,Credit,Tablet,1,0,0,0
101476,37,154,West,21.38,Electronics,Debit,Mobile,3,0,1,0
101477,60,79,South,33.97,Online Services,Debit,Mobile,3,0,0,0
101478,46,30,West,28.47,Groceries,Digital Wallet,Desktop,1,0,0,0
101479,23,139,Northeast,81.35,Groceries,Debit,Desktop,3,0,0,0
101480,38,167,Northeast,165.33,Luxury,Digital Wallet,Desktop,2,0,1,0
101481,37,33,Northeast,147.64,Groceries,Debit,Mobile,2,0,0,0
101482,58,160,Northeast,132.03,Groceries,Credit,Tablet,1,0,0,0
101483,19,125,Midwest,169.38,Clothing,Digital Wallet,Desktop,2,0,0,0
101484,63,131,Northeast,48.31,Travel,Debit,Mobile,0,0,1,0
101485,33,107,West,10.13,Online Services,Debit,Tablet,2,0,0,0
101486,33,117,Midwest,116.76,Electronics,Debit,Tablet,0,0,1,0
101487,71,80,Northeast,16.27,Luxury,Digital Wallet,Mobile,1,0,0,1
101488,35,45,Midwest,389.46,Electronics,Digital Wallet,Mobile,2,0,1,0
101489,27,104,West,249.29,Online Services,Digital Wallet,Mobile,3,0,0,1
101490,43,94,South,71.72,Restaurants,Credit,Desktop,1,0,1,0
101491,51,108,South,113.32,Clothing,Credit,Mobile,3,0,0,0
101492,20,48,Northeast,168.49,Clothing,Debit,Desktop,0,0,0,0
101493,56,68,Midwest,116.46,Clothing,Digital Wallet,Mobile,2,0,0,0
101494,18,162,West,245.24,Travel,Credit,Desktop,2,0,1,0
101495,46,169,South,415.07,Travel,Digital Wallet,Mobile,1,0,0,0
101496,18,63,South,113.56,Gas,Digital Wallet,Mobile,4,0,1,0
101497,26,163,West,70.72,Clothing,Digital Wallet,Desktop,1,0,0,0
101498,24,75,Northeast,67.6,Clothing,Digital Wallet,Desktop,2,0,2,1
101499,46,173,South,7.24,Groceries,Debit,Mobile,2,0,0,0
101500,66,101,Midwest,229.49,Online Services,Debit,Desktop,0,0,0,0
101501,46,119,West,128.87,Online Services,Digital Wallet,Desktop,2,1,2,0
101502,50,98,Midwest,2.84,Groceries,Credit,Tablet,1,0,1,0
101503,35,153,West,8.35,Luxury,Digital Wallet,Tablet,2,0,0,0
101504,39,88,Midwest,56.66,Online Services,Digital Wallet,Desktop,1,0,1,0
101505,51,113,South,278.89,Gas,Credit,Mobile,2,0,1,0
101506,25,100,West,405.49,Luxury,Debit,Mobile,2,1,0,1
101507,22,84,West,518.06,Online Services,Credit,Desktop,1,0,0,1
101508,23,19,West,58.86,Electronics,Debit,Mobile,1,0,0,0
101509,65,32,Midwest,75.86,Gas,Credit,Desktop,4,0,2,0
101510,55,56,South,189.38,Clothing,Debit,Tablet,2,0,0,0
101511,48,43,West,57.98,Restaurants,Digital Wallet,Tablet,1,0,0,0
101512,67,59,Midwest,162.08,Restaurants,Digital Wallet,Desktop,3,0,0,0
101513,47,170,South,25.73,Gas,Digital Wallet,Desktop,1,1,0,1
101514,70,138,South,110.88,Electronics,Debit,Desktop,2,0,0,0
101515,51,108,South,311.69,Groceries,Digital Wallet,Desktop,1,0,0,0
101516,23,51,West,534.22,Clothing,Credit,Tablet,0,0,0,0
101517,42,75,West,223.48,Travel,Digital Wallet,Tablet,1,0,0,0
101518,18,106,Midwest,26.24,Gas,Debit,Tablet,3,1,0,0
101519,57,168,Northeast,26.06,Gas,Credit,Mobile,4,0,1,0
101520,34,49,South,37.27,Travel,Debit,Mobile,1,0,0,0
101521,34,113,West,81.8,Electronics,Debit,Desktop,6,0,0,0
101522,74,54,Northeast,253.61,Gas,Debit,Tablet,3,0,0,0
101523,30,46,South,12.0,Travel,Credit,Desktop,0,0,0,0
101524,40,92,South,53.54,Clothing,Debit,Tablet,3,0,1,0
101525,21,59,Northeast,139.8,Clothing,Digital Wallet,Desktop,0,0,1,0
101526,38,178,West,28.22,Electronics,Credit,Tablet,3,0,1,0
101527,22,154,South,27.73,Online Services,Digital Wallet,Desktop,4,1,0,0
101528,24,97,West,252.39,Travel,Debit,Tablet,2,0,0,0
101529,55,43,Midwest,29.35,Luxury,Credit,Tablet,2,0,0,0
101530,32,140,Midwest,99.61,Restaurants,Digital Wallet,Tablet,2,0,0,0
101531,70,158,Midwest,217.48,Gas,Credit,Mobile,3,1,0,0
101532,24,167,Northeast,69.9,Electronics,Digital Wallet,Mobile,3,1,1,0
101533,25,68,West,168.31,Luxury,Credit,Mobile,1,0,0,0
101534,24,112,South,184.24,Luxury,Debit,Desktop,1,1,0,0
101535,65,170,Northeast,165.3,Travel,Digital Wallet,Desktop,5,0,1,1
101536,55,12,Northeast,323.28,Groceries,Debit,Tablet,5,0,0,0
101537,70,162,Midwest,109.59,Online Services,Debit,Tablet,3,0,0,0
101538,51,166,Northeast,144.04,Groceries,Digital Wallet,Mobile,1,0,0,0
101539,64,98,West,51.68,Electronics,Credit,Mobile,3,0,0,0
101540,29,39,Midwest,106.75,Online Services,Debit,Mobile,1,0,0,0
101541,42,126,West,288.26,Gas,Digital Wallet,Tablet,2,0,0,0
101542,66,171,Northeast,250.85,Gas,Debit,Tablet,3,0,0,0
101543,33,70,South,51.77,Travel,Digital Wallet,Tablet,2,0,0,0
101544,63,31,South,139.01,Luxury,Digital Wallet,Desktop,6,0,1,0
101545,61,43,West,31.77,Restaurants,Debit,Desktop,0,0,0,0
101546,33,103,Northeast,103.28,Gas,Digital Wallet,Tablet,3,0,0,0
101547,33,119,Midwest,90.31,Restaurants,Debit,Mobile,1,0,0,0
101548,71,105,South,433.65,Gas,Credit,Tablet,4,0,0,1
101549,19,174,Northeast,12.88,Luxury,Debit,Desktop,4,0,1,0
101550,25,41,Midwest,200.31,Gas,Digital Wallet,Tablet,1,0,0,0
101551,51,85,Midwest,79.24,Travel,Debit,Tablet,1,0,0,0
101552,47,109,West,38.79,Gas,Debit,Tablet,1,0,0,0
101553,44,154,Midwest,106.92,Luxury,Debit,Desktop,1,0,0,0
101554,45,125,West,283.09,Electronics,Debit,Mobile,5,1,1,0
101555,65,108,West,204.82,Clothing,Digital Wallet,Tablet,1,0,0,0
101556,64,147,South,16.17,Luxury,Digital Wallet,Desktop,2,0,0,1
101557,70,39,West,312.93,Online Services,Digital Wallet,Tablet,0,0,1,0
101558,32,167,Northeast,57.86,Gas,Debit,Mobile,3,0,1,0
101559,21,5,Midwest,28.34,Groceries,Digital Wallet,Desktop,1,0,0,0
101560,45,122,South,129.83,Clothing,Credit,Mobile,2,0,0,0
101561,34,119,Midwest,119.1,Gas,Debit,Mobile,1,0,0,0
101562,72,159,West,300.0,Clothing,Digital Wallet,Desktop,3,0,0,0
101563,58,115,Midwest,40.63,Restaurants,Digital Wallet,Desktop,1,0,0,0
101564,30,173,West,12.92,Luxury,Digital Wallet,Mobile,1,1,0,1
101565,34,150,Northeast,4.61,Electronics,Debit,Desktop,3,0,0,0
101566,71,81,South,59.81,Electronics,Digital Wallet,Mobile,2,0,0,0
101567,25,61,South,85.73,Travel,Debit,Tablet,1,0,0,0
101568,66,111,Northeast,134.5,Electronics,Digital Wallet,Mobile,1,0,0,0
101569,55,10,West,121.04,Electronics,Digital Wallet,Mobile,2,1,0,0
101570,25,30,Midwest,14.13,Clothing,Credit,Tablet,1,0,0,0
101571,66,51,South,15.49,Electronics,Debit,Desktop,1,0,0,0
101572,66,146,West,72.74,Luxury,Digital Wallet,Desktop,3,0,0,0
101573,31,146,South,59.41,Restaurants,Credit,Mobile,2,1,0,0
101574,29,27,Northeast,19.12,Online Services,Debit,Tablet,2,0,1,0
101575,36,9,Northeast,19.12,Gas,Debit,Desktop,1,0,0,0
101576,27,133,Midwest,143.26,Groceries,Credit,Desktop,2,0,0,1
101577,62,68,West,135.66,Groceries,Credit,Mobile,1,0,1,0
101578,27,24,Midwest,210.14,Electronics,Debit,Desktop,5,0,0,0
101579,20,26,South,34.16,Online Services,Debit,Desktop,4,0,1,0
101580,51,12,Midwest,44.83,Online Services,Debit,Tablet,2,0,0,0
101581,22,106,South,12.46,Electronics,Debit,Tablet,1,0,0,0
101582,20,135,Northeast,295.32,Groceries,Digital Wallet,Mobile,3,0,0,0
101583,48,129,West,139.34,Electronics,Debit,Mobile,3,0,0,0
101584,42,108,Northeast,133.96,Luxury,Digital Wallet,Tablet,2,1,0,0
101585,23,22,West,70.7,Online Services,Credit,Mobile,2,0,0,0
101586,20,119,West,0.61,Online Services,Digital Wallet,Tablet,5,1,0,0
101587,67,169,South,305.32,Travel,Debit,Tablet,1,0,0,0
101588,26,143,South,95.93,Travel,Credit,Tablet,4,1,1,0
101589,20,168,South,569.49,Online Services,Digital Wallet,Mobile,0,0,0,0
101590,42,83,Midwest,36.17,Clothing,Digital Wallet,Desktop,3,0,0,0
101591,42,65,South,197.55,Groceries,Digital Wallet,Tablet,0,1,1,0
101592,67,74,West,59.31,Luxury,Digital Wallet,Tablet,2,0,0,0
101593,64,107,Northeast,86.8,Clothing,Credit,Tablet,0,0,0,0
101594,56,120,Midwest,72.25,Gas,Digital Wallet,Mobile,3,1,0,0
101595,70,45,West,37.6,Clothing,Digital Wallet,Desktop,4,0,1,0
101596,28,76,Northeast,44.06,Electronics,Debit,Mobile,1,0,0,0
101597,43,102,Northeast,396.26,Luxury,Debit,Tablet,3,0,0,0
101598,25,135,South,241.58,Online Services,Debit,Mobile,1,0,1,0
101599,41,93,West,386.93,Online Services,Digital Wallet,Mobile,1,0,0,0
101600,37,45,Northeast,30.07,Clothing,Digital Wallet,Desktop,0,0,0,0
101601,20,13,West,17.02,Electronics,Debit,Desktop,1,0,1,0
101602,27,42,South,183.63,Luxury,Debit,Mobile,1,0,0,0
101603,55,72,South,26.61,Restaurants,Credit,Mobile,2,0,0,0
101604,61,132,Midwest,57.4,Luxury,Digital Wallet,Desktop,0,0,0,0
101605,39,26,West,193.13,Clothing,Debit,Tablet,5,0,1,0
101606,71,155,West,118.89,Clothing,Debit,Tablet,3,0,1,0
101607,65,126,South,220.6,Electronics,Debit,Mobile,1,0,0,0
101608,26,147,Northeast,48.42,Electronics,Credit,Tablet,1,0,0,0
101609,49,93,Midwest,51.73,Electronics,Debit,Tablet,1,0,0,0
101610,45,39,West,244.42,Travel,Credit,Mobile,3,0,0,0
101611,20,62,Northeast,88.87,Gas,Digital Wallet,Tablet,3,0,0,0
101612,39,179,West,55.97,Groceries,Digital Wallet,Mobile,0,0,0,0
101613,42,139,West,70.56,Gas,Credit,Tablet,5,1,1,1
101614,21,70,Northeast,149.79,Travel,Debit,Mobile,2,0,0,0
101615,72,98,West,136.46,Clothing,Credit,Desktop,4,0,1,0
101616,40,68,Northeast,25.22,Online Services,Debit,Mobile,1,1,0,1
101617,47,100,South,427.94,Online Services,Digital Wallet,Mobile,4,1,0,1
101618,59,114,Northeast,234.05,Gas,Debit,Desktop,2,1,0,0
101619,53,165,South,67.85,Electronics,Credit,Desktop,2,0,0,0
101620,43,47,Midwest,11.21,Groceries,Credit,Desktop,3,0,0,0
101621,48,61,West,261.62,Online Services,Credit,Tablet,0,0,0,0
101622,26,97,Northeast,70.56,Groceries,Credit,Desktop,5,0,0,0
101623,40,60,South,121.52,Restaurants,Credit,Mobile,4,0,0,0
101624,73,13,Midwest,22.69,Groceries,Credit,Tablet,0,0,0,0
101625,24,167,South,21.74,Electronics,Debit,Tablet,1,0,1,0
101626,23,125,West,45.15,Restaurants,Debit,Mobile,0,0,0,0
101627,41,48,South,165.39,Groceries,Credit,Desktop,2,0,0,0
101628,50,7,Northeast,201.83,Gas,Debit,Tablet,2,0,1,0
101629,61,119,Midwest,67.13,Groceries,Credit,Tablet,2,0,0,1
101630,63,4,Midwest,147.0,Electronics,Debit,Mobile,4,0,0,0
101631,49,68,Midwest,143.3,Restaurants,Digital Wallet,Mobile,2,1,0,0
101632,60,145,Northeast,136.72,Electronics,Digital Wallet,Tablet,1,0,0,0
101633,22,93,Northeast,20.47,Restaurants,Credit,Desktop,2,0,0,0
101634,34,151,Midwest,205.84,Gas,Digital Wallet,Mobile,1,0,0,0
101635,20,1,South,45.31,Luxury,Debit,Tablet,1,0,0,0
101636,23,141,Northeast,212.1,Groceries,Credit,Desktop,4,1,0,0
101637,65,138,Midwest,160.6,Online Services,Credit,Desktop,5,0,0,0
101638,73,90,Midwest,269.2,Restaurants,Credit,Mobile,3,0,1,0
101639,40,154,West,27.14,Online Services,Debit,Desktop,3,0,1,0
101640,47,51,Midwest,45.37,Groceries,Debit,Tablet,0,1,0,0
101641,42,165,South,333.71,Electronics,Digital Wallet,Desktop,3,0,0,0
101642,38,75,West,17.48,Travel,Debit,Mobile,2,0,0,0
101643,38,112,Midwest,122.76,Restaurants,Digital Wallet,Mobile,2,1,3,1
101644,66,142,Northeast,23.58,Travel,Credit,Tablet,2,0,0,0
101645,36,143,South,3.41,Restaurants,Debit,Mobile,2,1,0,0
101646,19,125,Northeast,51.85,Travel,Digital Wallet,Desktop,2,0,0,0
101647,32,109,Midwest,60.9,Luxury,Debit,Tablet,2,0,0,0
101648,42,153,Northeast,287.38,Online Services,Digital Wallet,Mobile,2,0,0,0
101649,23,94,Northeast,71.61,Online Services,Digital Wallet,Mobile,2,0,0,0
101650,59,128,Northeast,45.97,Luxury,Digital Wallet,Mobile,1,0,0,0
101651,50,117,South,94.25,Luxury,Credit,Desktop,6,0,1,0
101652,22,174,Midwest,10.27,Luxury,Debit,Tablet,2,0,0,0
101653,38,50,Northeast,17.81,Luxury,Credit,Tablet,3,0,0,0
101654,49,64,West,308.03,Restaurants,Digital Wallet,Tablet,2,0,0,0
101655,66,9,South,179.37,Clothing,Digital Wallet,Mobile,0,0,0,0
101656,62,36,Midwest,382.19,Travel,Debit,Tablet,2,0,0,0
101657,64,137,Midwest,0.63,Restaurants,Credit,Mobile,3,0,1,0
101658,50,65,West,302.22,Travel,Debit,Mobile,3,0,0,0
101659,47,129,Midwest,213.98,Clothing,Digital Wallet,Desktop,1,1,0,1
101660,28,177,Midwest,105.8,Luxury,Credit,Tablet,0,0,0,0
101661,67,99,Northeast,412.9,Luxury,Debit,Desktop,1,0,0,0
101662,68,22,West,378.19,Travel,Credit,Tablet,1,0,0,0
101663,70,81,West,276.55,Groceries,Digital Wallet,Mobile,5,0,0,0
101664,73,98,Midwest,0.2,Restaurants,Debit,Tablet,3,0,0,0
101665,45,44,Midwest,94.05,Electronics,Debit,Desktop,1,0,1,0
101666,41,136,South,353.82,Clothing,Digital Wallet,Desktop,2,0,0,0
101667,28,26,South,43.09,Electronics,Debit,Tablet,1,1,1,0
101668,74,138,Midwest,169.24,Online Services,Debit,Mobile,1,0,1,1
101669,73,146,West,113.72,Luxury,Debit,Mobile,5,0,0,0
101670,35,145,Northeast,112.5,Online Services,Credit,Mobile,3,0,0,0
101671,58,77,West,101.66,Online Services,Credit,Mobile,3,0,0,0
101672,39,25,Northeast,20.04,Travel,Digital Wallet,Mobile,1,0,1,0
101673,56,63,Midwest,2.09,Gas,Credit,Mobile,4,0,0,0
101674,26,163,Northeast,30.73,Electronics,Digital Wallet,Mobile,2,0,0,0
101675,28,83,South,206.23,Travel,Digital Wallet,Desktop,3,0,0,1
101676,21,144,South,8.79,Clothing,Credit,Tablet,2,0,1,0
101677,48,86,South,4.56,Restaurants,Credit,Desktop,4,1,0,0
101678,73,141,Midwest,52.68,Electronics,Digital Wallet,Mobile,2,0,0,0
101679,20,4,South,133.83,Groceries,Debit,Tablet,1,0,0,0
101680,72,164,West,35.89,Online Services,Credit,Desktop,1,0,1,0
101681,18,72,Northeast,153.07,Travel,Debit,Desktop,0,0,0,1
101682,67,80,Northeast,187.66,Gas,Debit,Mobile,1,0,0,0
101683,55,63,Northeast,57.43,Travel,Digital Wallet,Mobile,0,0,2,0
101684,56,39,Northeast,195.52,Groceries,Debit,Mobile,2,0,0,0
101685,54,107,South,51.1,Gas,Credit,Desktop,7,0,0,1
101686,39,117,West,70.8,Travel,Digital Wallet,Mobile,1,0,2,0
101687,51,33,West,341.03,Gas,Credit,Tablet,4,1,0,0
101688,41,121,West,164.07,Luxury,Debit,Mobile,2,0,1,0
101689,23,10,South,190.77,Electronics,Digital Wallet,Desktop,1,0,0,0
101690,37,135,South,600.63,Restaurants,Digital Wallet,Tablet,3,0,0,0
101691,58,15,West,62.06,Groceries,Credit,Desktop,1,0,0,0
101692,20,121,South,8.6,Restaurants,Debit,Desktop,3,0,0,0
101693,44,170,South,126.08,Clothing,Credit,Mobile,0,0,1,0
101694,23,23,South,58.12,Luxury,Debit,Tablet,3,0,0,0
101695,72,158,Midwest,262.41,Electronics,Credit,Mobile,3,1,1,0
101696,29,6,Northeast,421.62,Electronics,Digital Wallet,Mobile,2,0,1,0
101697,65,26,Midwest,83.44,Luxury,Credit,Tablet,2,0,0,0
101698,56,150,South,496.68,Restaurants,Digital Wallet,Desktop,1,0,0,1
101699,51,166,West,69.33,Groceries,Digital Wallet,Tablet,3,0,0,0
101700,64,39,South,207.5,Luxury,Digital Wallet,Mobile,2,0,0,0
101701,38,161,West,222.29,Electronics,Digital Wallet,Desktop,0,0,1,0
101702,21,6,Northeast,191.07,Luxury,Digital Wallet,Desktop,0,0,2,0
101703,74,105,South,93.23,Online Services,Debit,Mobile,1,0,1,0
101704,22,176,Northeast,552.94,Restaurants,Credit,Mobile,1,0,1,0
101705,24,88,West,123.58,Travel,Credit,Mobile,1,0,0,0
101706,41,51,Northeast,25.85,Groceries,Debit,Mobile,4,0,0,0
101707,33,68,Midwest,19.77,Restaurants,Digital Wallet,Tablet,2,0,0,0
101708,66,177,Northeast,63.42,Luxury,Credit,Desktop,0,0,0,0
101709,47,158,South,72.41,Clothing,Debit,Mobile,2,0,0,0
101710,54,101,South,163.52,Restaurants,Credit,Tablet,1,1,0,0
101711,25,126,Midwest,212.71,Travel,Debit,Desktop,3,1,1,0
101712,65,175,Midwest,56.49,Groceries,Digital Wallet,Mobile,2,0,0,0
101713,56,42,West,120.63,Luxury,Debit,Mobile,4,0,0,0
101714,63,155,West,35.7,Online Services,Credit,Tablet,0,0,5,0
101715,61,5,West,21.34,Online Services,Credit,Tablet,4,0,0,0
101716,24,123,South,100.15,Gas,Credit,Desktop,1,0,1,0
101717,29,149,South,121.0,Luxury,Debit,Desktop,3,0,0,0
101718,23,53,Midwest,116.12,Online Services,Digital Wallet,Desktop,1,1,0,0
101719,66,137,West,2.01,Groceries,Debit,Tablet,1,0,0,0
101720,42,1,Midwest,338.48,Gas,Debit,Tablet,2,0,0,0
101721,47,32,Midwest,169.28,Gas,Credit,Tablet,4,0,1,0
101722,28,51,Midwest,299.85,Travel,Debit,Mobile,1,0,0,0
101723,47,173,Northeast,826.28,Luxury,Credit,Desktop,1,0,0,0
101724,69,138,West,19.83,Travel,Debit,Mobile,4,0,0,0
101725,68,34,West,115.39,Electronics,Digital Wallet,Tablet,6,0,0,0
101726,60,5,Midwest,19.59,Travel,Debit,Tablet,3,1,1,0
101727,54,24,West,120.23,Groceries,Debit,Desktop,2,0,0,0
101728,67,31,Midwest,316.94,Clothing,Debit,Mobile,1,0,0,0
101729,70,21,Midwest,105.49,Clothing,Debit,Mobile,4,0,0,0
101730,72,168,West,13.45,Groceries,Debit,Mobile,3,0,0,0
101731,43,65,West,142.42,Groceries,Digital Wallet,Tablet,3,1,0,0
101732,74,41,West,329.1,Groceries,Debit,Tablet,3,0,0,0
101733,28,58,West,235.49,Clothing,Debit,Tablet,4,0,0,0
101734,40,158,South,344.39,Clothing,Digital Wallet,Tablet,0,0,0,0
101735,34,136,West,12.1,Groceries,Credit,Tablet,0,0,1,0
101736,34,27,West,276.26,Travel,Debit,Tablet,4,0,0,0
101737,52,74,West,58.2,Clothing,Credit,Desktop,0,1,0,0
101738,34,171,South,27.68,Travel,Credit,Tablet,0,0,0,0
101739,30,77,West,60.23,Clothing,Credit,Mobile,2,0,0,0
101740,21,17,Midwest,10.43,Electronics,Credit,Tablet,2,0,0,0
101741,68,3,West,41.33,Clothing,Digital Wallet,Mobile,0,0,0,0
101742,44,111,South,100.73,Luxury,Debit,Tablet,3,1,0,0
101743,46,46,Midwest,1.01,Clothing,Credit,Mobile,1,0,0,0
101744,70,63,Midwest,20.96,Online Services,Debit,Tablet,0,1,0,0
101745,55,25,Midwest,22.01,Restaurants,Digital Wallet,Tablet,0,0,0,0
101746,43,26,South,145.36,Online Services,Digital Wallet,Desktop,1,0,0,0
101747,53,78,South,201.05,Travel,Credit,Tablet,1,0,0,0
101748,40,2,Northeast,92.51,Groceries,Debit,Mobile,1,1,0,1
101749,26,169,South,271.01,Luxury,Debit,Mobile,1,0,0,0
101750,19,147,Northeast,14.87,Luxury,Debit,Tablet,2,0,1,0
101751,49,83,South,292.7,Luxury,Debit,Desktop,0,1,0,0
101752,59,84,West,200.03,Luxury,Digital Wallet,Desktop,2,0,1,0
101753,64,35,West,18.75,Luxury,Debit,Tablet,1,0,1,0
101754,48,54,Midwest,53.9,Gas,Debit,Tablet,1,1,0,0
101755,46,101,Northeast,46.62,Groceries,Credit,Mobile,4,0,2,0
101756,22,128,Northeast,43.69,Travel,Digital Wallet,Tablet,3,0,0,0
101757,53,110,West,225.68,Luxury,Credit,Mobile,2,1,1,0
101758,74,175,West,28.15,Gas,Debit,Desktop,3,0,0,0
101759,66,153,West,46.84,Luxury,Debit,Desktop,0,0,0,0
101760,45,67,South,24.23,Electronics,Debit,Tablet,2,1,1,0
101761,54,93,Midwest,115.85,Electronics,Debit,Tablet,0,0,0,0
101762,67,17,Northeast,97.6,Gas,Digital Wallet,Tablet,1,0,1,0
101763,57,10,Northeast,221.62,Online Services,Credit,Mobile,3,0,0,0
101764,44,34,Midwest,193.18,Clothing,Credit,Desktop,2,0,0,0
101765,27,120,South,302.78,Gas,Credit,Mobile,4,1,0,0
101766,44,157,South,68.91,Groceries,Digital Wallet,Desktop,4,0,0,0
101767,47,61,Midwest,40.06,Restaurants,Debit,Tablet,2,0,1,0
101768,68,13,Midwest,133.38,Groceries,Debit,Mobile,1,0,0,1
101769,60,140,Midwest,23.62,Gas,Digital Wallet,Mobile,1,0,1,0
101770,70,113,South,26.01,Gas,Digital Wallet,Tablet,1,0,1,0
101771,37,78,Midwest,205.98,Groceries,Digital Wallet,Desktop,2,0,0,0
101772,22,79,Midwest,160.85,Groceries,Credit,Mobile,7,0,0,0
101773,55,119,West,17.95,Online Services,Credit,Mobile,2,1,0,0
101774,46,174,Northeast,16.47,Clothing,Debit,Desktop,5,0,0,0
101775,59,72,Midwest,332.53,Travel,Credit,Mobile,1,1,1,0
101776,33,158,Northeast,334.85,Restaurants,Debit,Tablet,2,0,1,0
101777,46,148,West,286.97,Online Services,Credit,Desktop,3,0,0,0
101778,33,95,Northeast,176.2,Electronics,Credit,Mobile,2,0,0,0
101779,64,103,Midwest,55.41,Gas,Digital Wallet,Tablet,2,0,1,0
101780,42,51,Northeast,142.15,Luxury,Credit,Tablet,2,0,0,0
101781,47,87,West,13.78,Restaurants,Credit,Desktop,0,0,0,0
101782,19,69,Northeast,91.54,Luxury,Digital Wallet,Tablet,1,0,0,0
101783,37,110,Northeast,45.3,Online Services,Debit,Tablet,0,0,0,0
101784,59,22,South,130.54,Restaurants,Debit,Desktop,3,0,0,0
101785,64,24,Midwest,10.53,Electronics,Digital Wallet,Mobile,3,0,0,0
101786,50,62,Northeast,15.83,Gas,Credit,Tablet,1,0,1,0
101787,67,29,South,17.87,Gas,Credit,Tablet,2,0,0,0
101788,36,77,South,3.73,Travel,Digital Wallet,Tablet,3,0,1,0
101789,21,81,West,135.32,Restaurants,Debit,Mobile,1,0,0,0
101790,50,97,West,809.05,Groceries,Debit,Desktop,5,0,0,0
101791,42,99,Midwest,250.69,Clothing,Credit,Desktop,0,0,0,0
101792,71,40,Midwest,68.27,Gas,Digital Wallet,Desktop,1,1,0,0
101793,53,73,Northeast,241.87,Groceries,Debit,Tablet,1,0,0,0
101794,67,89,South,77.4,Online Services,Credit,Mobile,2,1,0,1
101795,18,76,Northeast,76.17,Luxury,Digital Wallet,Desktop,3,0,0,0
101796,74,15,Northeast,11.79,Gas,Credit,Tablet,2,0,0,0
101797,33,56,Midwest,89.48,Electronics,Debit,Desktop,3,0,1,0
101798,42,147,Midwest,137.21,Restaurants,Digital Wallet,Mobile,1,0,0,0
101799,52,99,South,39.92,Groceries,Digital Wallet,Desktop,1,0,0,0
101800,28,126,Midwest,1.55,Electronics,Digital Wallet,Mobile,0,1,0,0
101801,41,21,Midwest,0.01,Travel,Digital Wallet,Tablet,0,0,0,0
101802,52,89,Northeast,402.73,Online Services,Credit,Desktop,2,1,0,0
101803,38,56,West,36.56,Restaurants,Digital Wallet,Desktop,2,0,1,0
101804,73,93,Northeast,264.32,Travel,Debit,Tablet,0,0,0,0
101805,70,7,West,58.48,Clothing,Credit,Desktop,3,0,0,0
101806,21,91,Northeast,46.84,Restaurants,Debit,Mobile,6,1,0,0
101807,62,76,West,232.69,Electronics,Credit,Desktop,6,0,0,0
101808,31,53,South,19.9,Electronics,Digital Wallet,Desktop,3,0,0,0
101809,44,60,Midwest,89.2,Luxury,Debit,Tablet,2,0,0,0
101810,50,160,Northeast,58.73,Travel,Digital Wallet,Tablet,2,0,0,0
101811,33,66,Northeast,425.24,Clothing,Digital Wallet,Mobile,4,1,0,1
101812,61,137,South,113.99,Restaurants,Debit,Desktop,4,0,0,0
101813,19,146,Northeast,152.83,Travel,Debit,Tablet,0,0,0,0
101814,50,14,West,10.65,Luxury,Debit,Tablet,0,0,1,0
101815,19,60,South,56.66,Travel,Credit,Mobile,2,0,0,0
101816,40,138,West,60.27,Luxury,Credit,Tablet,0,0,0,0
101817,19,82,South,2.57,Gas,Credit,Tablet,4,1,0,0
101818,39,159,West,184.27,Online Services,Credit,Tablet,3,0,1,0
101819,59,2,Northeast,337.12,Electronics,Debit,Desktop,0,0,0,0
101820,54,169,Midwest,187.65,Luxury,Debit,Mobile,3,0,0,0
101821,32,86,Northeast,148.44,Gas,Debit,Desktop,0,1,0,0
101822,26,141,West,48.51,Online Services,Digital Wallet,Tablet,4,0,0,0
101823,46,170,Northeast,44.3,Clothing,Digital Wallet,Mobile,2,0,0,0
101824,37,5,West,8.56,Clothing,Debit,Desktop,2,0,0,0
101825,21,93,South,17.75,Online Services,Digital Wallet,Mobile,0,0,0,0
101826,27,68,Northeast,22.94,Clothing,Debit,Tablet,3,0,2,0
101827,44,115,West,100.73,Groceries,Credit,Tablet,1,0,0,0
101828,73,32,Northeast,39.5,Online Services,Debit,Desktop,3,0,0,0
101829,41,49,West,78.62,Gas,Debit,Desktop,4,1,1,0
101830,61,158,West,1.53,Restaurants,Credit,Mobile,2,0,0,0
101831,19,43,Northeast,195.24,Clothing,Digital Wallet,Mobile,0,0,0,0
101832,65,50,Northeast,0.24,Online Services,Digital Wallet,Desktop,2,0,0,0
101833,41,84,Northeast,147.55,Gas,Debit,Mobile,5,0,0,0
101834,73,165,Northeast,18.29,Clothing,Credit,Mobile,1,0,1,0
101835,45,132,Northeast,30.9,Electronics,Credit,Mobile,2,1,0,0
101836,64,97,Northeast,16.22,Gas,Debit,Desktop,1,0,0,0
101837,63,38,Northeast,42.07,Travel,Digital Wallet,Mobile,2,0,0,0
101838,74,100,Northeast,241.12,Electronics,Credit,Tablet,0,0,0,0
101839,60,106,Northeast,138.78,Restaurants,Credit,Tablet,1,0,1,0
101840,36,164,South,41.7,Electronics,Debit,Desktop,4,0,0,0
101841,45,74,West,262.18,Restaurants,Digital Wallet,Tablet,1,0,0,0
101842,28,94,Midwest,15.95,Restaurants,Credit,Tablet,3,0,1,0
101843,49,134,South,43.48,Groceries,Debit,Tablet,0,0,0,0
101844,74,100,Northeast,56.54,Groceries,Digital Wallet,Tablet,4,0,0,0
101845,38,74,Midwest,11.99,Electronics,Credit,Mobile,4,0,0,0
101846,21,167,South,17.3,Electronics,Credit,Mobile,1,0,0,0
101847,70,40,South,24.49,Restaurants,Debit,Tablet,4,0,0,0
101848,58,144,Midwest,211.47,Gas,Digital Wallet,Desktop,5,0,1,0
101849,57,139,South,14.83,Gas,Digital Wallet,Desktop,0,0,0,0
101850,44,135,Midwest,307.11,Clothing,Digital Wallet,Mobile,5,1,0,0
101851,72,153,Midwest,105.89,Gas,Debit,Tablet,1,0,0,0
101852,50,81,West,47.57,Electronics,Digital Wallet,Tablet,3,0,0,0
101853,71,16,West,13.04,Groceries,Credit,Desktop,4,1,0,0
101854,57,168,Midwest,406.65,Online Services,Credit,Desktop,2,0,0,1
101855,72,98,Midwest,210.43,Luxury,Credit,Tablet,0,0,0,0
101856,31,175,West,117.02,Travel,Digital Wallet,Tablet,1,0,0,0
101857,25,22,West,373.78,Electronics,Debit,Tablet,1,0,0,0
101858,44,45,South,36.66,Travel,Debit,Mobile,2,0,0,0
101859,64,101,Northeast,48.82,Clothing,Credit,Desktop,1,0,0,0
101860,42,142,South,26.2,Travel,Debit,Mobile,3,1,1,0
101861,45,138,South,128.14,Gas,Digital Wallet,Tablet,2,1,0,0
101862,66,66,Northeast,6.41,Restaurants,Debit,Mobile,1,1,0,0
101863,35,73,South,393.85,Groceries,Digital Wallet,Mobile,1,1,1,0
101864,47,163,Midwest,18.93,Groceries,Debit,Desktop,1,0,0,0
101865,47,106,West,114.52,Online Services,Debit,Mobile,1,0,0,0
101866,39,116,Midwest,60.38,Clothing,Digital Wallet,Desktop,3,0,0,0
101867,29,133,South,129.14,Gas,Digital Wallet,Desktop,4,0,1,0
101868,52,167,South,11.85,Gas,Digital Wallet,Desktop,1,0,1,0
101869,73,164,Midwest,24.59,Groceries,Debit,Mobile,1,0,0,0
101870,65,124,Northeast,0.6,Online Services,Digital Wallet,Tablet,2,0,0,0
101871,24,76,South,44.86,Gas,Digital Wallet,Mobile,2,1,0,0
101872,23,24,Midwest,103.89,Luxury,Credit,Desktop,4,1,1,0
101873,27,137,Northeast,144.63,Restaurants,Digital Wallet,Tablet,3,0,0,0
101874,74,38,Northeast,128.08,Restaurants,Digital Wallet,Tablet,3,0,0,0
101875,28,5,Midwest,135.08,Gas,Credit,Tablet,2,0,0,0
101876,31,130,Northeast,32.8,Restaurants,Debit,Desktop,1,1,0,0
101877,72,92,Northeast,253.91,Luxury,Debit,Mobile,1,0,1,0
101878,19,86,Northeast,78.11,Groceries,Credit,Tablet,2,0,0,0
101879,53,38,South,115.77,Electronics,Digital Wallet,Desktop,2,0,0,0
101880,23,31,Midwest,24.14,Groceries,Debit,Desktop,1,0,0,0
101881,22,149,West,92.6,Electronics,Credit,Mobile,4,0,0,0
101882,29,41,Northeast,7.29,Gas,Debit,Mobile,1,0,0,0
101883,68,130,Midwest,6.28,Electronics,Digital Wallet,Mobile,3,0,0,0
101884,66,139,South,395.02,Restaurants,Debit,Mobile,1,0,0,0
101885,36,122,West,77.15,Restaurants,Credit,Mobile,2,0,0,0
101886,27,92,Northeast,212.93,Online Services,Digital Wallet,Tablet,3,0,0,0
101887,22,170,West,8.18,Clothing,Debit,Desktop,1,0,0,0
101888,45,175,West,101.95,Restaurants,Credit,Tablet,3,0,0,0
101889,66,114,Northeast,8.07,Gas,Debit,Desktop,4,1,0,0
101890,43,15,Northeast,17.82,Clothing,Digital Wallet,Tablet,0,0,0,0
101891,20,41,South,25.78,Groceries,Credit,Mobile,2,0,0,0
101892,57,167,Northeast,202.24,Travel,Digital Wallet,Mobile,1,1,0,0
101893,59,42,Northeast,154.4,Groceries,Debit,Desktop,1,0,0,0
101894,34,59,Northeast,10.32,Restaurants,Digital Wallet,Desktop,1,0,0,0
101895,19,174,West,260.73,Electronics,Credit,Desktop,2,0,0,1
101896,62,98,South,43.4,Clothing,Digital Wallet,Desktop,1,0,0,0
101897,52,119,Midwest,64.24,Groceries,Debit,Mobile,0,0,0,0
101898,71,128,South,22.13,Online Services,Debit,Mobile,2,0,0,0
101899,48,135,Midwest,120.95,Restaurants,Credit,Mobile,2,0,0,0
101900,23,98,West,23.11,Restaurants,Digital Wallet,Mobile,1,0,0,0
101901,64,94,Northeast,403.35,Gas,Debit,Tablet,1,0,1,1
101902,56,160,Northeast,19.42,Luxury,Credit,Tablet,3,0,0,0
101903,44,87,West,43.32,Restaurants,Credit,Mobile,0,0,0,0
101904,29,150,South,9.79,Clothing,Credit,Mobile,3,1,0,0
101905,21,46,Midwest,1.49,Electronics,Credit,Mobile,0,0,1,0
101906,51,88,Midwest,116.22,Online Services,Credit,Mobile,2,0,0,0
101907,42,20,West,97.04,Clothing,Debit,Tablet,1,0,0,0
101908,70,146,Northeast,125.48,Gas,Credit,Desktop,3,0,0,0
101909,67,131,West,73.63,Luxury,Credit,Mobile,2,0,0,0
101910,68,106,Midwest,6.51,Luxury,Digital Wallet,Desktop,3,0,0,0
101911,32,37,West,137.96,Travel,Digital Wallet,Desktop,1,0,0,0
101912,70,38,South,122.16,Gas,Credit,Tablet,4,0,0,0
101913,67,30,West,104.12,Electronics,Digital Wallet,Desktop,4,0,0,0
101914,72,114,West,14.26,Clothing,Debit,Tablet,1,0,0,0
101915,35,78,South,29.58,Clothing,Digital Wallet,Desktop,1,0,2,0
101916,50,176,Northeast,104.16,Luxury,Credit,Desktop,2,0,0,0
101917,69,90,West,133.42,Groceries,Debit,Mobile,3,0,0,0
101918,19,48,Northeast,82.0,Travel,Digital Wallet,Tablet,2,0,0,0
101919,54,145,West,66.4,Clothing,Digital Wallet,Desktop,0,0,1,0
101920,66,136,Northeast,236.8,Travel,Digital Wallet,Desktop,1,0,0,0
101921,42,10,Midwest,376.94,Gas,Digital Wallet,Mobile,1,0,1,0
101922,43,7,West,37.4,Electronics,Debit,Mobile,1,0,0,0
101923,38,38,West,24.84,Groceries,Digital Wallet,Mobile,1,0,0,0
101924,70,88,West,509.21,Restaurants,Debit,Desktop,5,0,0,0
101925,39,95,West,9.36,Online Services,Debit,Mobile,2,0,0,0
101926,39,100,South,4.72,Groceries,Credit,Mobile,2,0,0,0
101927,71,84,West,106.83,Clothing,Debit,Mobile,3,1,0,1
101928,72,130,Northeast,134.26,Luxury,Credit,Tablet,3,0,0,0
101929,32,4,West,74.75,Travel,Credit,Mobile,1,1,1,0
101930,44,23,Northeast,88.53,Electronics,Digital Wallet,Desktop,1,0,0,0
101931,31,37,Northeast,32.92,Restaurants,Digital Wallet,Mobile,5,0,0,0
101932,71,29,West,33.15,Luxury,Digital Wallet,Mobile,1,0,0,0
101933,46,177,South,109.82,Clothing,Credit,Tablet,1,0,0,0
101934,71,46,Midwest,227.8,Gas,Debit,Tablet,1,0,0,0
101935,18,43,Northeast,10.15,Clothing,Digital Wallet,Desktop,1,0,1,0
101936,29,151,Northeast,45.21,Travel,Digital Wallet,Tablet,3,0,1,0
101937,67,107,Midwest,45.12,Restaurants,Credit,Tablet,4,0,0,0
101938,19,32,Northeast,33.69,Restaurants,Credit,Tablet,3,0,0,0
101939,55,54,Northeast,140.19,Restaurants,Digital Wallet,Mobile,2,0,0,0
101940,26,89,Northeast,25.26,Clothing,Debit,Desktop,2,1,0,0
101941,59,148,South,115.92,Clothing,Debit,Tablet,1,0,0,0
101942,68,165,Northeast,109.85,Gas,Digital Wallet,Desktop,2,1,1,0
101943,53,19,Northeast,25.52,Luxury,Credit,Desktop,4,0,0,0
101944,43,137,West,36.56,Online Services,Credit,Tablet,1,0,0,0
101945,28,3,Northeast,121.48,Groceries,Credit,Tablet,3,1,0,0
101946,42,2,South,102.62,Gas,Debit,Desktop,4,0,0,0
101947,50,155,Northeast,16.39,Clothing,Credit,Tablet,2,0,0,0
101948,23,52,Midwest,40.67,Gas,Credit,Tablet,0,0,0,0
101949,28,40,Midwest,46.5,Luxury,Credit,Mobile,1,0,1,0
101950,22,59,Midwest,104.17,Travel,Debit,Mobile,1,0,0,0
101951,18,24,Midwest,18.73,Travel,Credit,Desktop,7,0,0,0
101952,36,99,Northeast,89.29,Luxury,Digital Wallet,Desktop,2,0,0,0
101953,68,116,Northeast,74.22,Luxury,Credit,Tablet,1,0,1,0
101954,42,118,Midwest,195.41,Restaurants,Debit,Mobile,0,0,0,0
101955,69,165,Midwest,292.66,Groceries,Credit,Tablet,0,0,0,0
101956,56,45,West,116.94,Luxury,Digital Wallet,Tablet,3,0,0,0
101957,18,74,Midwest,128.57,Luxury,Credit,Tablet,0,0,0,0
101958,18,162,South,11.55,Gas,Credit,Tablet,0,0,1,0
101959,43,7,Northeast,52.32,Gas,Digital Wallet,Tablet,3,0,0,0
101960,27,137,Midwest,24.35,Restaurants,Debit,Mobile,2,0,0,0
101961,66,80,South,2.97,Clothing,Credit,Desktop,4,0,0,0
101962,55,81,Midwest,24.23,Gas,Credit,Tablet,1,0,1,0
101963,44,86,West,119.83,Luxury,Digital Wallet,Mobile,0,0,0,0
101964,62,77,South,351.13,Clothing,Credit,Tablet,2,0,0,0
101965,72,55,Midwest,310.62,Online Services,Debit,Tablet,2,0,0,0
101966,69,35,West,72.32,Gas,Digital Wallet,Mobile,1,0,0,0
101967,71,114,Northeast,125.88,Groceries,Digital Wallet,Tablet,2,0,0,0
101968,52,176,Northeast,135.71,Travel,Debit,Desktop,2,0,0,0
101969,27,123,Northeast,174.59,Gas,Debit,Mobile,1,0,0,0
101970,37,70,Northeast,37.64,Groceries,Credit,Mobile,6,0,1,0
101971,70,108,Midwest,12.57,Online Services,Credit,Desktop,1,0,0,0
101972,55,57,Midwest,88.67,Gas,Debit,Desktop,1,0,1,0
101973,34,97,West,10.78,Electronics,Credit,Tablet,3,1,1,0
101974,39,95,Midwest,308.95,Electronics,Debit,Tablet,3,0,1,0
101975,48,102,Northeast,21.36,Clothing,Credit,Tablet,2,0,1,0
101976,61,150,Northeast,75.48,Gas,Digital Wallet,Mobile,1,0,0,0
101977,73,125,West,400.29,Restaurants,Debit,Tablet,1,0,0,1
101978,23,46,South,76.35,Travel,Digital Wallet,Mobile,1,0,0,0
101979,45,105,West,2.36,Groceries,Debit,Tablet,6,0,0,1
101980,56,42,Midwest,134.38,Electronics,Digital Wallet,Mobile,0,0,0,0
101981,73,115,West,163.39,Restaurants,Digital Wallet,Desktop,0,1,1,0
101982,23,85,Midwest,18.73,Clothing,Debit,Desktop,1,0,0,0
101983,31,149,Northeast,159.92,Groceries,Digital Wallet,Desktop,1,0,0,0
101984,21,113,South,186.81,Electronics,Debit,Tablet,1,0,1,0
101985,37,178,West,20.79,Electronics,Digital Wallet,Mobile,0,0,0,0
101986,62,104,Midwest,18.17,Travel,Digital Wallet,Mobile,1,0,1,0
101987,27,81,Midwest,40.33,Groceries,Credit,Tablet,2,0,0,0
101988,28,81,West,86.68,Restaurants,Credit,Tablet,0,0,1,0
101989,61,49,Northeast,211.98,Online Services,Debit,Tablet,1,0,1,0
101990,56,155,Midwest,0.02,Online Services,Credit,Tablet,3,0,0,0
101991,43,24,Midwest,91.26,Luxury,Debit,Tablet,3,0,0,0
101992,54,77,South,8.35,Gas,Digital Wallet,Tablet,1,0,0,0
101993,25,105,Midwest,116.95,Restaurants,Debit,Mobile,1,1,0,0
101994,62,3,Midwest,491.87,Online Services,Digital Wallet,Mobile,4,0,0,0
101995,20,133,Northeast,5.35,Restaurants,Credit,Desktop,2,1,1,1
101996,46,140,West,290.82,Gas,Debit,Mobile,2,0,1,0
101997,57,89,Northeast,117.55,Groceries,Debit,Mobile,1,0,0,0
101998,74,59,West,30.02,Clothing,Credit,Mobile,2,0,0,0
101999,30,42,South,93.19,Electronics,Debit,Mobile,1,0,0,0
102000,34,169,Midwest,189.19,Luxury,Digital Wallet,Tablet,0,1,0,1
102001,48,64,West,22.5,Groceries,Digital Wallet,Mobile,1,0,0,0
102002,44,47,Northeast,269.61,Travel,Credit,Mobile,0,0,1,0
102003,68,18,South,101.98,Online Services,Credit,Mobile,0,0,0,0
102004,26,137,South,51.98,Groceries,Credit,Tablet,2,0,0,0
102005,36,35,Midwest,4.95,Clothing,Debit,Tablet,4,0,0,0
102006,52,30,Midwest,7.15,Clothing,Credit,Desktop,4,1,0,0
102007,34,69,West,3.26,Gas,Debit,Desktop,3,0,1,0
102008,41,82,West,70.4,Gas,Digital Wallet,Tablet,1,0,0,0
102009,41,164,West,297.04,Groceries,Debit,Mobile,0,0,0,0
102010,21,156,Midwest,46.67,Online Services,Digital Wallet,Mobile,2,0,0,0
102011,65,40,West,103.41,Luxury,Digital Wallet,Desktop,3,0,0,0
102012,39,121,Northeast,147.89,Clothing,Debit,Tablet,2,0,0,0
102013,67,77,Midwest,34.45,Luxury,Credit,Tablet,0,0,0,0
102014,46,12,West,175.25,Clothing,Credit,Mobile,1,0,0,0
102015,68,17,South,184.28,Travel,Debit,Desktop,1,0,0,0
102016,35,92,Northeast,166.9,Clothing,Debit,Desktop,2,1,0,0
102017,67,17,West,165.54,Groceries,Credit,Desktop,4,1,0,0
102018,38,134,South,129.76,Online Services,Debit,Tablet,3,1,0,0
102019,59,131,West,56.29,Electronics,Digital Wallet,Desktop,2,0,0,0
102020,63,174,West,7.9,Groceries,Credit,Tablet,0,1,2,1
102021,23,91,Northeast,417.79,Travel,Debit,Tablet,4,0,0,0
102022,69,53,West,306.7,Online Services,Credit,Mobile,0,0,0,0
102023,37,105,Northeast,2.27,Gas,Digital Wallet,Desktop,2,0,0,0
102024,50,105,West,7.17,Clothing,Digital Wallet,Mobile,1,1,0,0
102025,52,73,Midwest,195.85,Clothing,Digital Wallet,Desktop,2,0,0,0
102026,65,167,Midwest,34.69,Online Services,Digital Wallet,Desktop,3,0,0,0
102027,57,59,West,128.42,Restaurants,Credit,Mobile,2,0,1,0
102028,68,12,Midwest,101.11,Luxury,Debit,Mobile,1,0,0,0
102029,63,59,Midwest,27.18,Luxury,Digital Wallet,Tablet,1,0,0,0
102030,53,146,Midwest,146.63,Gas,Debit,Tablet,1,0,0,0
102031,46,155,Northeast,17.81,Electronics,Debit,Mobile,2,0,0,0
102032,32,16,West,4.49,Gas,Digital Wallet,Mobile,0,0,1,0
102033,28,161,Midwest,24.26,Gas,Digital Wallet,Tablet,2,0,0,0
102034,22,64,West,33.4,Online Services,Credit,Desktop,4,0,0,0
102035,25,63,West,69.34,Travel,Credit,Tablet,2,0,1,0
102036,59,16,South,47.49,Luxury,Digital Wallet,Mobile,0,0,0,0
102037,74,39,Midwest,20.32,Travel,Debit,Tablet,1,0,0,0
102038,18,141,South,335.01,Travel,Debit,Mobile,3,0,1,0
102039,43,72,Northeast,69.13,Groceries,Credit,Tablet,3,0,2,0
102040,20,110,South,141.05,Clothing,Debit,Tablet,2,0,1,0
102041,35,125,South,15.81,Gas,Debit,Desktop,1,0,0,0
102042,46,80,West,30.8,Restaurants,Debit,Tablet,1,0,1,0
102043,46,9,West,12.94,Electronics,Credit,Mobile,3,0,0,0
102044,35,49,West,76.71,Gas,Digital Wallet,Tablet,1,0,0,0
102045,44,143,Midwest,58.98,Travel,Debit,Desktop,4,0,1,0
102046,43,171,South,107.86,Restaurants,Digital Wallet,Mobile,2,1,0,1
102047,44,158,Northeast,35.49,Luxury,Credit,Mobile,5,0,0,0
102048,36,138,South,373.77,Online Services,Debit,Mobile,1,0,1,0
102049,57,69,South,415.33,Groceries,Debit,Mobile,2,0,0,0
102050,20,22,Northeast,117.73,Restaurants,Debit,Desktop,3,1,0,0
102051,61,97,South,237.93,Luxury,Credit,Mobile,3,0,1,1
102052,18,105,South,87.27,Gas,Credit,Mobile,2,0,1,0
102053,72,149,Northeast,141.64,Online Services,Digital Wallet,Tablet,3,1,0,0
102054,60,63,Midwest,41.22,Clothing,Debit,Tablet,1,0,1,0
102055,68,45,West,237.25,Clothing,Debit,Desktop,1,0,1,0
102056,34,14,West,18.91,Travel,Credit,Desktop,2,0,2,1
102057,61,39,South,105.88,Gas,Debit,Tablet,3,0,1,0
102058,72,97,South,16.03,Clothing,Digital Wallet,Mobile,4,0,0,0
102059,18,55,West,422.43,Restaurants,Digital Wallet,Desktop,3,0,0,0
102060,42,55,Midwest,234.83,Gas,Credit,Mobile,1,0,0,0
102061,36,74,West,51.81,Online Services,Digital Wallet,Mobile,0,0,0,0
102062,34,81,Midwest,4.3,Restaurants,Debit,Mobile,6,0,0,0
102063,62,110,West,59.24,Clothing,Digital Wallet,Desktop,1,0,0,0
102064,18,7,West,308.03,Groceries,Debit,Mobile,2,0,0,1
102065,24,15,Northeast,40.04,Luxury,Debit,Mobile,3,1,0,0
102066,66,141,West,6.09,Restaurants,Debit,Desktop,2,0,1,0
102067,48,71,Northeast,9.02,Travel,Digital Wallet,Mobile,0,0,0,0
102068,37,56,Midwest,21.35,Restaurants,Digital Wallet,Tablet,4,0,0,0
102069,55,173,Northeast,1.55,Groceries,Credit,Desktop,0,0,1,0
102070,25,15,South,53.12,Electronics,Debit,Desktop,0,0,0,0
102071,72,88,West,114.2,Online Services,Digital Wallet,Mobile,0,0,2,0
102072,60,171,Midwest,7.14,Online Services,Credit,Desktop,3,0,0,0
102073,46,13,South,40.02,Clothing,Credit,Mobile,4,0,0,0
102074,45,100,South,49.51,Gas,Digital Wallet,Tablet,4,0,0,0
102075,33,24,Midwest,5.24,Restaurants,Credit,Mobile,3,0,1,0
102076,29,17,Northeast,217.43,Gas,Digital Wallet,Tablet,2,0,0,0
102077,49,178,Northeast,120.03,Luxury,Digital Wallet,Tablet,3,1,1,1
102078,56,61,Northeast,63.89,Online Services,Credit,Tablet,2,0,0,0
102079,43,84,South,56.71,Groceries,Digital Wallet,Tablet,2,0,1,0
102080,53,36,West,29.87,Gas,Debit,Tablet,1,0,1,0
102081,40,110,West,83.91,Luxury,Digital Wallet,Mobile,3,0,1,0
102082,35,149,West,17.48,Online Services,Debit,Tablet,5,0,0,0
102083,21,66,Midwest,121.38,Groceries,Debit,Tablet,3,0,1,0
102084,43,72,West,22.63,Groceries,Digital Wallet,Desktop,2,0,0,0
102085,24,125,West,69.22,Restaurants,Digital Wallet,Mobile,1,0,0,0
102086,24,30,South,100.82,Electronics,Debit,Desktop,0,0,3,0
102087,24,160,West,76.97,Groceries,Debit,Desktop,2,0,0,0
102088,72,17,South,189.54,Gas,Debit,Mobile,2,0,0,0
102089,30,95,Northeast,61.8,Travel,Credit,Desktop,1,1,0,0
102090,66,49,West,350.66,Electronics,Credit,Mobile,3,0,1,0
102091,47,52,West,55.23,Luxury,Credit,Desktop,0,1,0,0
102092,72,115,West,126.53,Luxury,Credit,Desktop,0,0,0,0
102093,66,118,West,17.67,Groceries,Digital Wallet,Mobile,2,0,0,0
102094,40,175,Midwest,71.31,Luxury,Digital Wallet,Desktop,3,0,0,0
102095,39,9,West,80.52,Electronics,Debit,Tablet,2,0,0,0
102096,72,28,South,81.55,Travel,Credit,Mobile,1,0,1,0
102097,28,89,South,65.94,Luxury,Digital Wallet,Tablet,1,0,1,0
102098,28,33,South,22.83,Travel,Debit,Mobile,1,1,1,0
102099,21,150,Northeast,142.97,Travel,Credit,Desktop,4,0,0,0
102100,35,142,Northeast,21.53,Gas,Debit,Desktop,2,0,1,0
102101,54,164,Midwest,292.28,Online Services,Credit,Tablet,1,0,1,0
102102,39,29,South,50.09,Clothing,Digital Wallet,Mobile,1,0,0,0
102103,49,178,West,31.15,Groceries,Debit,Mobile,4,0,0,0
102104,70,3,Midwest,63.89,Restaurants,Debit,Desktop,0,0,0,0
102105,68,122,Midwest,100.52,Restaurants,Digital Wallet,Tablet,2,0,0,0
102106,58,166,Midwest,22.04,Restaurants,Debit,Tablet,0,0,0,0
102107,43,61,Midwest,563.38,Gas,Digital Wallet,Desktop,2,1,1,0
102108,31,157,South,207.59,Online Services,Digital Wallet,Tablet,1,0,0,0
102109,27,16,Midwest,131.38,Restaurants,Credit,Mobile,1,0,0,0
102110,34,25,South,55.74,Electronics,Credit,Tablet,3,0,0,0
102111,65,141,Midwest,46.43,Groceries,Digital Wallet,Tablet,1,0,0,0
102112,27,92,South,3.14,Groceries,Credit,Desktop,2,0,0,0
102113,37,70,Midwest,435.25,Electronics,Credit,Mobile,3,1,0,1
102114,31,10,Midwest,22.1,Restaurants,Digital Wallet,Mobile,2,0,0,0
102115,51,147,West,39.49,Clothing,Credit,Mobile,2,0,0,0
102116,48,76,South,76.74,Online Services,Debit,Mobile,2,1,0,0
102117,35,85,South,307.57,Electronics,Digital Wallet,Desktop,5,1,1,0
102118,28,140,Northeast,123.99,Clothing,Credit,Tablet,2,0,1,0
102119,39,130,South,10.17,Electronics,Digital Wallet,Mobile,4,0,0,0
102120,67,45,Midwest,51.94,Travel,Debit,Mobile,0,0,0,0
102121,18,124,Midwest,205.49,Travel,Digital Wallet,Tablet,1,0,0,0
102122,26,79,West,152.32,Luxury,Debit,Desktop,3,0,0,0
102123,53,178,South,32.55,Groceries,Digital Wallet,Desktop,5,0,0,0
102124,51,165,Northeast,112.06,Gas,Debit,Mobile,3,1,0,0
102125,72,75,Midwest,115.95,Luxury,Credit,Tablet,1,0,0,0
102126,44,18,Midwest,49.63,Clothing,Digital Wallet,Desktop,2,1,0,0
102127,52,7,West,283.14,Electronics,Digital Wallet,Mobile,1,0,0,0
102128,59,116,South,157.32,Electronics,Credit,Mobile,2,0,0,0
102129,58,78,South,225.33,Groceries,Digital Wallet,Desktop,1,0,0,0
102130,55,69,South,333.3,Gas,Digital Wallet,Tablet,1,0,1,0
102131,36,74,Midwest,162.73,Clothing,Credit,Tablet,4,0,0,0
102132,36,32,South,63.25,Restaurants,Digital Wallet,Mobile,0,0,0,0
102133,37,79,South,373.63,Clothing,Credit,Tablet,4,0,1,0
102134,61,62,West,151.76,Clothing,Credit,Desktop,2,0,0,0
102135,54,86,South,170.34,Gas,Debit,Tablet,1,0,1,0
102136,42,124,Midwest,119.57,Luxury,Digital Wallet,Desktop,0,0,0,0
102137,49,21,Northeast,32.44,Online Services,Digital Wallet,Desktop,2,0,2,1
102138,73,21,South,89.24,Travel,Digital Wallet,Desktop,2,0,0,0
102139,18,5,South,15.3,Online Services,Credit,Tablet,1,0,1,0
102140,55,138,West,325.8,Travel,Credit,Mobile,2,0,0,0
102141,33,171,West,44.83,Luxury,Credit,Tablet,0,0,1,0
102142,56,127,Northeast,4.5,Luxury,Credit,Tablet,3,0,0,0
102143,52,74,Northeast,25.08,Luxury,Digital Wallet,Mobile,0,0,1,0
102144,23,99,Midwest,31.81,Gas,Debit,Mobile,2,0,0,0
102145,58,112,South,18.32,Clothing,Digital Wallet,Tablet,2,0,0,0
102146,58,124,Northeast,26.88,Clothing,Digital Wallet,Tablet,0,0,0,0
102147,63,160,West,24.86,Groceries,Digital Wallet,Mobile,1,1,0,1
102148,47,123,West,106.31,Clothing,Digital Wallet,Tablet,2,0,0,0
102149,28,47,Northeast,32.14,Electronics,Digital Wallet,Mobile,3,0,0,0
102150,47,99,West,145.68,Travel,Digital Wallet,Desktop,4,0,1,0
102151,54,152,South,13.2,Travel,Debit,Desktop,4,0,0,1
102152,48,26,Northeast,462.87,Restaurants,Digital Wallet,Tablet,1,0,0,0
102153,63,96,Northeast,71.3,Electronics,Digital Wallet,Tablet,2,0,0,0
102154,48,62,South,30.05,Clothing,Credit,Mobile,2,0,0,0
102155,28,33,West,114.68,Travel,Debit,Desktop,1,0,0,0
102156,21,8,South,245.36,Luxury,Credit,Mobile,3,1,0,0
102157,63,18,Northeast,22.8,Online Services,Digital Wallet,Desktop,0,0,0,0
102158,69,61,South,31.43,Online Services,Digital Wallet,Mobile,1,0,0,0
102159,63,61,West,28.98,Travel,Digital Wallet,Mobile,5,0,0,0
102160,44,36,Northeast,204.82,Clothing,Credit,Mobile,1,1,0,0
102161,23,133,South,106.43,Luxury,Debit,Tablet,1,1,0,0
102162,67,120,West,212.8,Travel,Credit,Desktop,0,0,2,0
102163,35,179,Midwest,169.11,Luxury,Debit,Mobile,5,0,0,0
102164,61,179,West,2.75,Groceries,Digital Wallet,Mobile,1,0,0,0
102165,46,31,West,201.59,Gas,Debit,Desktop,0,0,1,0
102166,22,120,West,665.38,Restaurants,Credit,Mobile,5,1,0,1
102167,47,164,Northeast,23.18,Luxury,Credit,Mobile,1,0,0,0
102168,18,127,South,145.26,Luxury,Credit,Desktop,2,0,0,0
102169,40,77,South,91.1,Restaurants,Debit,Mobile,0,0,1,0
102170,64,105,West,19.84,Clothing,Credit,Desktop,1,0,0,0
102171,56,1,Northeast,17.05,Gas,Digital Wallet,Mobile,3,0,1,0
102172,35,56,Northeast,290.13,Clothing,Credit,Mobile,7,0,0,0
102173,20,169,Midwest,86.51,Gas,Debit,Desktop,2,0,0,0
102174,19,124,Northeast,83.97,Restaurants,Debit,Mobile,2,1,0,0
102175,58,35,Midwest,90.72,Clothing,Credit,Desktop,2,0,0,0
102176,19,97,West,23.02,Groceries,Debit,Mobile,1,0,1,0
102177,69,83,South,8.86,Clothing,Credit,Mobile,2,0,1,0
102178,55,29,South,30.76,Electronics,Digital Wallet,Desktop,0,0,0,0
102179,22,137,Midwest,82.01,Clothing,Digital Wallet,Desktop,6,0,1,0
102180,53,73,West,101.01,Clothing,Digital Wallet,Mobile,0,0,0,0
102181,53,113,Midwest,71.08,Clothing,Debit,Mobile,1,1,1,0
102182,38,5,Midwest,11.85,Online Services,Credit,Mobile,1,0,0,0
102183,49,20,West,88.46,Clothing,Digital Wallet,Tablet,2,0,0,0
102184,42,3,South,24.63,Clothing,Digital Wallet,Mobile,2,0,0,0
102185,19,122,Midwest,53.52,Restaurants,Debit,Desktop,2,1,0,0
102186,61,153,Northeast,6.31,Gas,Debit,Mobile,2,1,0,1
102187,68,127,Northeast,79.38,Groceries,Digital Wallet,Tablet,4,1,0,0
102188,61,57,West,167.35,Electronics,Digital Wallet,Desktop,2,0,1,0
102189,25,133,West,108.79,Travel,Digital Wallet,Mobile,1,0,0,0
102190,43,13,Midwest,92.35,Clothing,Debit,Mobile,0,0,0,0
102191,24,168,South,426.43,Travel,Credit,Desktop,3,0,0,0
102192,64,10,Northeast,202.91,Restaurants,Digital Wallet,Desktop,2,0,1,0
102193,59,133,Midwest,84.41,Restaurants,Credit,Tablet,4,0,0,0
102194,68,57,Northeast,51.45,Electronics,Digital Wallet,Mobile,2,0,0,0
102195,22,91,Midwest,41.26,Electronics,Debit,Desktop,3,0,0,0
102196,18,167,Northeast,27.63,Luxury,Debit,Desktop,2,0,0,0
102197,48,123,Northeast,54.1,Luxury,Digital Wallet,Tablet,2,1,1,1
102198,68,87,Northeast,30.17,Clothing,Debit,Tablet,3,1,0,0
102199,36,177,South,234.47,Luxury,Debit,Desktop,3,0,0,0
102200,18,90,Midwest,137.41,Gas,Credit,Desktop,2,0,0,0
102201,29,109,Midwest,23.38,Electronics,Debit,Tablet,5,0,0,0
102202,70,8,West,286.82,Luxury,Credit,Tablet,0,0,0,0
102203,38,39,Midwest,20.71,Gas,Credit,Desktop,2,0,1,0
102204,57,87,West,411.21,Online Services,Credit,Tablet,3,0,0,1
102205,45,92,South,59.94,Groceries,Credit,Mobile,3,0,0,0
102206,65,16,South,4.1,Electronics,Digital Wallet,Mobile,1,0,0,0
102207,51,111,South,80.78,Groceries,Debit,Mobile,2,0,0,0
102208,20,26,Northeast,122.89,Groceries,Digital Wallet,Mobile,3,0,0,0
102209,48,25,South,22.27,Luxury,Debit,Desktop,1,0,1,0
102210,53,38,South,157.85,Electronics,Digital Wallet,Tablet,0,0,0,0
102211,49,84,Northeast,41.02,Electronics,Credit,Desktop,1,0,0,0
102212,22,137,West,66.4,Gas,Digital Wallet,Mobile,3,0,0,0
102213,26,106,South,516.61,Clothing,Credit,Mobile,1,1,0,1
102214,37,120,South,143.27,Luxury,Credit,Mobile,0,0,0,0
102215,19,128,Midwest,61.76,Online Services,Digital Wallet,Mobile,4,0,0,0
102216,69,142,Midwest,289.83,Restaurants,Debit,Desktop,1,1,1,0
102217,48,6,South,42.71,Groceries,Debit,Mobile,1,0,0,0
102218,22,117,Northeast,183.94,Travel,Digital Wallet,Tablet,2,0,0,0
102219,24,169,South,50.32,Clothing,Digital Wallet,Tablet,5,0,2,0
102220,48,37,West,218.87,Travel,Debit,Desktop,3,0,0,0
102221,25,100,Northeast,122.63,Gas,Digital Wallet,Mobile,2,0,0,0
102222,61,39,South,69.9,Electronics,Digital Wallet,Mobile,2,0,0,1
102223,45,88,Midwest,297.44,Restaurants,Credit,Mobile,3,0,0,0
102224,44,69,South,92.3,Gas,Digital Wallet,Desktop,1,0,1,0
102225,27,131,Midwest,10.76,Luxury,Credit,Desktop,3,0,0,0
102226,67,146,Midwest,39.97,Electronics,Digital Wallet,Desktop,1,0,0,0
102227,46,116,Midwest,14.85,Travel,Digital Wallet,Desktop,3,1,1,0
102228,58,75,Northeast,108.3,Restaurants,Digital Wallet,Tablet,2,0,0,0
102229,60,13,South,132.7,Restaurants,Debit,Mobile,3,0,0,0
102230,56,162,South,257.63,Luxury,Debit,Tablet,2,0,0,0
102231,26,140,South,142.08,Restaurants,Debit,Desktop,1,0,0,0
102232,54,149,South,113.37,Electronics,Credit,Mobile,3,0,0,0
102233,28,20,South,253.67,Restaurants,Credit,Desktop,2,0,2,0
102234,48,103,South,227.76,Restaurants,Debit,Desktop,5,0,1,0
102235,69,148,Northeast,17.56,Clothing,Debit,Desktop,4,0,0,0
102236,39,57,West,656.24,Restaurants,Debit,Desktop,2,0,2,0
102237,49,173,West,82.79,Travel,Credit,Tablet,3,0,1,0
102238,43,31,Midwest,125.98,Luxury,Credit,Tablet,6,0,0,0
102239,23,131,Northeast,92.92,Luxury,Debit,Desktop,1,0,0,0
102240,48,23,South,94.98,Gas,Credit,Mobile,0,0,0,0
102241,63,47,South,16.21,Travel,Debit,Tablet,2,0,1,0
102242,61,20,West,112.47,Restaurants,Debit,Tablet,4,0,0,0
102243,49,110,Northeast,78.46,Groceries,Digital Wallet,Tablet,4,0,0,0
102244,72,32,Midwest,199.26,Gas,Debit,Tablet,2,0,0,0
102245,46,36,Northeast,7.36,Groceries,Digital Wallet,Mobile,2,0,0,0
102246,37,163,Northeast,188.74,Electronics,Credit,Desktop,3,0,0,0
102247,74,113,Northeast,62.3,Clothing,Digital Wallet,Desktop,0,0,1,0
102248,52,146,Midwest,171.45,Restaurants,Digital Wallet,Desktop,3,1,0,0
102249,47,14,Northeast,202.09,Online Services,Digital Wallet,Mobile,1,0,0,0
102250,41,123,Northeast,121.64,Travel,Debit,Tablet,0,0,0,0
102251,41,82,Midwest,198.58,Restaurants,Credit,Tablet,2,0,0,0
102252,41,124,South,140.14,Groceries,Credit,Mobile,0,0,0,0
102253,59,76,Midwest,78.72,Online Services,Digital Wallet,Desktop,2,0,1,0
102254,20,8,South,50.73,Groceries,Credit,Tablet,3,0,1,0
102255,36,16,Northeast,62.57,Groceries,Debit,Desktop,3,0,0,0
102256,31,30,South,321.32,Online Services,Credit,Desktop,3,0,2,1
102257,24,18,West,30.03,Luxury,Debit,Desktop,5,0,0,0
102258,26,133,Northeast,189.74,Restaurants,Credit,Tablet,1,0,0,0
102259,34,160,South,35.19,Luxury,Debit,Tablet,0,0,0,0
102260,24,53,West,127.72,Gas,Digital Wallet,Mobile,1,0,0,0
102261,44,163,Midwest,8.54,Luxury,Digital Wallet,Tablet,1,0,0,0
102262,42,52,South,144.8,Groceries,Debit,Tablet,4,0,0,0
102263,55,127,Northeast,172.12,Travel,Credit,Tablet,5,0,2,0
102264,30,150,West,192.78,Restaurants,Debit,Desktop,0,0,0,0
102265,65,76,South,118.72,Luxury,Credit,Mobile,1,0,0,0
102266,19,1,Northeast,225.39,Gas,Credit,Mobile,1,0,1,0
102267,26,21,South,95.33,Gas,Debit,Tablet,1,1,0,0
102268,26,150,South,17.19,Clothing,Credit,Tablet,4,0,0,0
102269,56,14,South,6.25,Electronics,Digital Wallet,Tablet,0,1,0,0
102270,59,137,West,165.31,Luxury,Digital Wallet,Tablet,2,0,0,0
102271,23,84,West,95.86,Travel,Credit,Desktop,3,0,1,0
102272,63,80,West,32.05,Gas,Credit,Desktop,7,0,0,0
102273,50,116,Midwest,332.71,Clothing,Digital Wallet,Mobile,2,0,0,0
102274,42,18,Northeast,98.79,Electronics,Debit,Mobile,3,0,0,0
102275,39,82,South,218.0,Travel,Digital Wallet,Desktop,3,0,1,0
102276,28,167,Midwest,128.93,Restaurants,Digital Wallet,Mobile,2,0,0,0
102277,50,167,Midwest,141.82,Online Services,Digital Wallet,Desktop,1,1,1,0
102278,63,63,West,132.32,Luxury,Debit,Tablet,5,0,0,0
102279,36,86,Northeast,210.55,Groceries,Debit,Desktop,2,0,2,1
102280,56,166,Midwest,56.75,Gas,Digital Wallet,Mobile,3,0,1,0
102281,43,51,Midwest,17.26,Groceries,Debit,Tablet,1,0,1,0
102282,28,129,Midwest,136.52,Electronics,Credit,Mobile,2,1,0,0
102283,37,108,Northeast,120.53,Online Services,Digital Wallet,Desktop,1,0,1,0
102284,41,13,South,390.71,Online Services,Debit,Mobile,4,0,0,0
102285,24,4,West,41.63,Gas,Credit,Desktop,1,1,0,0
102286,34,158,Northeast,54.7,Gas,Digital Wallet,Desktop,1,0,2,0
102287,73,23,Midwest,34.93,Electronics,Debit,Mobile,3,0,0,0
102288,26,13,Midwest,65.09,Luxury,Credit,Tablet,1,0,1,0
102289,31,15,South,55.25,Restaurants,Digital Wallet,Desktop,1,0,0,0
102290,70,59,Midwest,41.77,Online Services,Digital Wallet,Mobile,4,0,0,0
102291,25,90,Midwest,232.8,Gas,Debit,Desktop,7,0,0,0
102292,68,168,Northeast,154.63,Travel,Debit,Tablet,1,1,0,0
102293,58,58,South,107.93,Online Services,Debit,Tablet,3,1,1,0
102294,35,75,Northeast,3.4,Travel,Debit,Desktop,1,0,0,0
102295,20,115,South,40.71,Electronics,Digital Wallet,Mobile,3,0,0,0
102296,18,127,West,95.74,Luxury,Credit,Tablet,2,0,0,0
102297,23,174,Midwest,32.1,Clothing,Digital Wallet,Desktop,4,0,1,0
102298,27,73,Northeast,217.15,Travel,Digital Wallet,Tablet,2,1,1,1
102299,54,4,South,174.76,Groceries,Debit,Desktop,2,0,0,0
102300,69,62,Northeast,131.92,Clothing,Debit,Mobile,1,0,0,0
102301,33,19,Midwest,126.34,Online Services,Digital Wallet,Desktop,1,1,0,0
102302,51,69,Midwest,32.24,Clothing,Debit,Desktop,0,0,0,0
102303,63,158,Northeast,176.94,Luxury,Credit,Tablet,1,0,0,0
102304,70,48,West,102.23,Groceries,Debit,Tablet,1,0,0,0
102305,64,42,Midwest,93.85,Clothing,Debit,Mobile,2,0,0,0
102306,66,130,West,95.04,Gas,Credit,Mobile,0,0,0,0
102307,69,65,Midwest,11.42,Gas,Debit,Tablet,2,0,0,0
102308,74,140,South,58.23,Electronics,Debit,Mobile,0,1,0,0
102309,62,158,Northeast,347.86,Clothing,Credit,Desktop,2,0,1,0
102310,62,70,South,281.49,Clothing,Debit,Mobile,1,0,0,0
102311,33,7,Midwest,16.75,Luxury,Credit,Desktop,1,0,1,0
102312,67,143,Midwest,215.4,Groceries,Credit,Desktop,0,0,0,0
102313,36,79,West,190.5,Clothing,Debit,Mobile,1,0,0,0
102314,18,54,West,76.6,Travel,Credit,Desktop,0,0,0,0
102315,71,34,Northeast,206.74,Clothing,Credit,Mobile,1,0,0,0
102316,25,140,Midwest,130.28,Groceries,Debit,Desktop,1,0,0,0
102317,71,44,South,84.48,Travel,Debit,Mobile,1,0,0,0
102318,33,76,Northeast,70.0,Travel,Credit,Mobile,3,1,0,0
102319,20,124,South,205.95,Online Services,Digital Wallet,Tablet,1,1,1,0
102320,59,81,West,99.36,Travel,Credit,Mobile,1,0,0,0
102321,19,135,West,14.55,Gas,Debit,Mobile,4,0,0,0
102322,73,127,West,79.36,Gas,Digital Wallet,Desktop,0,1,1,0
102323,72,110,Northeast,329.94,Gas,Debit,Mobile,1,0,0,0
102324,38,57,South,45.92,Electronics,Digital Wallet,Desktop,4,0,1,0
102325,32,73,Northeast,42.24,Restaurants,Digital Wallet,Tablet,5,0,0,0
102326,56,60,Midwest,179.44,Restaurants,Digital Wallet,Desktop,4,0,0,0
102327,31,127,Northeast,360.3,Gas,Debit,Tablet,3,0,0,0
102328,49,49,Midwest,667.63,Luxury,Debit,Desktop,5,0,0,0
102329,47,149,South,5.43,Online Services,Digital Wallet,Mobile,3,1,0,0
102330,44,56,West,17.31,Clothing,Digital Wallet,Tablet,3,0,0,1
102331,61,132,West,262.1,Restaurants,Credit,Mobile,3,0,0,0
102332,63,36,Northeast,128.81,Online Services,Digital Wallet,Desktop,1,0,1,0
102333,21,14,South,7.51,Groceries,Credit,Tablet,3,0,0,0
102334,25,59,Midwest,194.54,Clothing,Debit,Tablet,0,0,0,0
102335,31,116,Midwest,110.81,Electronics,Debit,Desktop,1,1,0,0
102336,36,55,Midwest,24.2,Electronics,Debit,Desktop,3,0,0,0
102337,40,86,South,33.12,Travel,Debit,Mobile,1,0,0,0
102338,52,70,Midwest,60.07,Restaurants,Digital Wallet,Desktop,1,0,0,1
102339,56,90,West,44.65,Restaurants,Credit,Mobile,1,0,0,1
102340,23,172,West,12.08,Gas,Credit,Tablet,1,0,0,0
102341,68,8,West,29.44,Groceries,Debit,Mobile,0,0,0,0
102342,38,103,Midwest,395.53,Restaurants,Debit,Desktop,1,0,1,0
102343,57,107,Midwest,50.74,Electronics,Digital Wallet,Mobile,4,0,0,0
102344,21,109,Northeast,20.68,Restaurants,Digital Wallet,Mobile,4,1,0,0
102345,31,64,Midwest,320.65,Electronics,Debit,Tablet,3,1,0,0
102346,32,50,Northeast,2.7,Gas,Digital Wallet,Mobile,2,0,0,0
102347,37,168,South,451.03,Restaurants,Credit,Tablet,0,0,2,1
102348,57,80,South,25.81,Gas,Debit,Mobile,1,0,0,1
102349,61,30,Midwest,68.41,Groceries,Digital Wallet,Mobile,2,0,0,0
102350,63,107,South,269.43,Travel,Credit,Desktop,1,1,0,0
102351,56,41,South,167.61,Travel,Digital Wallet,Mobile,0,0,0,0
102352,47,45,Midwest,89.81,Restaurants,Credit,Mobile,2,0,1,0
102353,34,175,Northeast,81.82,Online Services,Debit,Mobile,4,0,2,0
102354,66,34,Northeast,74.91,Electronics,Digital Wallet,Desktop,2,0,0,0
102355,25,25,Northeast,69.64,Luxury,Debit,Mobile,1,1,0,0
102356,65,51,Northeast,292.36,Online Services,Debit,Mobile,2,0,0,0
102357,52,149,Midwest,13.5,Gas,Debit,Desktop,3,0,0,0
102358,72,86,Midwest,24.98,Restaurants,Credit,Desktop,0,1,0,0
102359,33,89,Midwest,25.24,Restaurants,Debit,Desktop,2,0,0,0
102360,50,64,Northeast,121.06,Gas,Digital Wallet,Tablet,3,0,1,0
102361,66,93,South,14.79,Groceries,Debit,Tablet,2,0,0,0
102362,65,121,Northeast,124.85,Electronics,Debit,Mobile,2,0,0,0
102363,59,168,South,185.16,Travel,Digital Wallet,Tablet,2,0,1,0
102364,38,1,South,165.53,Online Services,Debit,Desktop,1,0,0,0
102365,29,128,Midwest,93.95,Travel,Digital Wallet,Tablet,1,0,0,0
102366,57,77,South,77.13,Electronics,Credit,Desktop,1,0,1,0
102367,74,49,West,27.47,Gas,Credit,Tablet,0,0,0,0
102368,50,62,South,7.9,Luxury,Debit,Desktop,5,1,0,0
102369,52,116,West,239.02,Travel,Digital Wallet,Tablet,2,0,1,0
102370,35,2,South,9.15,Gas,Debit,Mobile,1,0,1,0
102371,22,103,Northeast,17.81,Restaurants,Digital Wallet,Mobile,1,1,0,0
102372,71,22,Midwest,8.21,Electronics,Credit,Tablet,3,0,1,0
102373,27,11,West,155.26,Travel,Debit,Desktop,3,0,0,0
102374,64,30,Midwest,6.35,Restaurants,Credit,Desktop,3,0,0,0
102375,59,173,Midwest,40.7,Clothing,Debit,Tablet,2,0,0,0
102376,67,19,Northeast,27.41,Electronics,Credit,Desktop,3,0,0,0
102377,32,98,West,50.82,Groceries,Credit,Desktop,3,1,0,0
102378,30,73,Midwest,62.12,Clothing,Digital Wallet,Desktop,1,0,2,0
102379,18,165,South,17.4,Clothing,Credit,Mobile,0,0,0,0
102380,71,143,South,220.69,Clothing,Digital Wallet,Mobile,1,1,0,0
102381,50,148,West,180.76,Electronics,Digital Wallet,Tablet,4,0,0,0
102382,56,26,South,61.45,Electronics,Debit,Tablet,3,0,0,0
102383,28,13,Midwest,91.2,Restaurants,Credit,Tablet,3,0,1,0
102384,56,13,South,36.94,Gas,Credit,Tablet,0,0,0,0
102385,55,31,South,46.03,Groceries,Digital Wallet,Tablet,1,0,0,0
102386,45,137,South,383.38,Electronics,Credit,Desktop,1,0,0,0
102387,72,5,Midwest,143.64,Luxury,Debit,Tablet,0,0,0,0
102388,28,79,Midwest,226.32,Travel,Debit,Mobile,1,0,0,0
102389,51,17,South,54.18,Clothing,Digital Wallet,Tablet,2,0,0,1
102390,45,160,South,4.74,Gas,Debit,Desktop,3,1,0,0
102391,31,21,South,9.3,Luxury,Credit,Desktop,4,0,0,0
102392,58,47,West,120.49,Groceries,Digital Wallet,Desktop,2,0,0,0
102393,27,79,Northeast,5.77,Online Services,Debit,Tablet,1,1,0,0
102394,55,50,Midwest,186.67,Clothing,Credit,Tablet,3,0,1,0
102395,43,94,Midwest,212.07,Luxury,Debit,Desktop,5,0,1,0
102396,48,128,South,190.87,Clothing,Credit,Desktop,1,0,0,0
102397,73,31,West,68.22,Gas,Debit,Tablet,1,0,1,0
102398,69,128,Midwest,180.69,Electronics,Digital Wallet,Mobile,1,0,0,0
102399,39,114,Northeast,147.36,Luxury,Digital Wallet,Desktop,1,0,0,0
102400,48,178,West,203.36,Groceries,Debit,Tablet,0,1,0,0
102401,44,33,West,245.07,Gas,Debit,Tablet,1,0,0,0
102402,42,90,West,49.6,Groceries,Credit,Tablet,1,0,1,0
102403,61,172,South,68.63,Groceries,Credit,Tablet,2,0,0,0
102404,41,159,West,49.37,Restaurants,Credit,Tablet,0,0,0,0
102405,34,178,South,57.8,Clothing,Debit,Desktop,0,0,0,0
102406,23,72,Northeast,488.12,Travel,Debit,Tablet,3,0,0,1
102407,64,169,Northeast,9.82,Clothing,Digital Wallet,Tablet,3,0,0,0
102408,33,139,Northeast,27.19,Online Services,Digital Wallet,Tablet,1,0,0,0
102409,50,48,West,81.62,Clothing,Credit,Desktop,3,0,0,0
102410,30,115,West,22.29,Clothing,Debit,Mobile,0,0,0,0
102411,59,74,Midwest,45.99,Clothing,Credit,Tablet,1,0,0,0
102412,27,78,Midwest,0.52,Clothing,Credit,Tablet,1,0,1,0
102413,38,60,South,85.53,Clothing,Digital Wallet,Mobile,0,0,1,0
102414,56,77,West,122.35,Luxury,Debit,Tablet,0,0,0,0
102415,65,19,West,149.3,Luxury,Digital Wallet,Tablet,3,1,0,0
102416,74,161,Northeast,10.99,Restaurants,Debit,Tablet,2,1,0,0
102417,19,141,South,365.32,Online Services,Digital Wallet,Mobile,3,1,1,0
102418,61,61,Midwest,480.39,Travel,Credit,Tablet,0,1,0,0
102419,28,59,West,36.67,Travel,Digital Wallet,Mobile,1,0,0,0
102420,31,178,Northeast,18.96,Clothing,Credit,Mobile,3,1,0,0
102421,74,78,Northeast,352.45,Clothing,Credit,Desktop,1,0,0,0
102422,71,150,Northeast,87.72,Restaurants,Credit,Desktop,0,0,2,0
102423,74,13,Northeast,177.51,Luxury,Digital Wallet,Tablet,3,0,1,0
102424,19,172,Northeast,106.17,Restaurants,Credit,Tablet,3,0,0,0
102425,30,102,South,50.61,Online Services,Digital Wallet,Tablet,3,1,0,0
102426,28,151,West,74.75,Gas,Debit,Mobile,2,0,0,0
102427,28,160,South,137.65,Groceries,Digital Wallet,Tablet,0,0,0,0
102428,68,144,West,75.66,Gas,Digital Wallet,Tablet,1,0,0,0
102429,67,28,Northeast,190.83,Electronics,Digital Wallet,Desktop,2,0,0,0
102430,69,86,Midwest,24.68,Restaurants,Credit,Desktop,4,0,0,0
102431,28,23,Midwest,259.06,Restaurants,Digital Wallet,Tablet,0,0,1,0
102432,62,157,Midwest,32.43,Gas,Credit,Mobile,1,0,0,0
102433,57,177,West,19.88,Electronics,Debit,Tablet,2,0,0,0
102434,59,24,South,88.96,Online Services,Debit,Desktop,3,0,0,0
102435,59,124,Northeast,37.0,Luxury,Digital Wallet,Tablet,0,0,0,0
102436,21,59,South,316.14,Restaurants,Credit,Tablet,6,1,0,1
102437,61,176,South,106.07,Groceries,Debit,Mobile,4,0,1,0
102438,27,6,Midwest,444.41,Groceries,Debit,Desktop,6,0,2,1
102439,70,118,West,73.11,Luxury,Credit,Mobile,1,1,1,0
102440,74,29,Northeast,94.52,Restaurants,Debit,Mobile,2,0,0,0
102441,42,143,Midwest,110.1,Groceries,Credit,Mobile,2,0,0,0
102442,55,40,Northeast,341.67,Luxury,Debit,Mobile,3,1,0,0
102443,32,128,South,41.12,Clothing,Debit,Tablet,3,0,0,0
102444,52,90,South,211.36,Online Services,Credit,Tablet,1,0,0,0
102445,69,101,Northeast,85.12,Restaurants,Digital Wallet,Desktop,2,0,0,0
102446,49,43,West,206.53,Clothing,Credit,Mobile,4,0,1,0
102447,28,74,Northeast,52.16,Restaurants,Debit,Mobile,3,0,2,0
102448,52,41,Midwest,50.88,Online Services,Credit,Mobile,0,0,0,0
102449,64,61,Midwest,0.65,Gas,Credit,Tablet,2,0,1,0
102450,34,103,Northeast,64.36,Groceries,Credit,Tablet,0,0,0,0
102451,25,41,Midwest,86.52,Online Services,Digital Wallet,Mobile,5,0,1,0
102452,53,55,Midwest,452.85,Travel,Credit,Desktop,1,0,0,1
102453,38,169,Midwest,147.89,Groceries,Credit,Desktop,0,0,0,0
102454,53,51,South,22.1,Groceries,Digital Wallet,Desktop,3,0,0,0
102455,40,29,Northeast,184.57,Restaurants,Debit,Desktop,1,0,1,1
102456,73,97,West,83.14,Luxury,Credit,Desktop,5,0,1,0
102457,18,86,Midwest,11.58,Groceries,Digital Wallet,Tablet,3,0,0,0
102458,66,98,Northeast,112.26,Online Services,Digital Wallet,Desktop,3,0,0,0
102459,40,39,West,86.57,Groceries,Digital Wallet,Tablet,1,0,0,0
102460,65,144,Northeast,10.82,Online Services,Credit,Mobile,1,1,1,0
102461,36,158,Northeast,92.86,Online Services,Credit,Tablet,1,0,0,0
102462,68,26,West,384.99,Online Services,Debit,Mobile,2,0,0,0
102463,46,149,South,60.59,Travel,Credit,Tablet,1,0,1,0
102464,35,52,Northeast,54.19,Travel,Debit,Tablet,0,1,0,1
102465,33,58,West,660.31,Clothing,Digital Wallet,Mobile,2,1,0,0
102466,49,27,South,2.8,Electronics,Digital Wallet,Tablet,3,0,0,0
102467,53,60,Midwest,33.78,Restaurants,Credit,Mobile,0,0,0,0
102468,69,94,Northeast,62.32,Gas,Debit,Tablet,2,1,0,0
102469,67,21,South,14.26,Groceries,Digital Wallet,Tablet,2,0,0,0
102470,45,65,Northeast,59.34,Clothing,Debit,Mobile,2,1,0,0
102471,35,40,Northeast,52.85,Luxury,Debit,Tablet,1,0,2,0
102472,27,15,Northeast,238.61,Restaurants,Debit,Desktop,1,0,0,0
102473,20,75,South,41.92,Luxury,Debit,Tablet,3,0,0,0
102474,27,117,Midwest,36.93,Electronics,Credit,Mobile,2,0,0,0
102475,20,156,West,34.63,Groceries,Debit,Tablet,4,0,0,0
102476,67,156,Midwest,14.36,Clothing,Debit,Desktop,3,0,0,0
102477,46,122,West,75.47,Online Services,Digital Wallet,Mobile,2,0,0,0
102478,24,127,South,211.14,Luxury,Debit,Desktop,1,0,0,0
102479,68,56,Midwest,11.68,Restaurants,Digital Wallet,Desktop,2,0,0,0
102480,71,177,Midwest,23.39,Online Services,Debit,Tablet,1,1,0,0
102481,58,8,South,361.05,Gas,Debit,Tablet,4,0,0,0
102482,52,8,South,23.22,Restaurants,Digital Wallet,Mobile,2,0,0,0
102483,19,56,Northeast,43.74,Gas,Digital Wallet,Tablet,0,0,0,0
102484,66,136,Northeast,412.94,Electronics,Credit,Desktop,1,0,0,0
102485,46,126,Midwest,257.82,Luxury,Debit,Tablet,2,0,0,0
102486,62,147,South,69.79,Electronics,Debit,Tablet,2,0,0,0
102487,42,176,Midwest,152.1,Travel,Debit,Tablet,0,0,0,0
102488,51,122,West,90.41,Online Services,Digital Wallet,Desktop,2,0,0,0
102489,61,86,Northeast,197.19,Gas,Credit,Tablet,4,0,0,0
102490,40,126,Northeast,63.87,Gas,Credit,Tablet,2,0,0,0
102491,65,139,Northeast,128.9,Restaurants,Digital Wallet,Mobile,2,0,0,0
102492,19,143,South,7.54,Groceries,Digital Wallet,Mobile,3,0,2,0
102493,47,1,Midwest,11.7,Luxury,Digital Wallet,Tablet,2,0,0,0
102494,60,116,South,57.56,Electronics,Debit,Desktop,1,1,0,0
102495,66,73,South,85.33,Online Services,Credit,Mobile,1,0,1,0
102496,71,115,Midwest,118.9,Clothing,Digital Wallet,Tablet,4,0,0,0
102497,24,30,Midwest,175.84,Clothing,Debit,Tablet,1,1,0,1
102498,52,24,West,0.81,Gas,Digital Wallet,Desktop,2,0,0,0
102499,52,61,West,155.79,Electronics,Debit,Mobile,2,0,0,0
102500,56,150,South,133.55,Restaurants,Debit,Desktop,4,0,1,0
102501,48,131,Midwest,76.17,Online Services,Credit,Desktop,0,0,0,0
102502,73,29,Northeast,87.29,Travel,Debit,Tablet,1,1,0,0
102503,65,157,Northeast,91.06,Groceries,Credit,Desktop,2,0,0,0
102504,63,32,South,85.73,Luxury,Credit,Mobile,3,0,0,0
102505,43,30,South,173.09,Travel,Digital Wallet,Desktop,0,0,2,0
102506,41,147,West,4.43,Online Services,Credit,Mobile,0,0,0,0
102507,55,135,Midwest,202.83,Gas,Debit,Desktop,4,0,1,0
102508,57,8,West,101.34,Travel,Debit,Desktop,3,0,1,0
102509,52,153,South,641.65,Gas,Debit,Tablet,0,0,0,0
102510,26,140,West,40.3,Clothing,Digital Wallet,Desktop,1,0,1,0
102511,26,167,Northeast,58.23,Restaurants,Credit,Desktop,4,0,0,0
102512,68,117,West,54.0,Travel,Debit,Desktop,2,0,0,0
102513,53,84,South,103.56,Electronics,Digital Wallet,Desktop,3,0,0,0
102514,29,130,Northeast,415.92,Luxury,Debit,Mobile,1,0,0,0
102515,70,34,West,0.22,Luxury,Digital Wallet,Desktop,2,0,0,0
102516,61,81,Midwest,159.57,Luxury,Digital Wallet,Mobile,2,1,0,0
102517,67,87,South,77.25,Travel,Debit,Tablet,1,0,1,0
102518,73,172,West,24.64,Restaurants,Debit,Mobile,1,0,0,0
102519,28,139,Northeast,107.93,Travel,Debit,Tablet,8,0,0,0
102520,70,91,Northeast,157.44,Electronics,Digital Wallet,Tablet,3,0,1,0
102521,39,42,Northeast,51.38,Groceries,Debit,Desktop,3,0,0,0
102522,43,28,South,53.12,Luxury,Debit,Desktop,2,0,0,0
102523,58,8,Midwest,21.89,Gas,Credit,Desktop,2,0,0,0
102524,73,168,South,80.45,Groceries,Debit,Desktop,2,0,1,1
102525,74,48,West,25.68,Luxury,Credit,Tablet,4,1,0,1
102526,63,103,Northeast,193.09,Clothing,Digital Wallet,Tablet,2,0,0,0
102527,27,63,Midwest,46.69,Electronics,Digital Wallet,Mobile,3,0,0,0
102528,50,52,South,293.11,Electronics,Digital Wallet,Mobile,6,0,0,0
102529,29,47,Northeast,6.81,Clothing,Debit,Tablet,0,0,1,0
102530,60,116,South,4.63,Electronics,Debit,Tablet,1,0,0,0
102531,56,86,South,3.08,Restaurants,Digital Wallet,Mobile,0,1,0,1
102532,50,59,Midwest,51.8,Travel,Digital Wallet,Mobile,1,0,0,0
102533,58,41,West,20.22,Travel,Credit,Mobile,3,1,0,0
102534,28,51,Midwest,92.92,Electronics,Digital Wallet,Mobile,3,0,0,1
102535,49,79,West,67.44,Online Services,Credit,Mobile,2,0,0,0
102536,27,168,West,66.53,Luxury,Credit,Desktop,3,0,0,0
102537,28,76,Northeast,213.22,Electronics,Digital Wallet,Tablet,2,0,0,0
102538,22,5,Northeast,349.96,Gas,Credit,Mobile,3,0,0,0
102539,40,171,Northeast,127.29,Restaurants,Digital Wallet,Tablet,2,1,1,0
102540,38,43,South,49.95,Restaurants,Credit,Tablet,1,0,0,0
102541,59,79,Northeast,111.15,Clothing,Credit,Mobile,1,0,0,0
102542,35,154,Northeast,111.17,Travel,Digital Wallet,Desktop,3,1,0,0
102543,42,157,South,73.71,Luxury,Credit,Tablet,2,0,2,0
102544,37,114,Northeast,124.89,Clothing,Debit,Desktop,1,0,0,0
102545,47,71,Midwest,186.96,Gas,Debit,Desktop,1,0,1,0
102546,67,130,South,6.49,Gas,Digital Wallet,Desktop,2,0,0,0
102547,58,172,Midwest,19.81,Gas,Debit,Tablet,3,0,1,0
102548,59,170,South,298.32,Restaurants,Credit,Tablet,3,0,0,0
102549,30,163,South,87.86,Gas,Digital Wallet,Tablet,1,0,0,1
102550,41,166,West,159.19,Restaurants,Digital Wallet,Mobile,3,0,1,0
102551,62,170,South,160.73,Online Services,Debit,Mobile,1,0,0,0
102552,52,166,South,86.14,Luxury,Credit,Desktop,2,1,1,0
102553,58,6,South,15.44,Gas,Credit,Tablet,4,0,1,0
102554,58,163,South,185.49,Groceries,Credit,Mobile,1,0,0,0
102555,40,154,South,243.48,Travel,Debit,Mobile,1,1,0,0
102556,24,154,West,13.8,Gas,Debit,Desktop,0,0,1,0
102557,46,179,South,13.68,Online Services,Debit,Desktop,2,0,0,0
102558,39,79,Northeast,289.58,Luxury,Credit,Desktop,3,0,0,0
102559,20,146,South,17.54,Restaurants,Digital Wallet,Desktop,6,0,0,1
102560,36,71,Northeast,66.27,Clothing,Debit,Desktop,1,0,3,1
102561,22,163,Northeast,16.36,Clothing,Credit,Desktop,3,0,0,0
102562,41,172,South,10.38,Online Services,Credit,Desktop,3,1,1,0
102563,26,38,West,6.67,Gas,Digital Wallet,Mobile,3,0,0,0
102564,31,1,West,51.97,Groceries,Credit,Mobile,2,0,1,0
102565,47,170,Northeast,19.34,Luxury,Debit,Desktop,3,0,1,0
102566,44,29,Northeast,307.3,Electronics,Debit,Tablet,5,0,1,0
102567,32,160,South,199.09,Electronics,Credit,Tablet,3,0,0,0
102568,62,28,South,299.73,Luxury,Debit,Mobile,2,0,0,0
102569,55,115,Midwest,133.47,Groceries,Digital Wallet,Mobile,2,0,2,1
102570,56,104,West,193.26,Electronics,Digital Wallet,Desktop,3,0,1,0
102571,45,17,Northeast,135.92,Groceries,Credit,Mobile,4,0,0,0
102572,36,48,South,21.65,Luxury,Credit,Desktop,3,0,0,0
102573,69,151,South,95.02,Luxury,Digital Wallet,Desktop,0,1,0,0
102574,26,24,Midwest,3.92,Online Services,Debit,Mobile,0,0,0,0
102575,63,118,Northeast,106.69,Clothing,Digital Wallet,Tablet,5,1,1,0
102576,30,166,Midwest,13.67,Electronics,Debit,Mobile,3,0,1,0
102577,36,10,Midwest,6.25,Clothing,Digital Wallet,Desktop,0,0,1,0
102578,63,142,South,65.99,Electronics,Credit,Desktop,9,0,0,0
102579,21,127,South,40.94,Clothing,Debit,Desktop,3,0,0,0
102580,37,112,Midwest,216.3,Gas,Debit,Desktop,3,0,0,0
102581,33,20,West,121.83,Travel,Credit,Mobile,4,0,1,0
102582,72,154,Northeast,25.49,Restaurants,Digital Wallet,Tablet,2,0,0,0
102583,70,105,South,78.13,Gas,Credit,Tablet,3,0,0,0
102584,35,135,Midwest,196.15,Restaurants,Digital Wallet,Tablet,4,0,0,0
102585,18,155,Midwest,319.87,Gas,Credit,Mobile,1,0,0,1
102586,65,81,Northeast,7.62,Electronics,Debit,Tablet,0,0,0,0
102587,49,164,Midwest,77.83,Online Services,Digital Wallet,Mobile,6,0,1,0
102588,25,81,West,50.35,Electronics,Digital Wallet,Desktop,0,0,0,0
102589,41,104,West,129.87,Online Services,Debit,Desktop,3,0,0,0
102590,64,158,West,61.49,Restaurants,Debit,Mobile,3,0,0,0
102591,44,19,South,272.87,Clothing,Digital Wallet,Mobile,1,0,2,1
102592,59,44,West,133.12,Electronics,Credit,Tablet,2,1,0,0
102593,47,30,South,2.94,Luxury,Credit,Desktop,1,0,0,0
102594,61,52,South,19.72,Groceries,Debit,Tablet,2,1,0,1
102595,56,73,South,246.74,Gas,Credit,Tablet,2,0,1,0
102596,72,22,South,17.11,Restaurants,Digital Wallet,Desktop,0,0,0,0
102597,53,16,West,149.68,Clothing,Debit,Desktop,5,0,0,0
102598,26,1,West,84.71,Gas,Digital Wallet,Desktop,1,0,0,0
102599,28,123,Midwest,403.24,Clothing,Debit,Tablet,2,0,0,0
102600,37,176,Northeast,16.92,Clothing,Digital Wallet,Mobile,0,0,2,0
102601,20,126,Northeast,70.05,Groceries,Credit,Desktop,0,0,0,0
102602,68,20,South,45.78,Electronics,Credit,Mobile,1,0,0,0
102603,73,166,South,71.03,Groceries,Digital Wallet,Tablet,0,0,1,0
102604,63,146,South,40.17,Groceries,Debit,Tablet,1,0,0,0
102605,36,5,West,279.19,Online Services,Debit,Mobile,1,0,0,0
102606,40,176,West,58.63,Gas,Digital Wallet,Tablet,4,0,0,0
102607,70,127,South,114.13,Online Services,Debit,Tablet,2,0,0,0
102608,62,29,Northeast,101.43,Travel,Credit,Tablet,3,0,1,0
102609,67,63,West,161.2,Clothing,Credit,Tablet,1,0,0,0
102610,50,145,Midwest,216.37,Luxury,Credit,Desktop,1,0,1,0
102611,69,48,South,27.61,Restaurants,Debit,Mobile,3,0,1,0
102612,49,59,Northeast,50.71,Restaurants,Digital Wallet,Tablet,2,0,0,0
102613,54,42,South,52.94,Luxury,Digital Wallet,Desktop,3,0,1,0
102614,41,28,West,59.96,Groceries,Credit,Tablet,0,0,1,0
102615,38,155,South,100.22,Luxury,Credit,Desktop,4,0,0,0
102616,43,117,West,198.77,Luxury,Credit,Tablet,2,1,0,0
102617,21,29,West,84.73,Electronics,Debit,Mobile,4,0,0,1
102618,30,27,Midwest,200.59,Clothing,Digital Wallet,Mobile,3,1,0,1
102619,21,105,Northeast,90.82,Luxury,Credit,Mobile,2,0,1,0
102620,25,134,Midwest,349.73,Travel,Digital Wallet,Tablet,2,0,1,0
102621,61,125,South,37.65,Luxury,Credit,Tablet,1,1,0,1
102622,45,172,Midwest,9.46,Electronics,Credit,Tablet,6,0,0,0
102623,34,168,Northeast,55.27,Electronics,Digital Wallet,Desktop,3,0,1,0
102624,29,19,West,134.04,Groceries,Credit,Mobile,0,0,1,0
102625,49,117,South,155.3,Clothing,Digital Wallet,Desktop,1,0,0,1
102626,34,37,Northeast,194.78,Clothing,Debit,Desktop,4,0,0,0
102627,56,147,Midwest,80.06,Travel,Credit,Mobile,3,0,0,0
102628,22,145,Northeast,140.3,Electronics,Digital Wallet,Mobile,3,1,0,1
102629,21,31,West,42.9,Travel,Digital Wallet,Mobile,2,0,0,0
102630,44,120,Northeast,173.66,Clothing,Digital Wallet,Desktop,0,0,0,1
102631,32,18,Midwest,13.43,Groceries,Debit,Mobile,4,0,1,0
102632,70,151,West,297.18,Luxury,Debit,Tablet,1,0,0,0
102633,74,146,Northeast,172.91,Gas,Digital Wallet,Tablet,2,0,0,0
102634,37,75,Midwest,168.22,Luxury,Digital Wallet,Tablet,4,0,1,0
102635,42,93,West,109.45,Online Services,Debit,Mobile,1,0,0,0
102636,21,174,South,374.9,Clothing,Credit,Tablet,0,1,0,0
102637,30,57,West,217.22,Groceries,Debit,Desktop,1,0,0,0
102638,68,56,Northeast,89.41,Luxury,Credit,Mobile,1,0,0,0
102639,35,111,South,189.38,Online Services,Credit,Desktop,2,0,0,0
102640,24,170,Midwest,13.36,Restaurants,Digital Wallet,Tablet,1,0,1,0
102641,27,37,Midwest,93.86,Electronics,Credit,Tablet,3,0,0,0
102642,63,63,Northeast,108.39,Online Services,Debit,Desktop,5,0,0,0
102643,45,92,South,131.57,Gas,Digital Wallet,Tablet,1,1,0,0
102644,31,32,Northeast,129.91,Clothing,Debit,Tablet,3,0,0,0
102645,73,27,Northeast,9.6,Groceries,Credit,Desktop,3,1,0,0
102646,56,15,Midwest,62.28,Electronics,Digital Wallet,Desktop,4,0,0,0
102647,33,149,Northeast,154.9,Luxury,Credit,Mobile,3,0,1,0
102648,33,152,Midwest,98.08,Electronics,Digital Wallet,Desktop,1,0,2,0
102649,52,79,Northeast,494.12,Gas,Debit,Mobile,2,0,0,1
102650,31,20,South,237.55,Travel,Debit,Mobile,4,0,0,0
102651,22,174,South,428.51,Gas,Debit,Tablet,1,0,1,1
102652,61,28,Midwest,153.92,Restaurants,Digital Wallet,Mobile,1,0,0,0
102653,62,91,South,7.78,Gas,Debit,Tablet,3,0,0,0
102654,48,45,South,100.79,Electronics,Debit,Mobile,2,0,1,0
102655,35,18,Northeast,55.67,Restaurants,Credit,Mobile,1,1,1,1
102656,23,25,South,136.19,Restaurants,Debit,Tablet,1,0,0,0
102657,74,28,Northeast,7.33,Restaurants,Debit,Mobile,0,0,0,0
102658,30,96,West,100.21,Electronics,Credit,Desktop,0,0,1,0
102659,58,2,South,74.31,Online Services,Digital Wallet,Tablet,1,0,0,0
102660,39,61,South,47.57,Groceries,Credit,Mobile,1,0,0,0
102661,58,8,Northeast,97.52,Electronics,Digital Wallet,Desktop,3,0,0,0
102662,27,144,Midwest,41.53,Online Services,Debit,Desktop,1,0,0,0
102663,48,109,South,12.77,Luxury,Credit,Desktop,2,0,0,0
102664,68,60,South,12.73,Groceries,Digital Wallet,Tablet,3,0,0,0
102665,21,3,Northeast,338.03,Electronics,Debit,Desktop,4,0,0,0
102666,54,176,South,41.35,Electronics,Digital Wallet,Tablet,1,0,0,0
102667,73,81,Midwest,52.04,Electronics,Debit,Mobile,1,0,0,0
102668,38,47,West,51.85,Restaurants,Digital Wallet,Tablet,3,0,0,1
102669,56,56,West,37.55,Online Services,Debit,Mobile,3,0,0,0
102670,55,58,South,273.64,Clothing,Debit,Tablet,2,0,0,0
102671,49,149,South,183.19,Clothing,Digital Wallet,Mobile,2,1,0,1
102672,48,92,Northeast,74.44,Online Services,Digital Wallet,Mobile,3,0,1,0
102673,30,95,Northeast,208.42,Electronics,Debit,Desktop,1,0,0,0
102674,22,73,Northeast,81.15,Electronics,Digital Wallet,Mobile,3,0,0,0
102675,45,76,West,53.42,Online Services,Digital Wallet,Mobile,0,1,0,1
102676,22,86,Midwest,44.61,Gas,Credit,Tablet,6,0,0,0
102677,38,54,Midwest,136.16,Online Services,Credit,Tablet,2,0,0,0
102678,62,19,South,302.87,Online Services,Debit,Desktop,1,0,0,0
102679,22,64,West,159.76,Gas,Debit,Mobile,7,0,0,1
102680,69,102,Northeast,25.05,Travel,Debit,Tablet,1,0,0,0
102681,71,75,Northeast,12.58,Electronics,Debit,Desktop,3,0,0,0
102682,56,73,Midwest,66.62,Luxury,Credit,Mobile,0,0,0,0
102683,72,95,Midwest,16.03,Luxury,Credit,Mobile,0,0,1,0
102684,29,82,Midwest,2.27,Groceries,Credit,Desktop,3,0,1,0
102685,61,16,Northeast,4.74,Electronics,Credit,Tablet,2,1,0,0
102686,26,52,Midwest,58.01,Restaurants,Debit,Mobile,2,1,0,0
102687,21,104,South,0.02,Luxury,Debit,Tablet,2,1,1,0
102688,48,20,South,139.25,Travel,Credit,Tablet,4,0,0,0
102689,56,47,West,55.45,Travel,Credit,Mobile,1,0,0,0
102690,25,46,Midwest,93.74,Groceries,Credit,Tablet,4,0,1,0
102691,47,107,Northeast,350.17,Gas,Debit,Tablet,6,0,1,0
102692,73,165,West,179.23,Electronics,Debit,Mobile,1,0,0,0
102693,35,23,South,181.93,Online Services,Digital Wallet,Desktop,1,0,0,1
102694,54,130,West,38.3,Travel,Debit,Mobile,4,0,0,0
102695,60,4,Northeast,52.17,Groceries,Debit,Tablet,1,0,0,0
102696,36,27,West,54.95,Electronics,Digital Wallet,Mobile,4,0,1,0
102697,27,130,South,51.75,Travel,Digital Wallet,Tablet,1,0,0,0
102698,36,121,Northeast,165.32,Travel,Credit,Mobile,1,0,0,0
102699,18,166,Midwest,138.62,Restaurants,Credit,Mobile,0,1,1,0
102700,49,91,West,58.06,Clothing,Debit,Tablet,1,0,1,0
102701,51,82,Midwest,120.68,Gas,Credit,Desktop,2,0,1,0
102702,59,38,Midwest,220.78,Groceries,Debit,Desktop,3,0,1,0
102703,32,64,Midwest,83.23,Online Services,Debit,Tablet,3,1,0,0
102704,70,175,South,2.44,Online Services,Credit,Tablet,1,0,0,0
102705,59,166,West,45.96,Online Services,Credit,Mobile,1,0,0,0
102706,23,71,Northeast,74.38,Clothing,Digital Wallet,Desktop,1,1,1,0
102707,30,91,West,149.85,Groceries,Digital Wallet,Desktop,2,0,1,0
102708,28,148,West,21.63,Restaurants,Credit,Mobile,5,0,0,0
102709,46,112,South,23.09,Electronics,Digital Wallet,Tablet,0,0,0,0
102710,50,92,Northeast,12.07,Online Services,Debit,Tablet,3,1,0,0
102711,23,14,South,22.48,Clothing,Digital Wallet,Tablet,0,1,1,0
102712,54,65,South,230.16,Electronics,Digital Wallet,Desktop,3,0,0,0
102713,62,39,West,141.97,Luxury,Debit,Desktop,0,0,0,0
102714,46,75,West,51.78,Luxury,Debit,Mobile,3,0,1,0
102715,51,46,West,219.46,Gas,Debit,Tablet,3,1,0,0
102716,49,68,Midwest,56.2,Travel,Credit,Mobile,2,0,0,0
102717,67,169,South,139.63,Gas,Credit,Desktop,2,0,1,0
102718,36,167,Midwest,168.05,Clothing,Digital Wallet,Mobile,3,0,0,0
102719,21,31,West,116.0,Electronics,Digital Wallet,Desktop,4,0,0,0
102720,71,141,West,118.72,Travel,Digital Wallet,Desktop,3,0,0,0
102721,34,108,Northeast,204.22,Clothing,Digital Wallet,Tablet,4,1,0,0
102722,65,55,South,67.8,Groceries,Digital Wallet,Tablet,3,0,0,0
102723,39,166,South,2.57,Restaurants,Credit,Desktop,3,0,1,0
102724,59,113,Northeast,31.27,Online Services,Credit,Tablet,3,0,0,0
102725,46,164,South,28.43,Gas,Credit,Tablet,3,0,0,1
102726,43,84,Northeast,151.54,Online Services,Credit,Desktop,0,0,0,0
102727,21,32,South,45.25,Travel,Credit,Tablet,2,0,0,0
102728,58,154,Midwest,213.64,Groceries,Credit,Desktop,0,0,0,0
102729,39,111,Midwest,255.65,Clothing,Digital Wallet,Desktop,2,0,0,0
102730,24,49,Midwest,49.67,Clothing,Credit,Mobile,2,0,0,0
102731,37,48,South,30.41,Electronics,Debit,Desktop,0,0,1,0
102732,20,61,West,32.78,Groceries,Digital Wallet,Tablet,3,0,1,0
102733,18,143,West,546.74,Clothing,Credit,Tablet,0,0,0,0
102734,34,81,West,106.29,Groceries,Digital Wallet,Mobile,1,0,0,0
102735,45,106,South,184.4,Travel,Debit,Mobile,1,0,1,0
102736,34,138,West,104.3,Online Services,Debit,Tablet,0,0,1,0
102737,54,94,Midwest,106.7,Restaurants,Credit,Mobile,1,0,1,0
102738,35,23,West,1.42,Travel,Digital Wallet,Desktop,0,0,0,0
102739,37,147,West,20.19,Travel,Debit,Desktop,5,0,1,0
102740,24,106,West,201.56,Travel,Debit,Tablet,0,0,1,0
102741,67,81,South,118.84,Online Services,Debit,Tablet,2,0,0,0
102742,26,168,South,108.55,Online Services,Credit,Tablet,3,0,1,0
102743,49,179,Northeast,19.06,Online Services,Credit,Desktop,5,0,0,0
102744,19,158,Northeast,97.8,Clothing,Digital Wallet,Mobile,1,0,0,0
102745,29,138,West,143.47,Groceries,Credit,Mobile,4,0,0,0
102746,37,156,South,1.73,Clothing,Credit,Mobile,4,0,0,0
102747,51,109,South,10.49,Groceries,Digital Wallet,Desktop,1,0,3,0
102748,38,122,South,101.03,Restaurants,Credit,Desktop,3,0,2,1
102749,41,47,Midwest,85.31,Electronics,Credit,Desktop,2,0,0,0
102750,53,12,Northeast,40.25,Electronics,Digital Wallet,Tablet,3,0,0,1
102751,33,130,West,122.05,Groceries,Digital Wallet,Mobile,3,1,0,0
102752,47,119,Midwest,361.52,Restaurants,Credit,Desktop,1,0,0,1
102753,21,145,Northeast,183.34,Clothing,Credit,Mobile,2,0,0,0
102754,64,17,South,264.87,Gas,Debit,Tablet,4,1,0,0
102755,63,144,Northeast,17.55,Online Services,Digital Wallet,Mobile,3,0,0,0
102756,66,73,South,67.85,Luxury,Digital Wallet,Tablet,0,0,1,0
102757,47,28,Northeast,91.68,Groceries,Digital Wallet,Mobile,1,1,0,0
102758,64,77,Northeast,178.62,Gas,Digital Wallet,Desktop,1,0,1,0
102759,74,153,South,219.31,Clothing,Digital Wallet,Mobile,2,0,1,0
102760,42,154,Midwest,16.31,Clothing,Debit,Mobile,6,1,0,0
102761,27,177,Midwest,42.18,Clothing,Debit,Mobile,2,1,0,0
102762,59,67,South,25.55,Groceries,Debit,Desktop,3,0,2,1
102763,74,29,West,1.4,Restaurants,Debit,Tablet,4,0,1,0
102764,39,131,Northeast,100.24,Online Services,Debit,Tablet,3,0,2,0
102765,56,152,South,81.19,Luxury,Credit,Desktop,0,0,0,0
102766,28,179,West,43.59,Luxury,Debit,Mobile,1,0,1,0
102767,72,62,Midwest,30.7,Restaurants,Debit,Tablet,5,0,0,0
102768,65,95,Midwest,4.97,Gas,Debit,Desktop,1,0,0,0
102769,29,154,Northeast,50.31,Electronics,Digital Wallet,Mobile,3,0,0,0
102770,67,19,Midwest,95.2,Travel,Digital Wallet,Tablet,2,1,0,0
102771,28,89,Northeast,146.64,Clothing,Digital Wallet,Desktop,2,1,0,0
102772,67,96,Northeast,299.45,Clothing,Digital Wallet,Desktop,1,0,1,0
102773,49,94,Midwest,75.22,Gas,Debit,Desktop,1,0,0,0
102774,20,147,South,60.01,Gas,Debit,Mobile,2,0,0,0
102775,22,169,South,409.88,Electronics,Credit,Mobile,5,0,0,0
102776,31,15,South,347.33,Restaurants,Digital Wallet,Tablet,2,0,0,0
102777,71,38,Northeast,206.33,Gas,Digital Wallet,Tablet,0,0,0,0
102778,64,15,West,56.94,Gas,Digital Wallet,Mobile,3,0,0,0
102779,70,164,Midwest,2.6,Luxury,Credit,Tablet,1,0,0,0
102780,63,99,Northeast,2.38,Luxury,Debit,Tablet,3,0,1,0
102781,42,42,Northeast,65.73,Restaurants,Credit,Mobile,1,0,0,0
102782,43,146,Northeast,201.05,Luxury,Debit,Tablet,1,0,1,0
102783,24,8,Northeast,84.84,Gas,Credit,Desktop,1,0,0,0
102784,51,120,South,1.43,Travel,Digital Wallet,Desktop,4,0,0,0
102785,37,179,Northeast,203.78,Groceries,Digital Wallet,Mobile,3,0,0,0
102786,47,52,Northeast,9.38,Groceries,Credit,Desktop,3,0,1,0
102787,35,126,Northeast,21.6,Travel,Credit,Tablet,1,0,0,0
102788,58,24,Midwest,1.36,Groceries,Credit,Tablet,2,0,0,0
102789,61,2,South,3.45,Groceries,Digital Wallet,Mobile,2,1,1,0
102790,19,46,West,118.93,Electronics,Credit,Mobile,0,0,0,0
102791,56,18,West,25.19,Groceries,Credit,Tablet,2,0,1,0
102792,30,12,West,83.11,Gas,Credit,Tablet,2,0,0,0
102793,36,38,West,303.22,Online Services,Credit,Desktop,3,0,0,0
102794,34,161,West,220.55,Clothing,Credit,Desktop,3,0,0,0
102795,28,106,South,87.05,Luxury,Digital Wallet,Mobile,1,0,0,0
102796,70,84,South,32.74,Travel,Credit,Tablet,1,0,1,0
102797,19,74,Northeast,2.13,Gas,Credit,Desktop,1,1,0,1
102798,46,164,West,265.92,Clothing,Credit,Desktop,5,1,1,0
102799,36,137,South,45.77,Luxury,Digital Wallet,Tablet,2,0,0,0
102800,66,100,West,138.15,Clothing,Digital Wallet,Tablet,3,0,0,0
102801,21,96,South,278.93,Gas,Debit,Tablet,4,0,1,0
102802,53,171,South,248.34,Luxury,Debit,Mobile,0,0,0,0
102803,41,64,West,117.78,Electronics,Digital Wallet,Mobile,2,1,0,0
102804,59,28,Northeast,58.54,Electronics,Digital Wallet,Mobile,1,1,0,0
102805,62,62,West,137.55,Travel,Digital Wallet,Mobile,3,0,0,0
102806,66,5,Northeast,51.34,Gas,Credit,Desktop,3,0,0,0
102807,43,91,West,190.54,Clothing,Credit,Tablet,4,0,1,0
102808,55,148,Midwest,122.36,Clothing,Debit,Tablet,2,0,0,1
102809,42,46,West,13.26,Groceries,Digital Wallet,Tablet,1,0,0,0
102810,66,160,Northeast,35.24,Clothing,Credit,Desktop,3,0,0,0
102811,65,80,Northeast,93.7,Restaurants,Digital Wallet,Tablet,1,0,1,0
102812,22,174,Northeast,72.47,Travel,Debit,Mobile,2,0,0,0
102813,19,99,South,155.06,Luxury,Credit,Tablet,4,0,0,0
102814,25,53,Northeast,150.59,Gas,Debit,Desktop,2,0,0,0
102815,37,142,West,222.66,Restaurants,Digital Wallet,Tablet,4,0,1,0
102816,45,133,South,112.41,Restaurants,Credit,Mobile,2,1,1,0
102817,72,35,Midwest,311.08,Restaurants,Credit,Tablet,2,0,0,0
102818,27,45,South,139.34,Luxury,Digital Wallet,Tablet,2,0,0,0
102819,45,59,West,334.38,Restaurants,Credit,Mobile,4,0,0,0
102820,37,141,South,215.08,Groceries,Debit,Mobile,1,0,2,1
102821,26,129,Midwest,67.61,Online Services,Digital Wallet,Mobile,1,0,0,0
102822,31,129,South,347.14,Travel,Digital Wallet,Mobile,4,0,2,1
102823,34,124,Midwest,180.19,Online Services,Debit,Desktop,5,0,0,0
102824,70,56,Northeast,287.01,Travel,Debit,Desktop,3,0,1,0
102825,71,110,South,156.86,Online Services,Digital Wallet,Desktop,2,0,0,0
102826,32,134,Northeast,7.74,Groceries,Digital Wallet,Desktop,2,0,3,1
102827,70,158,Midwest,512.78,Restaurants,Credit,Desktop,0,1,0,1
102828,27,55,Midwest,22.19,Electronics,Credit,Mobile,1,0,1,0
102829,32,106,Northeast,28.47,Gas,Digital Wallet,Mobile,2,0,1,0
102830,73,55,Midwest,25.07,Gas,Credit,Desktop,4,0,0,1
102831,45,117,Northeast,99.3,Online Services,Debit,Tablet,4,0,1,0
102832,45,95,Midwest,71.53,Travel,Digital Wallet,Tablet,3,0,1,0
102833,36,104,South,176.17,Online Services,Debit,Tablet,2,1,0,1
102834,66,133,West,143.09,Restaurants,Debit,Desktop,1,0,0,0
102835,67,34,West,530.68,Electronics,Credit,Tablet,5,0,0,0
102836,55,7,West,10.82,Gas,Debit,Mobile,1,0,0,0
102837,41,21,Midwest,37.7,Restaurants,Debit,Tablet,1,0,0,0
102838,40,110,West,308.13,Luxury,Digital Wallet,Desktop,4,0,1,0
102839,50,9,Midwest,127.56,Gas,Debit,Tablet,1,0,0,0
102840,52,163,West,37.64,Clothing,Digital Wallet,Desktop,2,0,1,0
102841,50,138,Northeast,204.45,Luxury,Digital Wallet,Desktop,4,1,1,1
102842,25,81,Northeast,78.85,Restaurants,Credit,Tablet,5,0,0,0
102843,61,110,Northeast,14.72,Gas,Credit,Desktop,0,0,1,0
102844,47,75,Northeast,11.42,Travel,Debit,Tablet,1,0,1,1
102845,65,170,Midwest,202.58,Travel,Credit,Desktop,1,0,0,0
102846,28,166,Midwest,6.34,Electronics,Debit,Tablet,2,0,0,0
102847,68,171,South,76.49,Luxury,Debit,Mobile,1,0,1,0
102848,69,124,Northeast,51.11,Groceries,Debit,Mobile,2,0,2,0
102849,42,139,Northeast,149.35,Gas,Debit,Desktop,1,0,0,0
102850,74,57,South,171.15,Online Services,Credit,Desktop,2,0,0,0
102851,53,40,South,42.06,Gas,Debit,Mobile,3,0,1,0
102852,57,104,West,47.77,Clothing,Debit,Desktop,0,1,0,0
102853,58,148,Midwest,5.6,Gas,Digital Wallet,Desktop,3,0,1,0
102854,37,131,South,33.72,Travel,Digital Wallet,Mobile,3,0,1,0
102855,29,123,Northeast,48.13,Clothing,Credit,Desktop,1,0,1,1
102856,68,116,Midwest,13.06,Restaurants,Credit,Desktop,3,0,0,0
102857,18,116,Midwest,10.98,Clothing,Debit,Desktop,0,1,0,0
102858,55,149,Northeast,40.37,Travel,Credit,Tablet,1,1,0,0
102859,48,85,Midwest,63.79,Online Services,Credit,Desktop,1,0,0,0
102860,48,60,Midwest,133.23,Clothing,Digital Wallet,Desktop,0,0,1,0
102861,29,103,West,254.87,Travel,Debit,Mobile,1,0,0,0
102862,48,32,Midwest,82.6,Travel,Credit,Tablet,0,0,0,0
102863,43,66,Midwest,142.59,Restaurants,Credit,Tablet,0,0,0,0
102864,50,58,Midwest,209.39,Travel,Debit,Tablet,2,0,0,0
102865,37,77,Midwest,52.02,Travel,Credit,Mobile,4,0,0,0
102866,51,158,Northeast,212.73,Online Services,Credit,Tablet,2,0,0,0
102867,70,54,West,52.6,Restaurants,Credit,Desktop,2,1,0,0
102868,24,178,West,342.37,Clothing,Credit,Mobile,2,0,1,0
102869,37,161,West,172.78,Electronics,Debit,Desktop,1,0,0,0
102870,67,149,Northeast,39.72,Travel,Credit,Tablet,5,0,0,0
102871,44,60,Midwest,70.81,Clothing,Digital Wallet,Mobile,3,0,0,0
102872,48,179,Midwest,23.7,Electronics,Debit,Desktop,4,1,1,0
102873,18,161,Northeast,18.09,Clothing,Digital Wallet,Tablet,3,0,1,0
102874,33,165,Northeast,34.34,Groceries,Digital Wallet,Desktop,1,0,0,0
102875,28,154,Midwest,240.61,Travel,Debit,Tablet,1,0,0,0
102876,39,25,Midwest,213.98,Luxury,Debit,Mobile,1,0,1,0
102877,22,169,South,223.6,Electronics,Digital Wallet,Tablet,1,1,0,0
102878,19,120,West,6.36,Luxury,Debit,Mobile,2,0,0,0
102879,62,4,West,207.35,Online Services,Credit,Mobile,3,0,0,0
102880,64,103,Northeast,33.78,Gas,Debit,Tablet,2,0,0,0
102881,60,30,South,43.36,Travel,Digital Wallet,Mobile,3,1,0,0
102882,28,167,West,39.3,Gas,Credit,Mobile,2,1,0,0
102883,36,94,Northeast,61.85,Luxury,Debit,Desktop,1,0,0,0
102884,69,83,West,333.48,Clothing,Credit,Mobile,1,0,0,0
102885,48,98,West,104.1,Gas,Digital Wallet,Desktop,2,0,0,0
102886,58,13,Midwest,11.69,Online Services,Debit,Tablet,2,0,0,0
102887,57,26,South,44.78,Luxury,Credit,Desktop,2,0,0,0
102888,71,91,West,131.77,Clothing,Debit,Tablet,1,0,1,0
102889,41,44,Northeast,29.66,Electronics,Debit,Mobile,2,0,1,0
102890,63,106,South,0.18,Clothing,Debit,Tablet,5,0,0,0
102891,38,133,Midwest,145.73,Restaurants,Debit,Tablet,1,0,1,0
102892,50,97,South,59.21,Gas,Debit,Desktop,4,0,0,0
102893,64,145,West,97.62,Travel,Digital Wallet,Tablet,2,0,0,0
102894,51,153,West,98.09,Gas,Debit,Tablet,1,0,1,0
102895,46,161,South,103.31,Restaurants,Debit,Tablet,0,0,0,0
102896,53,19,South,88.32,Online Services,Debit,Mobile,0,0,0,0
102897,74,155,West,3.61,Online Services,Debit,Tablet,2,1,0,1
102898,24,178,Midwest,325.85,Gas,Digital Wallet,Tablet,1,1,0,0
102899,18,66,South,141.93,Travel,Credit,Tablet,0,1,0,1
102900,68,38,West,244.23,Groceries,Digital Wallet,Mobile,2,0,0,0
102901,28,78,Northeast,29.52,Gas,Digital Wallet,Tablet,2,0,0,0
102902,71,1,West,109.52,Travel,Digital Wallet,Mobile,1,0,0,0
102903,22,173,Midwest,89.76,Restaurants,Debit,Tablet,2,0,0,0
102904,30,53,Northeast,5.45,Online Services,Credit,Tablet,10,0,1,0
102905,54,129,South,76.6,Groceries,Debit,Mobile,2,0,1,0
102906,57,21,Northeast,83.53,Luxury,Debit,Mobile,1,0,2,0
102907,22,6,West,261.07,Gas,Debit,Tablet,2,0,0,0
102908,51,58,South,0.9,Electronics,Debit,Desktop,3,0,1,0
102909,36,167,South,135.1,Clothing,Credit,Mobile,2,0,0,0
102910,25,141,Midwest,178.03,Restaurants,Digital Wallet,Mobile,0,1,0,0
102911,30,2,Northeast,291.35,Travel,Credit,Mobile,2,0,1,0
102912,26,30,South,214.05,Restaurants,Digital Wallet,Desktop,2,0,1,0
102913,65,116,Northeast,1.07,Restaurants,Digital Wallet,Mobile,0,0,0,0
102914,30,178,West,17.18,Electronics,Digital Wallet,Tablet,3,0,1,0
102915,62,31,Northeast,28.23,Online Services,Credit,Tablet,3,0,0,0
102916,40,14,West,18.28,Groceries,Debit,Tablet,2,0,0,0
102917,39,100,Northeast,39.59,Luxury,Credit,Tablet,1,0,1,0
102918,63,116,West,146.55,Luxury,Digital Wallet,Desktop,0,0,0,0
102919,61,108,Midwest,72.86,Groceries,Debit,Desktop,1,0,0,0
102920,21,98,Northeast,7.93,Electronics,Debit,Mobile,1,0,0,0
102921,56,173,Northeast,78.48,Travel,Credit,Tablet,1,0,0,0
102922,49,173,Midwest,152.72,Restaurants,Digital Wallet,Desktop,5,1,0,0
102923,18,22,West,47.38,Travel,Debit,Mobile,3,0,0,0
102924,31,152,Midwest,123.7,Gas,Debit,Mobile,2,1,0,0
102925,40,149,West,8.04,Luxury,Debit,Mobile,2,0,0,0
102926,47,135,Midwest,67.15,Groceries,Credit,Desktop,2,0,0,1
102927,18,173,Midwest,69.74,Restaurants,Credit,Mobile,2,0,1,0
102928,59,40,West,33.85,Restaurants,Debit,Desktop,2,0,0,0
102929,72,5,Northeast,93.86,Luxury,Digital Wallet,Desktop,0,0,1,0
102930,28,19,West,270.74,Electronics,Credit,Tablet,2,0,0,0
102931,71,152,West,112.39,Restaurants,Credit,Tablet,2,0,0,0
102932,49,105,South,4.89,Clothing,Debit,Desktop,0,0,0,0
102933,43,14,South,14.85,Travel,Credit,Mobile,1,0,0,0
102934,59,68,Midwest,41.42,Electronics,Debit,Mobile,2,0,0,0
102935,28,29,Northeast,20.12,Luxury,Credit,Tablet,2,0,0,0
102936,35,107,Northeast,17.64,Electronics,Debit,Tablet,1,0,0,0
102937,30,137,West,38.68,Online Services,Credit,Mobile,5,0,0,0
102938,31,71,West,20.7,Online Services,Digital Wallet,Desktop,4,0,0,0
102939,63,102,South,25.01,Clothing,Credit,Mobile,3,1,0,0
102940,31,92,Midwest,119.83,Travel,Digital Wallet,Desktop,2,1,2,1
102941,35,77,West,2.88,Online Services,Digital Wallet,Tablet,0,0,1,0
102942,22,176,West,192.35,Clothing,Debit,Mobile,0,0,2,0
102943,27,96,West,213.41,Groceries,Debit,Tablet,1,0,0,0
102944,55,110,Midwest,8.27,Online Services,Digital Wallet,Desktop,3,1,0,0
102945,55,92,Northeast,91.97,Clothing,Digital Wallet,Tablet,1,1,1,1
102946,31,70,Northeast,222.5,Electronics,Debit,Desktop,2,0,0,0
102947,50,6,Midwest,150.55,Electronics,Digital Wallet,Desktop,2,0,0,0
102948,42,72,West,507.74,Luxury,Digital Wallet,Tablet,1,0,0,0
102949,39,29,South,168.95,Restaurants,Debit,Tablet,4,0,0,0
102950,63,120,Midwest,6.82,Groceries,Credit,Mobile,6,1,0,1
102951,58,155,South,139.23,Gas,Debit,Tablet,1,0,0,0
102952,21,11,West,74.24,Groceries,Digital Wallet,Tablet,1,0,1,0
102953,35,134,Northeast,92.51,Luxury,Digital Wallet,Mobile,3,0,0,0
102954,47,53,Midwest,128.87,Travel,Digital Wallet,Mobile,2,1,1,0
102955,28,32,Midwest,304.29,Luxury,Digital Wallet,Desktop,2,0,0,0
102956,27,114,Midwest,110.59,Electronics,Debit,Tablet,2,1,1,0
102957,49,163,West,105.03,Electronics,Debit,Mobile,2,0,1,0
102958,56,17,Midwest,36.54,Online Services,Credit,Tablet,1,0,0,0
102959,64,19,West,237.6,Electronics,Debit,Mobile,1,0,0,0
102960,73,167,West,26.16,Online Services,Digital Wallet,Mobile,1,0,0,0
102961,43,14,Northeast,128.84,Electronics,Digital Wallet,Desktop,2,0,0,0
102962,57,36,Midwest,8.11,Restaurants,Credit,Desktop,1,0,0,0
102963,25,1,South,99.5,Clothing,Debit,Mobile,2,0,0,0
102964,74,1,West,38.47,Clothing,Credit,Tablet,2,0,0,0
102965,74,9,Northeast,100.52,Luxury,Debit,Tablet,1,0,0,0
102966,28,90,West,180.87,Luxury,Debit,Tablet,0,0,1,0
102967,35,51,South,13.33,Gas,Credit,Desktop,0,0,0,0
102968,35,108,West,11.49,Restaurants,Debit,Tablet,3,0,1,0
102969,34,178,Northeast,33.05,Clothing,Debit,Tablet,5,0,0,0
102970,30,149,Northeast,55.93,Clothing,Digital Wallet,Desktop,2,1,0,0
102971,51,44,Northeast,10.15,Luxury,Debit,Mobile,1,0,0,0
102972,31,39,Northeast,61.54,Luxury,Credit,Mobile,0,0,0,0
102973,40,20,South,172.03,Gas,Debit,Mobile,2,0,1,0
102974,57,7,Northeast,47.92,Travel,Digital Wallet,Tablet,4,0,1,0
102975,18,112,South,40.29,Electronics,Debit,Mobile,1,0,0,0
102976,40,4,Midwest,239.75,Clothing,Debit,Desktop,2,0,0,0
102977,63,48,Midwest,5.09,Electronics,Credit,Tablet,2,0,0,0
102978,19,10,South,245.48,Online Services,Digital Wallet,Desktop,4,0,1,0
102979,62,121,South,40.69,Clothing,Digital Wallet,Desktop,2,1,1,0
102980,19,161,South,285.23,Luxury,Digital Wallet,Desktop,0,1,0,0
102981,66,41,South,56.53,Groceries,Debit,Mobile,1,0,0,0
102982,44,134,West,53.67,Clothing,Credit,Mobile,0,0,0,0
102983,59,20,Midwest,156.85,Luxury,Digital Wallet,Desktop,1,1,1,1
102984,49,133,South,18.43,Groceries,Debit,Desktop,2,0,1,0
102985,62,47,Midwest,210.44,Restaurants,Digital Wallet,Desktop,1,0,0,0
102986,66,173,Northeast,156.7,Clothing,Digital Wallet,Desktop,0,0,0,0
102987,21,163,Northeast,170.63,Luxury,Debit,Mobile,2,0,0,0
102988,70,166,Midwest,20.52,Clothing,Debit,Desktop,3,0,0,0
102989,30,138,South,118.24,Groceries,Digital Wallet,Mobile,3,0,0,0
102990,25,15,West,60.6,Restaurants,Credit,Desktop,0,0,1,0
102991,32,87,West,2.89,Restaurants,Debit,Desktop,2,0,0,0
102992,65,3,Northeast,5.32,Travel,Credit,Tablet,1,0,0,0
102993,49,58,South,72.04,Luxury,Credit,Mobile,2,0,1,0
102994,57,141,West,281.79,Luxury,Digital Wallet,Mobile,4,0,0,0
102995,25,4,Midwest,160.95,Travel,Debit,Mobile,3,0,1,0
102996,19,42,West,13.86,Luxury,Credit,Tablet,4,0,1,0
102997,43,159,South,132.93,Gas,Digital Wallet,Mobile,3,0,0,0
102998,31,89,South,181.57,Gas,Debit,Tablet,2,0,0,0
102999,18,118,Northeast,3.05,Electronics,Digital Wallet,Tablet,2,0,0,0
103000,46,100,West,21.04,Groceries,Digital Wallet,Tablet,2,0,0,0
103001,69,115,West,58.98,Restaurants,Credit,Desktop,1,0,1,0
103002,23,166,Northeast,174.19,Online Services,Digital Wallet,Tablet,3,0,1,0
103003,57,19,Midwest,25.68,Groceries,Credit,Mobile,2,0,0,0
103004,42,125,West,38.58,Luxury,Debit,Tablet,2,0,0,0
103005,26,170,South,5.02,Clothing,Credit,Mobile,1,0,1,0
103006,40,55,West,25.27,Gas,Credit,Tablet,0,0,0,0
103007,66,109,West,15.01,Restaurants,Credit,Desktop,3,0,0,0
103008,61,113,Midwest,48.97,Luxury,Credit,Mobile,0,0,1,0
103009,58,89,South,203.11,Clothing,Debit,Mobile,2,0,1,0
103010,39,164,West,25.7,Luxury,Digital Wallet,Mobile,1,1,0,0
103011,28,91,Northeast,84.14,Groceries,Digital Wallet,Mobile,1,0,0,0
103012,64,157,Northeast,340.53,Travel,Digital Wallet,Desktop,2,0,0,0
103013,45,35,Midwest,6.93,Travel,Debit,Desktop,1,0,0,0
103014,30,88,Northeast,66.47,Travel,Digital Wallet,Tablet,3,0,0,0
103015,37,4,West,279.06,Gas,Digital Wallet,Desktop,2,1,0,0
103016,19,169,South,172.21,Groceries,Debit,Mobile,7,0,0,0
103017,67,143,Northeast,176.31,Restaurants,Digital Wallet,Mobile,0,0,0,0
103018,73,104,West,400.08,Luxury,Credit,Tablet,1,0,0,0
103019,22,83,West,76.6,Clothing,Credit,Mobile,4,0,2,0
103020,54,171,West,61.19,Groceries,Digital Wallet,Mobile,4,0,0,0
103021,49,11,West,30.65,Electronics,Debit,Desktop,1,1,0,0
103022,43,150,Midwest,104.41,Restaurants,Digital Wallet,Desktop,1,0,1,0
103023,26,112,West,50.59,Groceries,Credit,Mobile,0,0,0,0
103024,21,1,Northeast,173.18,Restaurants,Debit,Desktop,4,0,0,0
103025,29,46,Northeast,113.9,Travel,Credit,Desktop,2,0,1,0
103026,68,59,West,709.18,Groceries,Debit,Mobile,3,0,0,0
103027,18,71,West,148.06,Luxury,Debit,Tablet,1,0,0,0
103028,59,139,Midwest,122.72,Electronics,Digital Wallet,Mobile,0,0,0,0
103029,18,88,Northeast,116.38,Electronics,Digital Wallet,Mobile,2,0,0,0
103030,39,17,South,26.7,Online Services,Digital Wallet,Mobile,2,0,0,0
103031,50,100,West,74.93,Electronics,Debit,Tablet,0,0,0,1
103032,28,12,Midwest,133.68,Online Services,Digital Wallet,Mobile,3,1,0,0
103033,65,32,South,75.9,Gas,Digital Wallet,Desktop,1,0,0,0
103034,32,139,West,193.73,Gas,Digital Wallet,Desktop,3,0,1,0
103035,46,178,West,124.12,Luxury,Credit,Tablet,1,0,0,0
103036,68,48,West,608.37,Groceries,Debit,Mobile,1,0,0,0
103037,62,55,Northeast,199.39,Electronics,Debit,Desktop,1,0,0,0
103038,62,112,South,162.52,Online Services,Digital Wallet,Mobile,4,0,0,0
103039,25,38,South,202.5,Restaurants,Digital Wallet,Desktop,2,0,0,0
103040,59,57,Midwest,18.46,Clothing,Credit,Tablet,5,0,0,0
103041,48,96,Northeast,61.84,Luxury,Debit,Desktop,2,0,0,0
103042,47,48,South,36.06,Luxury,Credit,Mobile,1,1,0,0
103043,32,149,South,164.72,Electronics,Debit,Desktop,3,0,0,0
103044,70,144,Northeast,103.92,Gas,Digital Wallet,Mobile,2,0,1,0
103045,39,119,South,156.4,Groceries,Debit,Mobile,5,0,1,0
103046,25,165,Midwest,90.74,Clothing,Credit,Tablet,4,0,0,0
103047,58,135,Midwest,349.48,Online Services,Digital Wallet,Mobile,2,0,1,0
103048,31,151,Northeast,61.33,Groceries,Credit,Tablet,3,0,0,0
103049,21,147,Northeast,43.53,Groceries,Credit,Mobile,0,0,0,0
103050,52,29,South,39.24,Luxury,Debit,Tablet,4,0,0,0
103051,60,123,South,134.84,Electronics,Credit,Tablet,2,0,0,0
103052,72,162,South,132.04,Online Services,Digital Wallet,Mobile,1,0,0,0
103053,68,101,Midwest,55.38,Online Services,Credit,Desktop,1,1,0,0
103054,50,39,South,81.89,Clothing,Credit,Mobile,1,0,0,0
103055,62,71,Northeast,45.47,Gas,Credit,Mobile,4,0,1,0
103056,35,78,South,139.97,Travel,Debit,Mobile,0,0,1,0
103057,43,70,Midwest,92.26,Luxury,Digital Wallet,Mobile,2,0,0,0
103058,20,83,Midwest,123.46,Travel,Credit,Tablet,2,0,0,0
103059,69,88,West,213.18,Restaurants,Debit,Tablet,2,0,0,0
103060,60,53,West,75.17,Restaurants,Debit,Desktop,1,1,0,0
103061,69,15,Midwest,35.6,Restaurants,Credit,Mobile,1,0,0,0
103062,34,134,Northeast,94.05,Electronics,Digital Wallet,Mobile,1,0,0,0
103063,41,167,South,34.82,Travel,Credit,Tablet,1,1,0,0
103064,59,68,West,126.68,Electronics,Credit,Tablet,3,0,1,0
103065,66,168,South,42.27,Groceries,Credit,Tablet,3,0,0,0
103066,56,106,Midwest,32.68,Restaurants,Debit,Mobile,0,0,0,0
103067,45,156,Northeast,215.24,Luxury,Digital Wallet,Desktop,2,0,0,1
103068,41,106,West,155.33,Restaurants,Debit,Desktop,1,0,0,0
103069,20,162,Northeast,293.31,Travel,Debit,Mobile,5,0,0,0
103070,39,121,Northeast,119.04,Gas,Digital Wallet,Tablet,3,0,0,0
103071,41,76,South,473.41,Gas,Digital Wallet,Tablet,1,0,0,0
103072,70,170,South,97.33,Travel,Debit,Mobile,2,0,0,0
103073,22,156,Midwest,322.54,Clothing,Credit,Desktop,2,1,0,0
103074,67,93,Midwest,231.32,Clothing,Digital Wallet,Tablet,2,0,0,0
103075,71,15,Northeast,25.94,Electronics,Credit,Desktop,0,0,1,0
103076,46,120,West,178.88,Travel,Digital Wallet,Tablet,2,0,0,0
103077,74,32,Midwest,52.21,Groceries,Digital Wallet,Desktop,2,0,0,1
103078,54,129,Northeast,51.86,Online Services,Debit,Tablet,1,0,1,0
103079,68,62,West,99.25,Travel,Digital Wallet,Desktop,4,0,0,0
103080,24,28,South,47.33,Luxury,Credit,Desktop,1,0,0,0
103081,38,130,Midwest,5.02,Gas,Digital Wallet,Mobile,0,0,0,0
103082,27,89,West,8.06,Luxury,Credit,Tablet,0,0,0,0
103083,74,110,Northeast,26.42,Luxury,Credit,Mobile,3,0,0,0
103084,23,77,West,412.62,Restaurants,Debit,Mobile,1,0,0,1
103085,54,4,West,74.18,Gas,Digital Wallet,Desktop,7,1,0,0
103086,34,18,Northeast,36.89,Clothing,Credit,Desktop,1,0,0,0
103087,65,40,Northeast,347.21,Restaurants,Digital Wallet,Tablet,2,1,1,0
103088,41,127,Midwest,123.41,Gas,Debit,Desktop,1,0,1,0
103089,48,28,West,118.61,Luxury,Debit,Desktop,3,0,0,0
103090,29,116,South,102.61,Restaurants,Debit,Tablet,5,0,0,0
103091,23,114,Northeast,50.27,Gas,Digital Wallet,Tablet,1,1,0,0
103092,61,67,West,105.63,Luxury,Debit,Tablet,1,0,0,0
103093,43,58,West,52.12,Luxury,Debit,Desktop,2,1,0,0
103094,27,20,South,228.11,Restaurants,Debit,Desktop,0,0,0,0
103095,21,8,West,10.59,Electronics,Credit,Tablet,0,0,0,0
103096,64,10,South,5.04,Luxury,Credit,Desktop,0,0,0,0
103097,25,64,South,8.24,Electronics,Credit,Mobile,4,1,1,0
103098,60,159,South,19.11,Groceries,Digital Wallet,Tablet,4,0,0,0
103099,32,2,South,149.72,Restaurants,Credit,Mobile,2,0,0,0
103100,25,76,West,23.82,Travel,Credit,Tablet,4,0,1,0
103101,23,158,Northeast,23.81,Clothing,Digital Wallet,Tablet,2,0,0,0
103102,55,103,South,5.11,Clothing,Credit,Desktop,3,0,0,0
103103,18,96,West,737.17,Clothing,Debit,Mobile,3,1,0,0
103104,74,159,South,55.35,Restaurants,Debit,Tablet,3,0,0,0
103105,50,62,Northeast,191.38,Clothing,Debit,Desktop,1,1,1,0
103106,28,72,Northeast,220.9,Travel,Debit,Mobile,3,0,0,0
103107,31,98,Northeast,25.1,Groceries,Debit,Desktop,2,0,1,0
103108,61,112,Midwest,66.02,Gas,Digital Wallet,Mobile,2,0,1,0
103109,69,33,Northeast,156.58,Groceries,Credit,Mobile,2,0,1,0
103110,60,17,South,12.45,Online Services,Credit,Mobile,2,0,0,0
103111,65,64,South,132.52,Luxury,Digital Wallet,Tablet,2,1,0,0
103112,46,53,Midwest,40.97,Gas,Debit,Tablet,1,1,0,0
103113,66,147,South,141.6,Restaurants,Digital Wallet,Mobile,1,0,0,0
103114,70,3,Midwest,214.97,Travel,Digital Wallet,Tablet,5,0,0,0
103115,60,116,West,204.75,Electronics,Credit,Desktop,1,0,0,0
103116,20,95,South,216.77,Gas,Digital Wallet,Desktop,1,0,0,0
103117,50,74,Midwest,60.46,Luxury,Credit,Mobile,4,1,0,0
103118,30,29,West,84.04,Clothing,Credit,Tablet,4,0,0,0
103119,24,57,West,150.63,Travel,Debit,Tablet,2,0,0,0
103120,71,60,Midwest,166.57,Groceries,Credit,Desktop,1,0,0,0
103121,51,148,West,288.43,Electronics,Credit,Tablet,1,0,0,0
103122,24,26,Northeast,133.92,Electronics,Credit,Desktop,2,0,0,0
103123,65,75,South,165.42,Groceries,Credit,Tablet,1,0,0,0
103124,65,58,West,44.09,Luxury,Debit,Desktop,2,0,0,0
103125,70,78,West,385.61,Clothing,Debit,Desktop,1,0,0,0
103126,57,60,South,53.96,Groceries,Credit,Tablet,5,0,1,0
103127,69,86,West,11.04,Travel,Credit,Mobile,3,1,0,0
103128,32,144,Northeast,181.82,Clothing,Digital Wallet,Mobile,2,0,0,0
103129,33,17,Northeast,2.25,Clothing,Digital Wallet,Tablet,0,0,0,0
103130,54,61,Northeast,167.91,Groceries,Debit,Desktop,0,0,0,0
103131,72,58,Midwest,84.52,Groceries,Credit,Desktop,3,0,0,0
103132,42,39,Northeast,54.79,Luxury,Credit,Tablet,4,1,0,0
103133,31,124,West,97.47,Travel,Credit,Tablet,0,0,0,0
103134,24,178,West,374.36,Online Services,Credit,Desktop,0,0,0,0
103135,58,149,West,205.43,Online Services,Debit,Tablet,0,0,1,1
103136,35,56,West,195.35,Restaurants,Digital Wallet,Tablet,2,0,0,0
103137,63,158,South,56.96,Travel,Credit,Mobile,4,0,1,0
103138,37,173,West,52.02,Groceries,Digital Wallet,Tablet,1,0,0,0
103139,43,5,South,109.24,Online Services,Digital Wallet,Tablet,2,0,0,0
103140,73,92,Northeast,178.35,Restaurants,Digital Wallet,Tablet,0,1,1,0
103141,52,177,Midwest,79.49,Clothing,Digital Wallet,Tablet,3,0,0,0
103142,28,123,South,40.75,Electronics,Debit,Desktop,3,0,1,0
103143,47,48,Midwest,16.07,Luxury,Debit,Mobile,2,0,0,0
103144,48,53,West,14.05,Clothing,Debit,Desktop,2,1,0,0
103145,26,138,Northeast,93.81,Clothing,Debit,Mobile,2,0,0,0
103146,40,151,West,101.09,Groceries,Debit,Desktop,0,0,0,0
103147,36,28,South,244.71,Gas,Debit,Desktop,1,0,0,0
103148,43,110,Northeast,9.34,Clothing,Digital Wallet,Desktop,2,0,1,0
103149,67,113,South,121.63,Restaurants,Digital Wallet,Desktop,4,0,0,0
103150,65,88,Northeast,356.88,Electronics,Credit,Tablet,1,0,0,0
103151,37,132,Northeast,15.98,Electronics,Debit,Mobile,1,0,1,0
103152,66,35,Midwest,59.1,Gas,Credit,Mobile,1,0,1,0
103153,71,79,Northeast,232.46,Groceries,Credit,Desktop,4,0,1,0
103154,18,121,Northeast,64.47,Clothing,Credit,Tablet,1,0,1,0
103155,54,58,Northeast,9.82,Gas,Debit,Tablet,2,0,0,0
103156,64,83,West,57.0,Travel,Credit,Desktop,1,0,0,0
103157,60,175,West,29.26,Electronics,Debit,Mobile,1,0,0,0
103158,49,83,West,1167.35,Clothing,Debit,Tablet,3,0,0,0
103159,23,96,West,107.35,Online Services,Credit,Tablet,0,0,0,0
103160,65,123,Northeast,74.12,Clothing,Digital Wallet,Mobile,1,0,1,0
103161,18,16,Northeast,114.8,Restaurants,Credit,Tablet,1,0,0,0
103162,41,152,Midwest,85.4,Clothing,Credit,Tablet,1,0,1,0
103163,58,25,Midwest,10.76,Luxury,Debit,Tablet,3,0,0,0
103164,27,106,South,879.41,Groceries,Debit,Desktop,6,0,1,1
103165,21,24,West,134.02,Travel,Digital Wallet,Mobile,3,0,0,0
103166,65,98,West,291.25,Electronics,Credit,Desktop,4,1,1,0
103167,56,110,Northeast,7.12,Restaurants,Credit,Tablet,2,0,0,0
103168,54,38,Midwest,244.17,Gas,Credit,Desktop,2,0,0,0
103169,25,12,Northeast,185.06,Luxury,Digital Wallet,Mobile,1,1,0,0
103170,22,38,West,34.01,Luxury,Digital Wallet,Desktop,1,0,0,0
103171,71,172,South,92.74,Luxury,Debit,Mobile,1,0,0,0
103172,59,124,South,52.35,Travel,Debit,Mobile,2,0,0,0
103173,21,15,South,76.03,Online Services,Credit,Tablet,4,0,1,0
103174,64,37,South,433.52,Restaurants,Credit,Desktop,2,0,0,0
103175,68,94,Northeast,33.3,Electronics,Debit,Mobile,1,1,0,0
103176,40,115,Midwest,151.17,Gas,Credit,Desktop,3,0,0,0
103177,72,111,West,241.91,Clothing,Digital Wallet,Mobile,1,0,1,0
103178,52,122,West,40.64,Luxury,Credit,Mobile,2,0,0,0
103179,24,92,South,114.53,Clothing,Digital Wallet,Mobile,1,0,0,0
103180,19,10,West,555.16,Travel,Debit,Desktop,5,0,0,0
103181,32,106,West,171.69,Clothing,Debit,Tablet,3,1,0,0
103182,21,47,Northeast,170.13,Luxury,Debit,Tablet,4,0,0,0
103183,70,147,Midwest,4.11,Gas,Debit,Mobile,0,0,1,0
103184,40,147,South,84.8,Luxury,Credit,Desktop,0,0,0,0
103185,29,165,Midwest,44.88,Gas,Credit,Desktop,4,0,0,0
103186,42,160,Northeast,40.08,Electronics,Credit,Mobile,1,0,1,0
103187,39,55,Northeast,46.0,Travel,Digital Wallet,Desktop,3,1,0,1
103188,47,41,Northeast,40.84,Travel,Digital Wallet,Tablet,1,0,0,0
103189,68,1,Midwest,58.51,Online Services,Digital Wallet,Desktop,2,0,2,0
103190,41,67,Northeast,93.16,Travel,Digital Wallet,Mobile,4,0,0,0
103191,27,62,Midwest,40.75,Travel,Digital Wallet,Mobile,1,0,0,0
103192,64,72,South,11.86,Electronics,Digital Wallet,Desktop,2,0,0,0
103193,19,19,South,261.39,Groceries,Digital Wallet,Desktop,1,0,0,0
103194,25,56,South,275.27,Travel,Debit,Mobile,2,0,0,0
103195,50,9,West,127.82,Restaurants,Digital Wallet,Desktop,2,1,1,0
103196,69,175,Midwest,117.27,Online Services,Digital Wallet,Tablet,2,0,0,0
103197,57,3,Northeast,433.31,Travel,Digital Wallet,Desktop,2,0,0,0
103198,20,59,Midwest,29.77,Gas,Digital Wallet,Mobile,0,0,0,0
103199,32,21,Northeast,248.25,Electronics,Debit,Desktop,1,0,0,0
103200,60,75,South,21.47,Online Services,Debit,Tablet,1,0,1,0
103201,71,93,West,7.84,Luxury,Digital Wallet,Desktop,1,0,1,0
103202,26,54,Midwest,7.87,Gas,Credit,Mobile,1,0,0,0
103203,74,75,South,158.3,Restaurants,Debit,Desktop,1,0,0,0
103204,27,72,South,148.58,Restaurants,Credit,Desktop,2,0,0,0
103205,37,84,South,5.2,Electronics,Digital Wallet,Mobile,3,0,0,0
103206,18,122,South,88.47,Online Services,Digital Wallet,Mobile,1,1,0,0
103207,37,64,South,53.97,Clothing,Debit,Tablet,2,0,0,0
103208,36,88,South,108.87,Clothing,Credit,Mobile,3,0,1,0
103209,33,176,West,112.49,Restaurants,Digital Wallet,Desktop,0,0,0,0
103210,28,83,West,266.57,Online Services,Credit,Tablet,3,1,0,0
103211,28,11,South,30.18,Groceries,Digital Wallet,Tablet,1,0,0,0
103212,22,167,Northeast,162.48,Luxury,Digital Wallet,Tablet,3,0,0,0
103213,43,29,Northeast,90.11,Travel,Credit,Mobile,4,0,0,1
103214,56,43,Northeast,62.29,Luxury,Credit,Desktop,4,0,0,0
103215,24,158,South,146.06,Online Services,Digital Wallet,Desktop,3,0,0,0
103216,26,165,South,40.99,Luxury,Debit,Desktop,2,0,0,0
103217,25,40,Midwest,19.33,Clothing,Debit,Tablet,0,0,0,0
103218,32,6,South,163.22,Travel,Credit,Tablet,0,0,0,0
103219,43,41,South,62.15,Clothing,Digital Wallet,Mobile,1,0,0,0
103220,50,17,South,66.0,Online Services,Credit,Desktop,3,0,0,0
103221,54,139,Northeast,55.15,Electronics,Digital Wallet,Mobile,3,0,0,0
103222,22,177,Midwest,57.55,Restaurants,Debit,Mobile,1,0,0,0
103223,30,54,West,34.71,Luxury,Digital Wallet,Mobile,1,0,0,0
103224,37,147,Northeast,26.87,Clothing,Debit,Tablet,1,0,0,0
103225,39,127,West,132.57,Luxury,Digital Wallet,Desktop,0,1,0,0
103226,62,28,South,145.44,Luxury,Debit,Desktop,5,0,0,0
103227,66,103,Northeast,109.13,Luxury,Digital Wallet,Mobile,2,0,0,0
103228,53,110,West,7.69,Online Services,Digital Wallet,Desktop,1,0,0,0
103229,39,149,Midwest,421.67,Clothing,Digital Wallet,Mobile,2,1,1,0
103230,69,1,Midwest,226.32,Luxury,Debit,Mobile,1,0,2,0
103231,38,2,Northeast,95.11,Travel,Credit,Tablet,1,0,0,0
103232,59,104,Midwest,277.3,Restaurants,Credit,Desktop,2,0,1,0
103233,23,162,West,32.52,Luxury,Digital Wallet,Mobile,2,1,0,0
103234,63,177,Northeast,231.31,Clothing,Digital Wallet,Desktop,0,0,0,0
103235,51,157,Northeast,63.53,Clothing,Credit,Desktop,4,0,1,0
103236,62,179,Northeast,168.79,Online Services,Digital Wallet,Desktop,1,0,0,0
103237,23,91,Northeast,596.54,Groceries,Digital Wallet,Mobile,0,1,0,0
103238,23,163,South,266.66,Gas,Debit,Tablet,1,0,2,0
103239,65,148,Northeast,143.46,Electronics,Credit,Desktop,0,0,0,0
103240,48,149,West,162.33,Online Services,Debit,Tablet,3,0,0,0
103241,18,114,South,148.05,Clothing,Digital Wallet,Desktop,2,0,0,0
103242,28,107,West,112.51,Online Services,Debit,Desktop,1,0,0,0
103243,40,44,Midwest,15.42,Travel,Digital Wallet,Tablet,0,0,0,0
103244,22,155,Midwest,42.21,Online Services,Digital Wallet,Desktop,1,0,0,0
103245,48,66,West,16.13,Online Services,Digital Wallet,Tablet,2,0,0,0
103246,72,20,West,366.98,Electronics,Credit,Desktop,1,1,0,0
103247,51,137,West,174.34,Electronics,Credit,Tablet,3,0,0,0
103248,64,79,Midwest,383.05,Online Services,Credit,Desktop,3,0,2,0
103249,25,177,South,82.34,Groceries,Debit,Tablet,2,0,1,0
103250,43,169,West,0.98,Groceries,Credit,Desktop,1,0,0,0
103251,67,166,Midwest,73.18,Gas,Digital Wallet,Mobile,2,1,0,0
103252,50,124,Northeast,111.63,Clothing,Credit,Tablet,1,0,1,0
103253,39,27,Northeast,191.34,Groceries,Debit,Desktop,1,1,0,0
103254,73,4,Midwest,90.76,Groceries,Digital Wallet,Tablet,6,0,0,0
103255,35,21,Midwest,49.53,Electronics,Credit,Desktop,5,0,0,0
103256,50,29,Midwest,232.03,Luxury,Digital Wallet,Desktop,0,0,0,0
103257,20,73,Northeast,36.16,Travel,Credit,Desktop,1,1,0,1
103258,72,137,Northeast,144.44,Electronics,Debit,Mobile,2,0,0,0
103259,29,90,Northeast,107.5,Luxury,Credit,Mobile,7,0,0,0
103260,73,121,Northeast,250.44,Gas,Digital Wallet,Desktop,2,0,0,0
103261,52,34,West,52.0,Online Services,Credit,Desktop,3,0,0,0
103262,33,9,West,8.19,Gas,Digital Wallet,Tablet,3,0,0,0
103263,67,136,West,60.18,Travel,Digital Wallet,Mobile,2,1,0,1
103264,72,61,Midwest,197.8,Electronics,Debit,Tablet,1,0,1,0
103265,49,148,West,593.0,Gas,Credit,Mobile,3,0,0,0
103266,39,104,Midwest,95.83,Restaurants,Digital Wallet,Tablet,6,0,1,0
103267,35,178,South,31.06,Restaurants,Digital Wallet,Desktop,1,1,0,1
103268,73,177,South,73.69,Online Services,Debit,Mobile,0,0,0,0
103269,34,41,Midwest,189.76,Clothing,Digital Wallet,Mobile,3,1,0,0
103270,65,115,Northeast,91.32,Luxury,Debit,Desktop,1,0,0,0
103271,55,30,Northeast,251.86,Luxury,Credit,Desktop,1,0,1,0
103272,38,95,South,66.51,Gas,Credit,Mobile,3,0,0,0
103273,28,105,West,296.11,Clothing,Digital Wallet,Mobile,0,0,0,0
103274,66,38,South,23.97,Restaurants,Credit,Mobile,2,1,0,1
103275,28,154,West,136.9,Restaurants,Digital Wallet,Mobile,4,0,0,0
103276,24,14,Midwest,134.27,Luxury,Debit,Desktop,2,0,0,0
103277,19,37,South,100.82,Online Services,Credit,Tablet,4,0,0,0
103278,64,79,West,1.7,Travel,Digital Wallet,Tablet,0,0,1,0
103279,67,83,Midwest,39.74,Electronics,Credit,Desktop,4,0,0,0
103280,37,90,South,51.62,Clothing,Debit,Tablet,3,0,0,0
103281,42,112,Midwest,203.88,Groceries,Digital Wallet,Tablet,1,0,0,0
103282,40,131,South,89.24,Restaurants,Debit,Desktop,1,0,0,0
103283,41,73,Midwest,40.25,Electronics,Debit,Tablet,2,0,0,0
103284,63,4,South,21.56,Restaurants,Credit,Mobile,1,0,0,0
103285,70,143,Midwest,11.16,Online Services,Credit,Tablet,1,0,0,0
103286,23,1,West,74.94,Luxury,Debit,Desktop,1,0,0,0
103287,56,14,West,16.93,Gas,Digital Wallet,Mobile,1,1,1,0
103288,33,177,South,59.93,Gas,Debit,Tablet,3,0,0,0
103289,49,99,Midwest,95.34,Gas,Debit,Desktop,2,0,0,0
103290,37,136,Midwest,34.4,Luxury,Credit,Desktop,2,0,1,0
103291,21,134,South,9.86,Travel,Debit,Desktop,5,0,0,0
103292,30,164,Northeast,147.24,Clothing,Debit,Desktop,1,0,1,0
103293,65,14,Midwest,239.15,Luxury,Credit,Mobile,1,1,2,1
103294,30,50,West,98.74,Luxury,Digital Wallet,Mobile,4,0,0,0
103295,22,2,West,156.05,Electronics,Debit,Desktop,2,0,1,0
103296,61,27,South,49.79,Clothing,Credit,Mobile,3,0,0,0
103297,66,29,Midwest,97.99,Clothing,Debit,Mobile,4,0,0,0
103298,61,144,Northeast,1.35,Luxury,Credit,Desktop,4,0,0,0
103299,38,58,Midwest,88.87,Travel,Credit,Tablet,1,0,1,0
103300,35,61,West,256.05,Luxury,Credit,Tablet,2,0,0,0
103301,25,132,Midwest,80.58,Luxury,Credit,Desktop,7,1,0,0
103302,43,174,Midwest,68.11,Groceries,Credit,Mobile,0,0,1,0
103303,35,111,West,75.84,Restaurants,Credit,Desktop,0,0,0,0
103304,61,130,Northeast,79.05,Travel,Debit,Mobile,1,0,0,0
103305,66,26,Midwest,152.01,Gas,Digital Wallet,Tablet,3,0,1,0
103306,35,35,Midwest,183.49,Gas,Debit,Tablet,3,0,0,0
103307,36,86,Midwest,67.0,Luxury,Debit,Desktop,2,0,1,0
103308,59,20,West,112.49,Luxury,Credit,Tablet,2,0,1,0
103309,60,13,Midwest,281.15,Gas,Digital Wallet,Tablet,2,0,0,0
103310,44,60,Midwest,251.67,Electronics,Debit,Tablet,3,0,1,0
103311,60,24,West,3.08,Gas,Digital Wallet,Desktop,2,0,0,0
103312,40,101,Northeast,260.56,Clothing,Debit,Desktop,5,0,0,0
103313,30,126,Midwest,133.46,Travel,Digital Wallet,Mobile,1,0,1,0
103314,69,56,South,264.2,Clothing,Debit,Tablet,4,0,0,0
103315,22,18,Midwest,288.07,Electronics,Digital Wallet,Desktop,4,1,1,0
103316,35,54,South,2.53,Restaurants,Digital Wallet,Mobile,3,1,1,0
103317,67,42,Midwest,202.26,Groceries,Credit,Tablet,2,0,0,0
103318,19,38,Midwest,101.2,Electronics,Credit,Tablet,2,0,0,0
103319,25,41,South,11.79,Restaurants,Debit,Mobile,1,0,1,0
103320,71,53,Midwest,94.25,Online Services,Credit,Tablet,3,0,0,0
103321,44,78,West,126.41,Luxury,Debit,Desktop,1,1,0,0
103322,52,3,Northeast,134.03,Luxury,Credit,Mobile,3,0,0,0
103323,18,153,Midwest,90.57,Groceries,Credit,Mobile,4,0,1,0
103324,69,34,West,161.95,Groceries,Digital Wallet,Desktop,2,0,0,0
103325,60,80,Northeast,93.7,Gas,Digital Wallet,Mobile,3,0,0,0
103326,36,115,Northeast,48.68,Online Services,Credit,Tablet,1,0,1,0
103327,67,2,Northeast,357.93,Online Services,Credit,Tablet,2,1,0,0
103328,44,38,West,183.99,Electronics,Credit,Mobile,2,0,0,0
103329,44,150,Midwest,236.55,Online Services,Debit,Desktop,2,0,0,0
103330,58,1,South,108.11,Restaurants,Debit,Mobile,2,0,0,0
103331,71,14,West,70.05,Electronics,Credit,Mobile,3,0,0,0
103332,18,128,West,119.16,Online Services,Digital Wallet,Tablet,4,0,0,0
103333,73,146,Midwest,91.62,Restaurants,Debit,Desktop,3,1,0,0
103334,18,68,Midwest,45.84,Online Services,Digital Wallet,Desktop,2,0,0,0
103335,40,109,Northeast,12.7,Restaurants,Credit,Mobile,3,0,0,0
103336,43,67,Northeast,76.27,Luxury,Credit,Desktop,2,0,0,0
103337,68,34,West,18.83,Luxury,Debit,Desktop,1,0,0,0
103338,29,49,Northeast,121.45,Clothing,Credit,Tablet,1,0,0,0
103339,69,146,South,94.48,Restaurants,Debit,Tablet,0,0,0,0
103340,18,67,Midwest,32.18,Gas,Digital Wallet,Mobile,0,1,0,0
103341,60,89,South,13.38,Luxury,Digital Wallet,Desktop,1,1,1,0
103342,33,40,West,133.3,Groceries,Debit,Desktop,2,1,2,0
103343,50,175,Northeast,197.98,Groceries,Digital Wallet,Desktop,4,0,0,0
103344,56,16,Midwest,35.36,Clothing,Credit,Tablet,2,0,0,0
103345,39,29,Northeast,16.8,Travel,Digital Wallet,Mobile,1,0,0,0
103346,39,59,West,181.58,Luxury,Credit,Desktop,1,0,0,0
103347,44,133,West,55.24,Electronics,Credit,Desktop,3,1,0,0
103348,72,109,Northeast,39.98,Online Services,Debit,Desktop,1,0,0,0
103349,74,25,South,11.64,Gas,Credit,Mobile,1,0,0,0
103350,40,109,West,56.38,Online Services,Debit,Mobile,4,0,0,0
103351,34,137,South,192.14,Restaurants,Credit,Mobile,1,0,0,0
103352,41,56,Midwest,6.48,Luxury,Digital Wallet,Mobile,7,0,1,0
103353,70,3,West,169.76,Online Services,Credit,Mobile,4,1,0,0
103354,49,143,Midwest,45.51,Clothing,Credit,Tablet,3,0,1,0
103355,28,91,South,125.83,Restaurants,Credit,Mobile,0,0,1,0
103356,73,46,South,170.14,Groceries,Digital Wallet,Mobile,2,0,0,0
103357,22,50,South,60.48,Electronics,Digital Wallet,Desktop,1,0,0,0
103358,32,175,Midwest,27.18,Luxury,Debit,Mobile,1,0,0,0
103359,53,103,Northeast,157.47,Luxury,Credit,Tablet,1,0,1,0
103360,36,93,South,40.34,Online Services,Digital Wallet,Mobile,2,0,0,0
103361,71,25,Midwest,459.15,Travel,Credit,Tablet,2,1,1,1
103362,23,78,South,49.12,Travel,Debit,Tablet,2,1,1,0
103363,58,145,Northeast,58.24,Travel,Digital Wallet,Tablet,2,0,0,0
103364,53,133,West,39.41,Gas,Debit,Desktop,1,0,0,0
103365,25,88,Midwest,307.76,Travel,Debit,Tablet,1,0,0,0
103366,50,157,South,72.7,Gas,Digital Wallet,Mobile,0,0,2,0
103367,72,35,South,488.38,Online Services,Debit,Desktop,4,0,0,1
103368,72,67,South,88.0,Groceries,Debit,Desktop,0,0,0,0
103369,33,79,Northeast,93.95,Clothing,Credit,Desktop,5,0,0,0
103370,33,174,South,97.8,Groceries,Debit,Tablet,3,0,0,0
103371,60,24,West,29.79,Gas,Credit,Mobile,1,0,0,0
103372,71,62,Midwest,103.04,Groceries,Debit,Mobile,1,0,0,0
103373,43,168,Northeast,20.96,Luxury,Credit,Mobile,2,1,0,0
103374,24,109,South,239.38,Electronics,Debit,Desktop,2,1,0,0
103375,64,81,South,24.08,Travel,Digital Wallet,Tablet,5,0,0,0
103376,61,111,Midwest,47.51,Luxury,Debit,Tablet,2,0,0,0
103377,41,166,West,77.27,Electronics,Digital Wallet,Desktop,1,0,0,0
103378,61,92,West,44.08,Groceries,Credit,Mobile,1,0,0,0
103379,39,104,South,101.02,Groceries,Digital Wallet,Tablet,1,0,0,0
103380,58,23,Northeast,38.26,Restaurants,Credit,Desktop,5,0,0,0
103381,53,55,Northeast,29.0,Online Services,Credit,Mobile,2,0,1,0
103382,56,25,Midwest,20.09,Clothing,Debit,Tablet,1,0,0,0
103383,27,169,Northeast,98.28,Restaurants,Digital Wallet,Mobile,3,0,0,0
103384,63,12,South,272.75,Luxury,Credit,Tablet,2,1,0,1
103385,63,45,Midwest,240.69,Restaurants,Debit,Tablet,3,0,0,0
103386,40,27,Northeast,203.02,Online Services,Credit,Desktop,1,0,0,0
103387,32,178,South,14.91,Luxury,Debit,Desktop,1,0,0,0
103388,26,169,West,7.88,Clothing,Digital Wallet,Desktop,0,0,0,0
103389,57,146,South,173.34,Luxury,Credit,Desktop,2,0,1,0
103390,34,31,Northeast,70.94,Gas,Credit,Tablet,1,0,0,0
103391,72,1,Northeast,132.29,Luxury,Debit,Tablet,5,0,0,0
103392,26,68,South,276.41,Online Services,Credit,Tablet,3,1,0,0
103393,46,107,West,132.88,Clothing,Debit,Desktop,0,0,0,0
103394,71,89,South,25.63,Groceries,Debit,Tablet,2,0,0,0
103395,64,45,South,0.36,Gas,Credit,Desktop,3,1,0,1
103396,57,70,Midwest,306.08,Clothing,Debit,Desktop,1,0,1,1
103397,30,139,Northeast,34.36,Restaurants,Credit,Desktop,4,0,0,0
103398,34,108,South,45.57,Gas,Debit,Desktop,2,0,0,0
103399,63,133,Northeast,194.69,Luxury,Digital Wallet,Mobile,0,0,3,1
103400,27,30,West,81.78,Travel,Digital Wallet,Desktop,4,0,0,0
103401,28,37,Northeast,67.94,Travel,Debit,Mobile,3,1,0,0
103402,33,55,Midwest,258.62,Luxury,Digital Wallet,Desktop,4,0,0,0
103403,43,130,South,159.6,Luxury,Debit,Desktop,2,0,0,0
103404,55,16,Midwest,9.92,Travel,Digital Wallet,Mobile,2,0,2,0
103405,52,122,Northeast,0.62,Restaurants,Digital Wallet,Desktop,4,0,0,0
103406,31,170,Northeast,190.27,Restaurants,Debit,Tablet,1,1,1,0
103407,23,15,South,119.6,Travel,Credit,Mobile,2,0,0,0
103408,61,128,South,5.8,Restaurants,Digital Wallet,Mobile,2,1,0,0
103409,64,107,West,108.57,Electronics,Digital Wallet,Desktop,0,0,0,0
103410,47,165,West,8.16,Electronics,Credit,Tablet,2,0,0,0
103411,29,5,Northeast,19.62,Online Services,Digital Wallet,Desktop,4,0,1,0
103412,37,59,Northeast,44.23,Clothing,Credit,Mobile,3,0,1,0
103413,42,175,West,49.13,Clothing,Debit,Tablet,1,0,0,0
103414,68,7,West,46.4,Groceries,Digital Wallet,Mobile,1,0,0,0
103415,61,69,West,201.67,Gas,Digital Wallet,Mobile,2,0,0,0
103416,56,20,South,151.09,Travel,Digital Wallet,Tablet,2,0,0,0
103417,38,74,Northeast,59.36,Groceries,Digital Wallet,Tablet,3,0,0,0
103418,52,34,Midwest,128.0,Travel,Digital Wallet,Tablet,0,0,0,0
103419,47,163,Northeast,38.63,Groceries,Digital Wallet,Tablet,2,0,0,0
103420,45,28,West,246.1,Clothing,Credit,Tablet,6,0,1,0
103421,67,85,Northeast,18.65,Luxury,Debit,Desktop,1,0,1,0
103422,45,121,Northeast,48.27,Luxury,Digital Wallet,Desktop,1,0,2,0
103423,41,121,Northeast,22.34,Online Services,Digital Wallet,Desktop,2,0,0,0
103424,35,88,Northeast,183.74,Electronics,Digital Wallet,Tablet,3,1,0,0
103425,42,90,South,19.25,Restaurants,Debit,Desktop,2,0,0,0
103426,60,12,Northeast,241.27,Travel,Credit,Tablet,1,0,0,0
103427,32,10,South,55.15,Groceries,Debit,Tablet,1,0,0,0
103428,26,24,Midwest,175.9,Travel,Digital Wallet,Desktop,2,0,0,0
103429,58,132,South,319.56,Gas,Credit,Desktop,1,0,0,1
103430,56,156,Midwest,51.12,Online Services,Digital Wallet,Mobile,1,0,0,0
103431,31,127,Midwest,0.5,Gas,Debit,Desktop,0,0,0,0
103432,20,24,South,232.77,Restaurants,Debit,Desktop,1,0,0,0
103433,25,42,Midwest,263.52,Online Services,Debit,Desktop,1,0,1,0
103434,36,1,West,136.91,Restaurants,Credit,Desktop,0,0,1,0
103435,69,86,West,70.14,Luxury,Credit,Tablet,0,0,0,0
103436,21,7,South,40.97,Clothing,Digital Wallet,Desktop,4,0,1,0
103437,62,111,West,73.21,Gas,Credit,Tablet,1,0,1,0
103438,19,22,South,38.81,Electronics,Digital Wallet,Tablet,1,0,1,0
103439,70,125,Midwest,38.21,Restaurants,Debit,Desktop,2,0,1,0
103440,67,18,South,160.48,Luxury,Digital Wallet,Desktop,2,1,0,0
103441,57,63,Midwest,384.39,Electronics,Debit,Desktop,2,0,0,0
103442,73,134,West,26.76,Electronics,Digital Wallet,Mobile,1,0,0,0
103443,56,132,West,99.76,Online Services,Digital Wallet,Desktop,4,0,0,0
103444,74,67,South,46.78,Groceries,Digital Wallet,Desktop,0,0,0,0
103445,26,10,Northeast,156.66,Online Services,Digital Wallet,Mobile,0,0,0,0
103446,23,158,Midwest,26.28,Online Services,Credit,Tablet,0,0,1,0
103447,69,60,West,304.96,Groceries,Digital Wallet,Tablet,2,0,0,0
103448,21,12,South,204.54,Luxury,Digital Wallet,Desktop,1,1,1,0
103449,67,63,West,51.88,Restaurants,Credit,Desktop,6,0,0,0
103450,64,145,Northeast,373.14,Travel,Digital Wallet,Desktop,0,0,0,0
103451,68,73,South,198.67,Restaurants,Credit,Desktop,2,0,1,0
103452,62,118,Northeast,92.39,Luxury,Credit,Tablet,2,0,0,0
103453,69,54,Northeast,74.61,Clothing,Debit,Desktop,4,0,0,0
103454,57,89,Northeast,52.09,Clothing,Credit,Mobile,4,0,0,0
103455,22,1,Midwest,68.1,Clothing,Debit,Desktop,2,1,0,0
103456,22,117,Northeast,74.26,Gas,Digital Wallet,Tablet,0,0,1,0
103457,69,116,West,179.21,Electronics,Credit,Tablet,1,1,0,0
103458,41,5,Northeast,100.52,Restaurants,Debit,Desktop,1,0,0,0
103459,73,154,Northeast,44.38,Online Services,Digital Wallet,Tablet,2,0,0,0
103460,68,36,South,6.16,Restaurants,Credit,Desktop,2,0,0,0
103461,34,10,South,21.01,Luxury,Debit,Tablet,2,0,0,0
103462,18,69,Northeast,107.88,Gas,Debit,Desktop,1,0,1,0
103463,18,179,South,107.82,Travel,Digital Wallet,Mobile,1,0,0,0
103464,39,107,South,26.32,Luxury,Credit,Tablet,1,1,0,1
103465,42,82,West,138.91,Travel,Digital Wallet,Desktop,3,0,0,0
103466,68,132,West,211.81,Online Services,Credit,Tablet,2,1,1,1
103467,45,112,South,41.26,Electronics,Debit,Tablet,4,0,0,0
103468,38,51,South,34.91,Gas,Digital Wallet,Mobile,2,0,0,0
103469,44,140,West,268.6,Gas,Credit,Mobile,6,0,1,0
103470,36,58,Northeast,56.39,Electronics,Debit,Mobile,0,0,0,0
103471,24,42,Northeast,124.04,Gas,Digital Wallet,Mobile,3,0,1,0
103472,53,147,Northeast,60.9,Restaurants,Debit,Mobile,3,0,0,0
103473,73,6,Midwest,127.22,Gas,Credit,Desktop,0,0,0,0
103474,21,34,Midwest,66.07,Groceries,Credit,Tablet,0,0,0,0
103475,25,91,South,4.61,Restaurants,Digital Wallet,Mobile,3,0,0,0
103476,39,2,South,161.9,Restaurants,Debit,Desktop,0,0,0,0
103477,26,147,West,129.1,Electronics,Debit,Desktop,0,0,0,0
103478,39,98,Midwest,59.34,Gas,Debit,Tablet,0,1,1,0
103479,36,82,Midwest,45.3,Luxury,Digital Wallet,Mobile,1,0,0,0
103480,23,107,South,64.97,Online Services,Digital Wallet,Tablet,2,0,1,0
103481,63,179,South,8.48,Groceries,Debit,Desktop,1,0,0,0
103482,37,171,South,34.36,Luxury,Digital Wallet,Desktop,3,0,1,0
103483,71,125,Midwest,45.64,Groceries,Debit,Desktop,1,0,1,0
103484,42,154,South,110.83,Luxury,Digital Wallet,Desktop,1,0,0,0
103485,67,116,Northeast,150.9,Clothing,Debit,Tablet,2,0,0,0
103486,58,5,Midwest,272.99,Groceries,Credit,Tablet,2,0,0,0
103487,30,136,West,87.32,Clothing,Credit,Mobile,6,1,0,1
103488,34,40,Northeast,32.08,Travel,Digital Wallet,Desktop,0,0,0,0
103489,33,22,Midwest,74.63,Luxury,Debit,Tablet,2,0,0,0
103490,30,62,South,98.18,Restaurants,Debit,Desktop,4,0,0,0
103491,52,71,Northeast,47.33,Luxury,Debit,Tablet,3,0,0,1
103492,25,53,West,12.01,Clothing,Debit,Tablet,3,0,2,0
103493,70,50,South,28.04,Luxury,Digital Wallet,Mobile,2,0,0,0
103494,27,19,Midwest,98.76,Travel,Debit,Desktop,0,0,1,0
103495,48,87,South,15.46,Clothing,Debit,Tablet,2,0,0,0
103496,32,154,Northeast,0.52,Groceries,Debit,Tablet,0,0,0,0
103497,61,85,Northeast,68.0,Luxury,Debit,Tablet,4,1,0,1
103498,23,53,West,187.41,Clothing,Digital Wallet,Desktop,2,0,0,0
103499,24,73,South,96.59,Electronics,Credit,Tablet,0,0,0,0
103500,45,54,Northeast,56.83,Restaurants,Debit,Tablet,2,1,0,0
103501,67,114,South,173.21,Groceries,Digital Wallet,Tablet,1,0,1,0
103502,40,122,South,101.94,Online Services,Debit,Tablet,1,0,1,0
103503,27,2,Northeast,123.02,Restaurants,Debit,Desktop,3,0,0,0
103504,31,37,South,77.89,Groceries,Credit,Tablet,1,0,1,0
103505,65,82,Northeast,172.36,Travel,Digital Wallet,Desktop,4,0,0,0
103506,58,129,South,261.98,Travel,Credit,Desktop,2,0,0,0
103507,33,49,West,578.66,Electronics,Credit,Tablet,1,0,0,1
103508,43,125,South,49.13,Groceries,Credit,Desktop,0,0,1,0
103509,23,54,South,113.63,Online Services,Credit,Tablet,0,0,0,0
103510,54,14,West,52.32,Luxury,Digital Wallet,Tablet,1,0,1,0
103511,72,55,Northeast,169.61,Luxury,Digital Wallet,Mobile,0,0,0,0
103512,73,72,Northeast,343.95,Groceries,Debit,Tablet,1,0,0,0
103513,43,176,West,32.65,Groceries,Credit,Tablet,2,0,1,0
103514,41,122,South,20.23,Clothing,Credit,Mobile,3,0,1,0
103515,32,68,Midwest,166.15,Clothing,Credit,Tablet,0,0,1,0
103516,23,69,South,233.65,Groceries,Digital Wallet,Desktop,0,1,0,0
103517,28,32,Northeast,464.24,Groceries,Debit,Tablet,2,0,1,0
103518,31,1,South,9.28,Groceries,Debit,Tablet,0,1,0,0
103519,41,94,West,19.82,Clothing,Credit,Mobile,2,0,1,0
103520,51,73,South,385.31,Restaurants,Digital Wallet,Mobile,2,0,0,0
103521,61,18,West,141.27,Electronics,Credit,Tablet,2,0,0,0
103522,51,178,South,94.85,Groceries,Digital Wallet,Desktop,3,0,0,0
103523,74,156,West,23.44,Travel,Credit,Mobile,2,0,0,0
103524,25,123,Midwest,314.87,Clothing,Credit,Desktop,1,0,0,0
103525,40,139,Midwest,226.21,Online Services,Credit,Tablet,1,0,0,0
103526,22,145,Midwest,96.28,Online Services,Debit,Mobile,1,0,1,0
103527,22,158,Midwest,250.73,Restaurants,Credit,Mobile,7,0,1,0
103528,38,148,Midwest,101.72,Travel,Debit,Tablet,1,0,1,1
103529,67,51,South,92.23,Restaurants,Credit,Tablet,1,1,0,0
103530,51,151,Midwest,185.96,Online Services,Digital Wallet,Desktop,1,1,2,1
103531,56,62,Midwest,91.93,Travel,Credit,Mobile,2,0,1,0
103532,68,150,Northeast,114.44,Online Services,Credit,Tablet,4,0,0,0
103533,18,156,Midwest,0.81,Groceries,Debit,Mobile,4,0,0,0
103534,65,123,Midwest,19.23,Groceries,Digital Wallet,Mobile,2,1,0,1
103535,39,123,West,103.08,Gas,Digital Wallet,Mobile,1,0,1,0
103536,42,52,Midwest,37.0,Online Services,Digital Wallet,Tablet,1,1,0,0
103537,47,151,Northeast,133.35,Gas,Digital Wallet,Mobile,1,0,1,0
103538,19,131,West,115.66,Restaurants,Debit,Mobile,3,1,1,0
103539,52,143,West,84.33,Luxury,Debit,Mobile,3,0,0,0
103540,65,75,South,5.37,Groceries,Debit,Mobile,2,0,0,0
103541,55,51,West,37.81,Restaurants,Debit,Desktop,1,0,0,0
103542,25,124,Midwest,29.57,Electronics,Digital Wallet,Mobile,2,0,0,0
103543,44,73,West,48.06,Gas,Credit,Mobile,1,0,0,0
103544,35,107,West,254.58,Online Services,Debit,Mobile,1,1,1,0
103545,50,58,South,33.95,Luxury,Credit,Desktop,2,0,1,0
103546,44,168,West,44.2,Clothing,Credit,Mobile,2,0,0,0
103547,55,170,Midwest,206.47,Clothing,Credit,Mobile,1,0,0,0
103548,41,107,Northeast,240.53,Luxury,Digital Wallet,Desktop,2,0,0,0
103549,28,153,Midwest,1.1,Electronics,Credit,Desktop,2,0,0,0
103550,66,20,West,195.39,Clothing,Digital Wallet,Tablet,1,0,0,0
103551,53,29,South,30.83,Clothing,Credit,Desktop,0,0,0,0
103552,55,172,South,244.14,Electronics,Debit,Tablet,1,0,0,0
103553,69,20,South,80.73,Electronics,Digital Wallet,Mobile,2,0,0,0
103554,41,86,West,45.08,Gas,Debit,Desktop,1,0,0,0
103555,46,56,Midwest,2.26,Travel,Digital Wallet,Mobile,1,0,1,0
103556,18,86,Northeast,4.29,Groceries,Digital Wallet,Desktop,3,0,0,1
103557,20,171,Northeast,25.69,Gas,Digital Wallet,Desktop,2,0,0,0
103558,39,47,South,150.83,Electronics,Credit,Desktop,2,0,0,0
103559,49,157,West,58.54,Clothing,Debit,Tablet,1,0,0,0
103560,35,163,South,80.7,Gas,Digital Wallet,Desktop,1,1,4,0
103561,54,15,Northeast,516.05,Electronics,Digital Wallet,Desktop,1,0,1,0
103562,42,138,Midwest,72.93,Electronics,Debit,Desktop,4,0,0,0
103563,19,168,South,34.27,Gas,Credit,Desktop,1,0,0,0
103564,28,123,South,223.73,Travel,Debit,Mobile,4,0,0,0
103565,67,66,Northeast,78.94,Gas,Debit,Tablet,0,0,0,0
103566,28,154,South,15.76,Electronics,Debit,Desktop,0,1,0,0
103567,41,10,South,105.17,Electronics,Credit,Tablet,1,0,0,0
103568,25,131,Northeast,122.8,Restaurants,Credit,Desktop,0,0,0,0
103569,30,52,South,42.31,Restaurants,Credit,Desktop,1,1,0,0
103570,69,42,West,15.18,Gas,Digital Wallet,Desktop,3,0,2,0
103571,28,136,West,332.46,Gas,Digital Wallet,Mobile,1,0,0,0
103572,54,150,Northeast,119.38,Groceries,Credit,Desktop,2,0,1,0
103573,67,44,West,64.92,Gas,Credit,Tablet,0,0,0,0
103574,53,178,West,14.04,Restaurants,Digital Wallet,Desktop,4,0,1,0
103575,64,165,Northeast,163.73,Electronics,Credit,Desktop,2,1,0,0
103576,26,145,Northeast,151.08,Restaurants,Digital Wallet,Tablet,4,0,0,0
103577,55,143,South,57.52,Luxury,Debit,Tablet,2,0,0,0
103578,36,175,Midwest,327.37,Online Services,Digital Wallet,Mobile,3,0,0,0
103579,25,171,Northeast,37.46,Online Services,Credit,Desktop,2,0,0,1
103580,34,99,West,87.11,Online Services,Credit,Mobile,1,0,0,0
103581,59,25,Midwest,47.12,Online Services,Debit,Mobile,4,0,2,0
103582,61,47,Midwest,7.88,Luxury,Digital Wallet,Mobile,2,1,0,0
103583,51,115,South,309.61,Luxury,Credit,Desktop,0,0,0,0
103584,53,108,Northeast,62.73,Luxury,Debit,Mobile,4,0,0,0
103585,57,159,West,73.75,Gas,Digital Wallet,Desktop,1,0,0,0
103586,55,147,Northeast,39.86,Electronics,Credit,Mobile,1,0,0,0
103587,52,44,Midwest,7.11,Gas,Credit,Desktop,1,0,0,0
103588,36,25,Northeast,92.2,Gas,Digital Wallet,Mobile,0,0,0,0
103589,30,49,West,79.53,Online Services,Debit,Mobile,2,0,1,0
103590,52,104,Northeast,47.11,Electronics,Digital Wallet,Tablet,0,0,2,0
103591,40,57,South,37.78,Luxury,Debit,Desktop,3,0,0,0
103592,26,52,Midwest,188.95,Online Services,Digital Wallet,Tablet,3,0,1,0
103593,19,51,South,407.77,Online Services,Digital Wallet,Desktop,4,1,0,1
103594,48,169,Midwest,232.2,Groceries,Debit,Tablet,2,0,0,0
103595,64,69,South,201.08,Restaurants,Credit,Desktop,2,0,1,0
103596,48,106,Midwest,25.94,Travel,Debit,Desktop,2,0,0,1
103597,23,117,West,245.53,Gas,Debit,Desktop,2,0,1,0
103598,47,79,West,61.18,Groceries,Credit,Tablet,4,0,1,0
103599,63,95,Northeast,143.6,Groceries,Digital Wallet,Desktop,1,0,0,0
103600,65,73,Midwest,66.3,Luxury,Debit,Tablet,0,0,1,0
103601,23,76,Northeast,54.57,Online Services,Digital Wallet,Desktop,1,0,2,0
103602,47,82,West,352.59,Groceries,Debit,Mobile,2,0,1,0
103603,31,141,Northeast,29.04,Online Services,Credit,Mobile,5,0,0,0
103604,69,70,Northeast,27.34,Gas,Digital Wallet,Mobile,1,0,0,0
103605,45,145,Midwest,11.85,Online Services,Digital Wallet,Mobile,0,1,0,0
103606,54,73,South,187.09,Online Services,Digital Wallet,Desktop,3,0,0,0
103607,21,47,Northeast,12.23,Online Services,Digital Wallet,Tablet,4,0,0,0
103608,53,17,South,81.78,Online Services,Credit,Desktop,1,0,0,0
103609,38,49,Northeast,132.78,Travel,Credit,Mobile,3,0,0,0
103610,28,97,South,21.31,Luxury,Credit,Tablet,3,0,0,0
103611,20,140,Northeast,29.3,Travel,Debit,Desktop,4,0,0,0
103612,42,57,Northeast,163.95,Restaurants,Digital Wallet,Desktop,4,1,1,0
103613,32,129,Northeast,31.71,Luxury,Credit,Tablet,1,0,1,0
103614,30,116,Midwest,1.75,Clothing,Digital Wallet,Tablet,2,0,0,0
103615,60,131,Midwest,22.68,Online Services,Debit,Mobile,2,0,2,0
103616,22,168,West,128.23,Clothing,Debit,Tablet,2,0,1,0
103617,27,41,South,55.0,Electronics,Credit,Mobile,1,0,0,0
103618,43,69,South,42.27,Online Services,Credit,Tablet,1,1,1,0
103619,20,21,Northeast,28.24,Electronics,Debit,Desktop,4,0,0,0
103620,70,63,South,35.1,Gas,Digital Wallet,Desktop,1,0,0,0
103621,51,125,South,85.53,Electronics,Credit,Mobile,0,0,1,0
103622,59,118,West,79.7,Restaurants,Credit,Mobile,2,0,0,0
103623,31,17,Midwest,694.91,Online Services,Digital Wallet,Tablet,1,1,0,1
103624,56,145,South,118.16,Luxury,Credit,Desktop,0,0,1,0
103625,63,29,South,157.54,Luxury,Digital Wallet,Desktop,2,0,0,0
103626,31,152,South,87.06,Electronics,Debit,Mobile,1,0,0,0
103627,32,22,Northeast,61.24,Groceries,Debit,Desktop,5,0,0,0
103628,43,28,Northeast,41.23,Electronics,Debit,Mobile,1,0,0,0
103629,54,140,South,40.25,Luxury,Digital Wallet,Tablet,1,0,0,0
103630,27,34,Midwest,163.4,Travel,Debit,Tablet,1,0,0,1
103631,59,87,West,4.03,Restaurants,Credit,Tablet,4,0,0,0
103632,27,79,Northeast,119.04,Online Services,Debit,Mobile,1,0,0,0
103633,27,177,West,71.06,Online Services,Credit,Tablet,2,0,0,0
103634,23,121,South,88.83,Luxury,Debit,Tablet,3,0,0,0
103635,41,103,Northeast,2.89,Electronics,Credit,Tablet,1,0,0,0
103636,40,128,Northeast,124.22,Electronics,Digital Wallet,Mobile,1,1,1,0
103637,20,154,South,101.83,Electronics,Digital Wallet,Desktop,2,1,0,0
103638,37,150,Midwest,395.62,Online Services,Credit,Mobile,4,0,0,0
103639,23,44,West,275.9,Restaurants,Digital Wallet,Tablet,1,0,0,0
103640,57,172,South,202.26,Groceries,Credit,Mobile,2,1,0,0
103641,27,63,West,9.76,Gas,Debit,Desktop,2,0,0,0
103642,25,168,South,137.46,Restaurants,Digital Wallet,Mobile,3,1,0,0
103643,56,154,Midwest,7.11,Restaurants,Digital Wallet,Tablet,0,0,1,0
103644,57,67,Northeast,130.06,Clothing,Debit,Tablet,2,0,0,0
103645,62,8,South,390.95,Restaurants,Digital Wallet,Mobile,2,0,0,0
103646,71,54,Midwest,19.94,Groceries,Digital Wallet,Mobile,1,0,0,0
103647,39,165,South,69.16,Online Services,Credit,Tablet,1,0,1,0
103648,53,114,South,163.89,Luxury,Debit,Mobile,0,0,0,1
103649,44,172,South,524.4,Online Services,Credit,Desktop,2,0,0,0
103650,31,148,Northeast,3.49,Gas,Credit,Tablet,3,0,0,0
103651,21,124,South,181.41,Restaurants,Debit,Mobile,1,1,0,1
103652,27,159,South,26.53,Restaurants,Debit,Mobile,1,0,0,0
103653,21,102,Midwest,641.51,Restaurants,Credit,Desktop,3,0,0,1
103654,60,85,Northeast,22.1,Restaurants,Digital Wallet,Desktop,5,0,0,0
103655,54,46,West,40.64,Clothing,Digital Wallet,Mobile,4,1,0,0
103656,63,153,West,48.08,Gas,Digital Wallet,Mobile,4,0,0,0
103657,53,176,Midwest,24.86,Restaurants,Credit,Desktop,1,1,0,0
103658,54,60,Northeast,7.28,Restaurants,Digital Wallet,Mobile,2,0,0,0
103659,47,73,West,73.81,Clothing,Credit,Desktop,2,0,0,0
103660,40,69,South,230.4,Groceries,Credit,Desktop,2,0,0,0
103661,30,72,South,50.73,Electronics,Digital Wallet,Mobile,4,1,1,0
103662,60,157,Northeast,31.81,Travel,Digital Wallet,Desktop,4,0,1,0
103663,51,77,Northeast,146.02,Clothing,Debit,Tablet,0,0,0,0
103664,33,11,South,90.8,Gas,Debit,Desktop,5,1,1,0
103665,40,161,South,78.02,Luxury,Credit,Tablet,2,1,0,0
103666,41,115,Midwest,150.61,Groceries,Digital Wallet,Tablet,1,1,0,0
103667,70,135,West,77.61,Luxury,Credit,Tablet,2,0,0,0
103668,48,110,Midwest,251.09,Online Services,Digital Wallet,Mobile,1,0,2,0
103669,39,156,Northeast,440.06,Clothing,Credit,Tablet,1,0,0,0
103670,74,67,Northeast,197.57,Online Services,Digital Wallet,Desktop,1,0,0,0
103671,40,31,Midwest,7.57,Electronics,Debit,Desktop,4,1,0,0
103672,38,96,Northeast,151.07,Luxury,Digital Wallet,Tablet,1,0,0,0
103673,54,150,Midwest,81.7,Clothing,Debit,Tablet,0,0,0,0
103674,53,170,South,66.48,Gas,Debit,Mobile,4,0,0,0
103675,60,174,South,414.95,Online Services,Credit,Mobile,1,0,0,0
103676,61,83,Northeast,319.23,Restaurants,Debit,Mobile,1,0,1,0
103677,51,46,Midwest,18.87,Groceries,Credit,Mobile,2,0,0,0
103678,36,17,South,55.99,Online Services,Debit,Desktop,0,0,0,0
103679,61,152,Midwest,7.56,Luxury,Debit,Tablet,0,0,0,0
103680,54,140,South,117.16,Online Services,Credit,Mobile,0,0,0,0
103681,39,30,South,16.37,Travel,Digital Wallet,Desktop,1,0,1,0
103682,31,47,Northeast,392.3,Luxury,Credit,Mobile,1,1,0,0
103683,32,13,Midwest,74.83,Gas,Digital Wallet,Mobile,2,1,1,0
103684,61,87,Midwest,26.61,Luxury,Credit,Tablet,0,0,0,0
103685,61,174,South,126.74,Electronics,Credit,Mobile,3,0,0,0
103686,53,97,West,99.6,Groceries,Debit,Mobile,0,0,1,0
103687,20,155,Northeast,487.51,Clothing,Digital Wallet,Desktop,1,0,0,1
103688,18,30,Midwest,126.16,Online Services,Digital Wallet,Tablet,3,0,1,1
103689,65,143,Northeast,109.35,Online Services,Credit,Mobile,2,0,0,0
103690,28,139,Midwest,52.61,Luxury,Digital Wallet,Desktop,2,0,0,0
103691,67,58,Midwest,76.82,Luxury,Credit,Tablet,1,0,0,0
103692,62,164,Midwest,13.24,Electronics,Credit,Mobile,2,0,0,0
103693,40,178,West,26.07,Luxury,Digital Wallet,Mobile,1,0,0,0
103694,50,162,Midwest,122.29,Groceries,Digital Wallet,Mobile,3,0,1,0
103695,65,86,West,20.81,Groceries,Debit,Tablet,0,0,1,0
103696,21,125,Northeast,292.91,Travel,Debit,Tablet,3,0,1,0
103697,34,149,Midwest,51.41,Groceries,Credit,Tablet,4,1,0,0
103698,48,47,Midwest,389.13,Groceries,Debit,Desktop,4,0,1,0
103699,47,78,South,18.83,Travel,Digital Wallet,Tablet,2,1,0,0
103700,33,13,West,100.22,Electronics,Credit,Tablet,3,0,0,0
103701,42,98,South,24.52,Luxury,Debit,Tablet,2,0,0,0
103702,40,79,South,18.58,Online Services,Debit,Desktop,2,0,0,0
103703,42,13,West,21.98,Electronics,Digital Wallet,Tablet,4,0,1,0
103704,60,53,Midwest,44.25,Gas,Debit,Tablet,1,0,1,0
103705,21,40,West,191.99,Travel,Credit,Desktop,3,0,0,0
103706,62,26,South,236.93,Clothing,Credit,Tablet,2,0,0,0
103707,26,96,West,42.99,Groceries,Credit,Mobile,3,0,0,0
103708,62,84,West,6.79,Online Services,Digital Wallet,Mobile,3,1,1,0
103709,63,177,South,179.56,Travel,Digital Wallet,Tablet,6,0,2,1
103710,32,132,Northeast,108.78,Travel,Debit,Mobile,5,0,2,0
103711,66,126,Midwest,39.72,Groceries,Debit,Mobile,1,0,0,0
103712,63,119,West,61.12,Groceries,Digital Wallet,Desktop,1,0,1,0
103713,71,46,Midwest,75.72,Groceries,Credit,Desktop,4,1,0,0
103714,50,2,Midwest,114.08,Online Services,Debit,Tablet,3,0,0,0
103715,62,12,West,109.3,Clothing,Digital Wallet,Tablet,1,0,1,0
103716,60,150,Northeast,16.12,Electronics,Credit,Mobile,1,0,0,0
103717,62,91,Midwest,89.53,Online Services,Credit,Desktop,6,0,1,0
103718,31,27,Midwest,560.44,Groceries,Credit,Tablet,2,0,0,0
103719,34,66,Northeast,23.36,Online Services,Debit,Mobile,1,0,0,0
103720,35,118,Midwest,91.05,Travel,Digital Wallet,Mobile,0,0,0,0
103721,33,87,Northeast,41.95,Gas,Digital Wallet,Mobile,2,0,1,0
103722,73,143,South,59.91,Clothing,Debit,Mobile,2,0,0,0
103723,25,103,Midwest,110.86,Groceries,Digital Wallet,Tablet,1,0,1,0
103724,38,12,South,176.27,Gas,Digital Wallet,Tablet,1,0,0,0
103725,54,147,Northeast,79.42,Travel,Digital Wallet,Tablet,0,0,1,0
103726,57,153,Midwest,56.79,Groceries,Digital Wallet,Tablet,2,0,0,1
103727,72,153,South,283.87,Groceries,Debit,Desktop,2,0,0,0
103728,55,161,West,1139.88,Electronics,Digital Wallet,Desktop,0,1,0,0
103729,44,105,South,176.39,Luxury,Debit,Tablet,1,0,0,0
103730,37,85,West,69.73,Groceries,Digital Wallet,Desktop,0,0,0,0
103731,69,43,Midwest,106.8,Online Services,Digital Wallet,Tablet,1,0,1,0
103732,29,26,Northeast,85.82,Groceries,Debit,Desktop,1,0,0,0
103733,47,62,Midwest,1131.27,Restaurants,Debit,Mobile,3,0,0,0
103734,58,96,Midwest,209.87,Online Services,Credit,Desktop,1,0,2,0
103735,37,156,South,127.46,Travel,Digital Wallet,Desktop,1,0,0,0
103736,44,44,Midwest,516.78,Restaurants,Debit,Tablet,1,0,0,0
103737,39,61,Midwest,5.49,Travel,Digital Wallet,Desktop,0,0,0,0
103738,64,178,Northeast,61.55,Luxury,Debit,Desktop,1,0,0,0
103739,63,146,South,33.65,Travel,Digital Wallet,Desktop,2,0,2,0
103740,42,157,South,99.81,Groceries,Debit,Tablet,2,0,0,0
103741,49,178,Northeast,80.55,Gas,Debit,Desktop,2,0,0,0
103742,28,153,Midwest,12.31,Travel,Debit,Tablet,0,0,1,0
103743,39,136,South,28.52,Restaurants,Debit,Tablet,1,0,0,0
103744,38,141,West,104.13,Clothing,Digital Wallet,Mobile,0,0,0,0
103745,55,64,South,78.7,Electronics,Debit,Mobile,4,0,0,0
103746,33,163,South,69.58,Electronics,Debit,Tablet,1,0,0,0
103747,36,122,Northeast,119.17,Groceries,Digital Wallet,Desktop,2,0,0,0
103748,35,109,South,155.38,Online Services,Credit,Desktop,2,0,1,0
103749,33,113,West,24.24,Clothing,Credit,Mobile,1,1,0,0
103750,47,162,Midwest,13.85,Gas,Digital Wallet,Mobile,0,1,0,0
103751,73,79,South,218.55,Groceries,Debit,Tablet,2,0,0,0
103752,26,17,South,317.25,Clothing,Debit,Tablet,0,0,0,0
103753,42,31,South,151.19,Gas,Digital Wallet,Desktop,2,0,1,0
103754,45,169,Midwest,49.62,Groceries,Debit,Mobile,1,0,0,0
103755,73,53,South,68.24,Online Services,Debit,Mobile,2,0,0,0
103756,20,163,South,14.92,Travel,Digital Wallet,Desktop,2,0,0,0
103757,74,43,South,95.99,Groceries,Debit,Mobile,7,0,0,0
103758,23,68,Midwest,84.54,Restaurants,Debit,Tablet,2,0,0,1
103759,26,151,West,105.01,Electronics,Digital Wallet,Desktop,7,0,0,0
103760,74,90,South,271.74,Gas,Debit,Desktop,3,0,0,0
103761,33,84,Northeast,166.63,Groceries,Debit,Mobile,0,0,0,0
103762,31,32,Northeast,35.1,Electronics,Digital Wallet,Mobile,2,0,0,0
103763,56,99,South,5.51,Clothing,Digital Wallet,Tablet,1,0,0,0
103764,40,85,West,121.49,Online Services,Credit,Tablet,3,0,0,0
103765,57,9,Midwest,9.51,Electronics,Digital Wallet,Desktop,0,1,0,0
103766,72,164,West,83.66,Gas,Debit,Tablet,2,0,0,0
103767,64,32,Northeast,18.0,Online Services,Debit,Desktop,3,0,0,0
103768,66,115,South,91.48,Electronics,Credit,Mobile,1,1,0,1
103769,23,22,West,417.42,Groceries,Debit,Desktop,2,0,0,0
103770,25,102,West,85.99,Gas,Digital Wallet,Tablet,1,0,0,0
103771,48,6,Midwest,70.39,Clothing,Debit,Tablet,1,0,0,0
103772,73,125,South,170.36,Gas,Digital Wallet,Tablet,3,0,0,0
103773,42,3,South,41.41,Groceries,Credit,Tablet,0,0,0,0
103774,36,98,Northeast,63.04,Groceries,Digital Wallet,Mobile,2,1,0,0
103775,30,11,West,558.82,Luxury,Credit,Mobile,2,1,1,0
103776,57,127,Northeast,21.32,Online Services,Credit,Mobile,3,0,0,0
103777,32,157,South,167.07,Gas,Debit,Tablet,3,0,0,0
103778,68,45,Northeast,1.29,Gas,Debit,Desktop,3,0,1,0
103779,37,12,Midwest,311.88,Groceries,Credit,Desktop,2,0,0,0
103780,19,84,South,2.72,Groceries,Digital Wallet,Mobile,1,0,0,0
103781,25,137,West,102.18,Groceries,Credit,Mobile,1,1,0,0
103782,52,160,Midwest,3.4,Gas,Debit,Desktop,3,1,0,0
103783,25,41,Northeast,148.49,Electronics,Credit,Mobile,1,0,0,0
103784,36,175,West,389.97,Restaurants,Credit,Desktop,1,1,1,0
103785,19,62,West,295.06,Groceries,Digital Wallet,Tablet,4,0,0,0
103786,52,115,South,201.74,Gas,Digital Wallet,Tablet,1,0,0,0
103787,56,158,West,141.78,Online Services,Digital Wallet,Mobile,4,0,3,0
103788,60,96,Northeast,45.14,Restaurants,Credit,Mobile,1,0,0,0
103789,66,155,Midwest,19.08,Online Services,Digital Wallet,Desktop,1,0,1,0
103790,34,154,Northeast,129.84,Restaurants,Debit,Desktop,4,0,0,0
103791,37,82,South,67.37,Clothing,Credit,Desktop,0,0,0,0
103792,24,15,South,74.78,Travel,Credit,Tablet,1,0,0,0
103793,64,26,Northeast,9.28,Restaurants,Digital Wallet,Desktop,5,0,0,0
103794,39,13,Midwest,14.73,Clothing,Debit,Mobile,4,1,0,0
103795,45,7,Northeast,62.58,Groceries,Credit,Tablet,1,0,0,0
103796,68,78,Midwest,43.72,Electronics,Credit,Desktop,3,0,0,0
103797,62,41,Northeast,285.68,Online Services,Debit,Desktop,0,0,0,0
103798,58,82,Midwest,43.69,Gas,Debit,Mobile,2,0,0,0
103799,29,106,Midwest,155.72,Luxury,Digital Wallet,Desktop,2,0,0,0
103800,25,176,Midwest,118.8,Luxury,Credit,Tablet,3,0,0,0
103801,73,58,West,88.18,Travel,Digital Wallet,Mobile,1,0,0,0
103802,48,78,Northeast,83.56,Travel,Digital Wallet,Desktop,1,0,0,0
103803,24,126,West,278.88,Electronics,Credit,Mobile,1,1,0,0
103804,19,20,West,40.05,Gas,Digital Wallet,Tablet,2,0,2,1
103805,50,13,Midwest,132.54,Luxury,Credit,Desktop,1,0,0,0
103806,36,96,South,178.0,Gas,Digital Wallet,Tablet,0,0,0,0
103807,67,35,Midwest,232.5,Clothing,Digital Wallet,Desktop,3,1,0,1
103808,42,85,West,471.27,Electronics,Digital Wallet,Desktop,0,0,0,0
103809,61,102,Northeast,125.0,Gas,Debit,Mobile,2,0,0,0
103810,28,11,West,197.04,Clothing,Digital Wallet,Mobile,3,0,0,0
103811,59,78,Midwest,191.18,Electronics,Credit,Mobile,5,0,0,0
103812,53,129,West,35.43,Travel,Digital Wallet,Tablet,5,0,0,0
103813,25,90,Midwest,199.83,Travel,Digital Wallet,Mobile,1,0,1,0
103814,28,132,Midwest,23.74,Restaurants,Digital Wallet,Mobile,1,0,0,0
103815,37,71,Northeast,50.07,Travel,Credit,Tablet,1,0,1,0
103816,33,15,West,2.85,Travel,Debit,Mobile,0,0,0,0
103817,33,152,Midwest,173.33,Gas,Credit,Desktop,2,0,0,0
103818,27,89,West,258.06,Luxury,Credit,Tablet,1,1,0,0
103819,54,32,South,16.16,Clothing,Digital Wallet,Desktop,2,0,0,0
103820,67,17,South,43.67,Online Services,Digital Wallet,Tablet,1,0,0,0
103821,74,76,West,97.45,Clothing,Digital Wallet,Tablet,0,0,1,0
103822,25,24,South,10.53,Electronics,Credit,Tablet,3,1,0,0
103823,51,120,Northeast,71.74,Clothing,Credit,Mobile,3,1,0,0
103824,58,68,Northeast,46.93,Clothing,Debit,Tablet,3,0,0,0
103825,71,171,Midwest,2.25,Online Services,Credit,Mobile,0,0,1,0
103826,44,60,West,120.15,Restaurants,Debit,Mobile,1,0,0,0
103827,65,101,South,86.15,Travel,Digital Wallet,Mobile,2,0,0,0
103828,70,62,West,197.19,Travel,Credit,Tablet,2,0,0,0
103829,70,107,South,52.07,Travel,Debit,Mobile,1,0,0,0
103830,60,137,South,54.51,Electronics,Credit,Mobile,2,0,4,0
103831,37,179,West,132.59,Groceries,Debit,Tablet,5,1,0,0
103832,54,84,West,296.39,Clothing,Credit,Mobile,2,0,2,0
103833,65,74,Midwest,33.47,Gas,Digital Wallet,Tablet,2,0,1,0
103834,55,105,Midwest,45.92,Groceries,Digital Wallet,Desktop,4,1,0,0
103835,62,131,South,18.89,Travel,Debit,Mobile,0,0,0,0
103836,39,132,Northeast,194.41,Luxury,Digital Wallet,Tablet,1,0,0,0
103837,20,38,West,14.49,Online Services,Digital Wallet,Tablet,1,1,0,0
103838,44,138,Northeast,194.12,Groceries,Debit,Tablet,1,0,0,0
103839,64,102,Midwest,53.95,Online Services,Debit,Desktop,1,0,1,0
103840,24,165,West,4.43,Restaurants,Debit,Desktop,0,0,1,0
103841,56,72,Northeast,13.55,Gas,Debit,Mobile,2,0,1,0
103842,55,35,Midwest,70.81,Electronics,Digital Wallet,Mobile,2,0,0,0
103843,29,110,Midwest,376.24,Online Services,Credit,Mobile,2,0,0,1
103844,50,149,South,38.16,Electronics,Credit,Desktop,2,0,0,0
103845,29,115,Midwest,93.57,Online Services,Digital Wallet,Desktop,1,0,0,0
103846,44,165,South,25.53,Luxury,Debit,Desktop,1,0,0,0
103847,54,21,Midwest,335.4,Travel,Debit,Tablet,3,0,1,1
103848,41,96,Northeast,57.56,Restaurants,Debit,Tablet,2,0,0,0
103849,29,109,Midwest,54.91,Online Services,Debit,Tablet,2,0,0,0
103850,64,13,Midwest,179.86,Groceries,Digital Wallet,Tablet,1,1,0,0
103851,57,70,West,92.61,Restaurants,Debit,Desktop,1,0,0,0
103852,35,149,Midwest,25.12,Online Services,Digital Wallet,Mobile,0,0,0,0
103853,34,82,West,55.3,Electronics,Digital Wallet,Tablet,3,0,1,0
103854,66,83,West,203.57,Online Services,Debit,Tablet,2,0,0,0
103855,70,1,Northeast,5.93,Clothing,Credit,Tablet,2,0,1,0
103856,40,62,Midwest,105.61,Restaurants,Debit,Tablet,3,0,1,0
103857,46,169,Midwest,14.52,Clothing,Digital Wallet,Mobile,6,1,0,0
103858,49,50,Northeast,51.64,Luxury,Credit,Mobile,3,0,0,0
103859,24,63,West,39.46,Luxury,Credit,Mobile,5,0,0,0
103860,39,121,Northeast,211.93,Electronics,Digital Wallet,Mobile,4,0,0,0
103861,21,133,Northeast,413.16,Restaurants,Debit,Mobile,2,0,1,0
103862,70,61,Northeast,175.12,Restaurants,Digital Wallet,Mobile,3,0,0,0
103863,20,143,South,124.17,Electronics,Digital Wallet,Desktop,3,0,0,0
103864,73,179,West,56.59,Travel,Debit,Tablet,1,0,1,0
103865,22,132,South,486.74,Travel,Debit,Tablet,1,0,0,0
103866,42,135,Northeast,265.94,Gas,Credit,Desktop,2,0,0,0
103867,39,77,West,39.34,Groceries,Digital Wallet,Mobile,0,0,0,0
103868,65,149,Northeast,84.11,Online Services,Debit,Desktop,1,0,0,0
103869,38,150,Midwest,70.27,Gas,Debit,Tablet,4,0,0,0
103870,30,160,West,10.55,Restaurants,Debit,Desktop,1,1,0,0
103871,37,162,Northeast,162.12,Online Services,Digital Wallet,Desktop,2,0,0,0
103872,74,107,Midwest,222.59,Online Services,Debit,Tablet,3,0,1,0
103873,53,105,Northeast,24.97,Electronics,Debit,Tablet,3,0,0,0
103874,28,130,West,26.2,Groceries,Credit,Desktop,1,0,0,0
103875,34,172,West,482.74,Groceries,Digital Wallet,Tablet,0,0,1,0
103876,59,140,Northeast,238.06,Travel,Debit,Tablet,2,1,0,0
103877,20,94,South,8.23,Gas,Credit,Mobile,1,0,0,0
103878,21,78,South,217.26,Restaurants,Credit,Mobile,2,0,0,0
103879,65,160,Northeast,32.65,Groceries,Credit,Mobile,3,0,1,0
103880,18,92,South,427.76,Restaurants,Debit,Desktop,2,0,0,1
103881,59,119,South,44.09,Electronics,Credit,Tablet,4,0,0,0
103882,36,136,Midwest,137.06,Luxury,Digital Wallet,Desktop,4,0,3,1
103883,56,27,Midwest,17.14,Luxury,Credit,Tablet,4,0,0,0
103884,58,21,Midwest,36.96,Groceries,Debit,Mobile,2,0,1,0
103885,36,121,Northeast,146.23,Groceries,Credit,Mobile,4,0,0,0
103886,21,29,Midwest,121.35,Travel,Debit,Tablet,2,0,1,0
103887,51,132,Northeast,226.84,Groceries,Credit,Tablet,3,0,1,0
103888,72,70,Northeast,201.33,Travel,Digital Wallet,Desktop,4,1,0,0
103889,45,10,South,99.92,Groceries,Digital Wallet,Mobile,1,1,1,0
103890,25,4,South,19.33,Restaurants,Credit,Desktop,2,0,0,0
103891,43,17,South,134.01,Groceries,Digital Wallet,Tablet,1,0,0,0
103892,61,101,Midwest,183.85,Electronics,Debit,Mobile,0,0,0,0
103893,62,137,West,128.77,Travel,Digital Wallet,Mobile,3,0,0,0
103894,73,178,West,30.05,Luxury,Digital Wallet,Tablet,3,0,0,0
103895,39,6,Midwest,14.3,Travel,Credit,Mobile,1,0,0,0
103896,22,24,South,17.48,Groceries,Credit,Tablet,2,0,3,0
103897,30,160,Northeast,2.4,Travel,Credit,Tablet,2,0,0,0
103898,52,131,Midwest,16.38,Online Services,Digital Wallet,Mobile,3,0,0,0
103899,43,148,South,325.69,Online Services,Digital Wallet,Tablet,3,0,0,0
103900,61,137,South,11.83,Online Services,Debit,Mobile,2,0,1,0
103901,59,16,Midwest,38.56,Gas,Debit,Desktop,4,0,0,0
103902,53,115,South,167.37,Restaurants,Credit,Desktop,3,0,0,0
103903,28,9,South,31.49,Restaurants,Digital Wallet,Tablet,6,0,0,0
103904,42,71,Midwest,45.31,Gas,Digital Wallet,Mobile,0,0,1,0
103905,71,141,West,127.63,Travel,Digital Wallet,Tablet,1,0,1,0
103906,31,2,South,7.27,Gas,Credit,Tablet,3,1,0,1
103907,30,6,Northeast,42.12,Travel,Digital Wallet,Mobile,2,0,0,0
103908,23,125,South,176.63,Electronics,Credit,Desktop,2,0,0,0
103909,47,42,South,138.47,Online Services,Credit,Mobile,0,0,0,0
103910,42,31,West,204.63,Luxury,Credit,Tablet,2,1,0,1
103911,35,26,South,113.76,Luxury,Credit,Tablet,1,0,0,0
103912,61,126,Midwest,148.26,Online Services,Debit,Desktop,3,0,1,0
103913,35,151,Northeast,188.01,Clothing,Digital Wallet,Mobile,2,1,0,0
103914,48,21,Midwest,203.56,Gas,Credit,Mobile,3,0,0,0
103915,40,145,West,6.22,Travel,Credit,Tablet,2,0,1,0
103916,56,176,Northeast,199.87,Gas,Debit,Tablet,5,0,0,0
103917,44,39,West,126.01,Travel,Debit,Mobile,3,0,0,0
103918,30,56,South,24.55,Online Services,Digital Wallet,Desktop,3,0,0,0
103919,19,12,Northeast,52.23,Online Services,Credit,Mobile,2,0,0,0
103920,25,59,Northeast,162.3,Luxury,Debit,Mobile,1,0,0,0
103921,55,172,West,153.51,Electronics,Debit,Mobile,1,0,0,0
103922,41,108,Midwest,81.12,Luxury,Digital Wallet,Desktop,5,0,0,0
103923,57,9,West,166.58,Groceries,Credit,Desktop,2,0,0,0
103924,47,66,Midwest,198.15,Luxury,Debit,Tablet,6,0,1,0
103925,47,53,Midwest,2.7,Travel,Credit,Desktop,2,0,2,0
103926,25,114,South,116.49,Groceries,Debit,Desktop,1,0,0,0
103927,25,82,Northeast,22.62,Gas,Digital Wallet,Tablet,1,0,0,1
103928,35,33,South,61.97,Restaurants,Digital Wallet,Mobile,1,0,0,0
103929,54,134,West,167.27,Travel,Digital Wallet,Mobile,0,0,0,0
103930,73,165,Northeast,357.2,Groceries,Credit,Tablet,1,0,0,0
103931,69,164,Northeast,421.27,Online Services,Debit,Mobile,2,0,0,1
103932,29,58,West,5.62,Travel,Credit,Desktop,0,0,0,0
103933,25,101,Midwest,61.33,Luxury,Debit,Tablet,1,0,0,0
103934,55,164,South,117.91,Groceries,Credit,Desktop,0,0,0,0
103935,30,130,South,51.28,Travel,Debit,Tablet,3,0,0,1
103936,45,2,South,161.41,Restaurants,Credit,Desktop,3,0,0,0
103937,60,44,Midwest,69.77,Restaurants,Credit,Desktop,4,0,0,0
103938,60,39,West,38.66,Gas,Digital Wallet,Mobile,3,0,0,0
103939,63,177,Midwest,71.62,Restaurants,Credit,Mobile,1,0,0,0
103940,34,47,West,37.22,Groceries,Digital Wallet,Mobile,3,0,0,0
103941,65,109,Midwest,38.72,Restaurants,Debit,Desktop,2,0,0,0
103942,31,154,South,54.58,Restaurants,Credit,Mobile,2,0,0,0
103943,23,175,West,10.36,Restaurants,Debit,Mobile,0,1,0,0
103944,73,152,Northeast,161.73,Restaurants,Debit,Tablet,2,0,0,0
103945,73,134,South,71.12,Clothing,Debit,Desktop,1,0,0,0
103946,44,37,South,72.63,Clothing,Credit,Desktop,3,0,1,0
103947,73,42,West,61.03,Travel,Credit,Desktop,2,0,0,0
103948,38,175,South,403.17,Electronics,Digital Wallet,Desktop,2,0,0,0
103949,50,60,West,218.59,Luxury,Credit,Mobile,4,0,0,0
103950,71,83,Northeast,1.87,Restaurants,Credit,Desktop,1,0,0,0
103951,53,35,South,224.8,Groceries,Credit,Mobile,3,1,0,0
103952,74,164,Midwest,317.78,Groceries,Debit,Tablet,0,0,0,0
103953,56,16,West,99.15,Luxury,Credit,Tablet,2,0,1,1
103954,51,159,West,53.22,Luxury,Digital Wallet,Desktop,1,0,0,0
103955,35,143,West,456.82,Online Services,Debit,Desktop,1,0,0,1
103956,63,2,Midwest,50.78,Electronics,Digital Wallet,Desktop,3,0,3,0
103957,61,68,South,326.67,Travel,Digital Wallet,Desktop,1,0,0,0
103958,68,21,Midwest,247.89,Clothing,Digital Wallet,Mobile,3,0,1,0
103959,55,169,Northeast,28.11,Groceries,Debit,Tablet,2,0,0,0
103960,56,125,Northeast,83.72,Restaurants,Credit,Desktop,0,0,0,0
103961,58,111,South,27.36,Luxury,Digital Wallet,Mobile,0,0,0,0
103962,61,149,Midwest,118.8,Gas,Credit,Tablet,3,0,0,0
103963,32,13,Northeast,12.51,Groceries,Debit,Tablet,1,0,0,0
103964,54,40,South,215.18,Travel,Credit,Desktop,3,0,0,0
103965,18,82,Midwest,70.73,Groceries,Credit,Mobile,3,0,0,0
103966,61,47,West,7.66,Luxury,Credit,Mobile,3,0,1,0
103967,49,169,South,3.14,Online Services,Digital Wallet,Tablet,3,0,0,0
103968,59,26,Northeast,2.21,Clothing,Credit,Mobile,3,0,0,0
103969,39,118,Northeast,11.51,Groceries,Digital Wallet,Mobile,3,0,1,0
103970,58,136,West,247.66,Gas,Digital Wallet,Mobile,1,0,2,0
103971,28,71,West,14.28,Travel,Credit,Desktop,0,0,0,0
103972,41,83,South,151.59,Travel,Digital Wallet,Desktop,1,0,0,0
103973,63,141,West,276.22,Online Services,Debit,Desktop,3,1,3,0
103974,66,166,South,154.68,Gas,Digital Wallet,Tablet,0,0,0,0
103975,43,128,Northeast,22.75,Travel,Debit,Mobile,2,0,0,0
103976,42,44,South,95.75,Electronics,Digital Wallet,Mobile,1,0,0,0
103977,68,32,Midwest,56.95,Luxury,Credit,Desktop,5,0,0,0
103978,42,96,South,107.0,Luxury,Credit,Desktop,2,0,0,0
103979,40,118,Midwest,284.04,Online Services,Debit,Mobile,0,0,0,0
103980,39,155,Northeast,34.67,Travel,Credit,Desktop,1,0,0,0
103981,31,27,Midwest,115.52,Restaurants,Debit,Mobile,1,0,1,0
103982,23,109,West,0.37,Electronics,Credit,Mobile,1,0,0,0
103983,38,165,Midwest,158.75,Gas,Debit,Tablet,5,0,2,0
103984,68,146,South,21.37,Luxury,Credit,Desktop,2,0,1,0
103985,61,34,Midwest,45.04,Luxury,Digital Wallet,Desktop,1,0,0,0
103986,27,14,Northeast,192.79,Luxury,Debit,Desktop,1,0,0,0
103987,37,99,Midwest,193.56,Clothing,Digital Wallet,Tablet,4,0,1,0
103988,28,98,Midwest,58.27,Travel,Credit,Desktop,0,0,0,0
103989,31,19,Northeast,134.33,Electronics,Debit,Desktop,0,0,0,0
103990,21,123,Northeast,132.39,Gas,Credit,Tablet,2,0,1,0
103991,28,85,Midwest,18.65,Travel,Digital Wallet,Desktop,4,0,0,0
103992,25,101,Midwest,26.98,Travel,Credit,Tablet,3,0,0,0
103993,50,46,South,30.28,Groceries,Credit,Desktop,3,0,0,0
103994,27,29,Midwest,82.95,Restaurants,Credit,Mobile,6,0,0,0
103995,70,140,West,373.38,Travel,Debit,Mobile,2,0,0,0
103996,66,124,Midwest,195.69,Luxury,Digital Wallet,Tablet,2,0,1,0
103997,21,120,West,49.79,Groceries,Credit,Mobile,1,0,0,0
103998,29,104,Northeast,26.09,Gas,Debit,Mobile,2,1,0,0
103999,68,152,West,77.28,Gas,Digital Wallet,Desktop,4,0,0,0
104000,31,39,West,78.4,Travel,Digital Wallet,Desktop,1,0,0,0
104001,50,79,West,0.73,Restaurants,Credit,Mobile,3,0,2,0
104002,65,43,South,183.59,Travel,Debit,Desktop,2,0,0,0
104003,29,18,Midwest,43.79,Restaurants,Debit,Desktop,2,1,0,0
104004,52,110,South,281.9,Restaurants,Credit,Tablet,2,1,0,0
104005,64,52,South,130.15,Electronics,Debit,Mobile,0,0,0,0
104006,35,54,Midwest,58.7,Groceries,Digital Wallet,Tablet,1,1,0,0
104007,47,101,West,265.62,Electronics,Digital Wallet,Desktop,6,0,1,0
104008,70,61,South,20.96,Electronics,Credit,Mobile,5,0,0,0
104009,45,174,Midwest,1.74,Luxury,Credit,Mobile,2,0,0,0
104010,29,165,Midwest,163.14,Groceries,Digital Wallet,Tablet,1,0,0,0
104011,53,57,West,8.87,Luxury,Debit,Mobile,3,0,0,0
104012,60,18,Midwest,181.39,Clothing,Credit,Mobile,5,0,0,0
104013,42,76,South,67.96,Electronics,Debit,Mobile,4,0,0,0
104014,67,130,South,37.0,Groceries,Digital Wallet,Desktop,0,0,0,0
104015,52,85,Northeast,51.48,Travel,Debit,Tablet,4,0,0,0
104016,37,67,Northeast,499.89,Gas,Digital Wallet,Desktop,1,0,0,0
104017,44,63,Midwest,12.75,Online Services,Digital Wallet,Tablet,2,0,0,0
104018,55,107,South,58.49,Gas,Credit,Tablet,3,1,0,0
104019,32,48,South,341.79,Restaurants,Digital Wallet,Tablet,5,0,0,0
104020,61,58,Northeast,27.59,Gas,Credit,Tablet,2,0,2,0
104021,41,23,Midwest,340.52,Clothing,Credit,Tablet,0,1,0,1
104022,56,139,Northeast,164.27,Luxury,Credit,Desktop,2,0,0,0
104023,55,40,Midwest,3.75,Online Services,Digital Wallet,Mobile,3,0,0,0
104024,37,8,West,120.65,Clothing,Digital Wallet,Mobile,1,0,1,0
104025,62,46,West,36.33,Online Services,Digital Wallet,Desktop,1,0,0,0
104026,25,178,South,33.69,Restaurants,Digital Wallet,Mobile,0,0,0,0
104027,25,177,South,171.24,Restaurants,Digital Wallet,Mobile,2,0,0,0
104028,71,27,South,139.27,Groceries,Debit,Desktop,0,0,0,0
104029,24,9,West,35.49,Restaurants,Debit,Tablet,2,0,2,1
104030,65,112,West,176.24,Travel,Debit,Mobile,2,0,0,0
104031,66,47,Northeast,164.14,Travel,Digital Wallet,Mobile,2,0,0,0
104032,60,132,Northeast,260.78,Gas,Debit,Tablet,0,0,0,1
104033,45,177,Northeast,60.43,Electronics,Debit,Desktop,0,0,1,0
104034,43,99,South,106.2,Electronics,Credit,Mobile,3,0,1,0
104035,20,40,Northeast,138.81,Luxury,Credit,Desktop,0,0,0,0
104036,49,90,Midwest,168.83,Luxury,Digital Wallet,Mobile,0,1,0,1
104037,58,178,Northeast,128.62,Restaurants,Debit,Tablet,4,0,0,0
104038,37,104,South,0.9,Groceries,Debit,Tablet,3,0,0,0
104039,48,2,Midwest,22.42,Luxury,Credit,Mobile,0,0,0,0
104040,35,124,Midwest,106.06,Gas,Debit,Mobile,1,0,0,0
104041,30,47,West,359.8,Electronics,Debit,Mobile,1,0,0,0
104042,29,149,West,212.68,Luxury,Credit,Mobile,2,1,1,0
104043,54,96,West,123.47,Gas,Credit,Mobile,1,0,0,0
104044,74,138,Midwest,239.19,Gas,Credit,Mobile,2,0,1,0
104045,30,39,West,141.64,Travel,Debit,Tablet,2,0,1,0
104046,36,136,Midwest,89.63,Travel,Digital Wallet,Mobile,2,0,0,0
104047,69,42,Northeast,1.26,Luxury,Digital Wallet,Tablet,1,1,0,0
104048,46,111,South,125.08,Electronics,Debit,Desktop,2,0,0,0
104049,32,170,West,42.31,Restaurants,Debit,Mobile,0,0,0,0
104050,19,106,Northeast,19.95,Online Services,Digital Wallet,Mobile,2,0,0,0
104051,64,18,South,133.81,Gas,Digital Wallet,Desktop,0,0,0,0
104052,61,115,Northeast,23.61,Travel,Debit,Mobile,1,0,0,0
104053,34,147,Midwest,171.13,Groceries,Credit,Desktop,3,0,0,0
104054,72,111,Northeast,130.55,Travel,Digital Wallet,Tablet,4,0,0,0
104055,44,173,West,95.66,Gas,Credit,Mobile,2,0,0,0
104056,33,178,South,10.03,Luxury,Debit,Tablet,2,0,0,1
104057,60,39,Midwest,128.51,Groceries,Debit,Tablet,0,1,0,0
104058,42,35,South,206.53,Gas,Digital Wallet,Mobile,1,0,0,0
104059,61,34,West,20.19,Restaurants,Digital Wallet,Tablet,2,1,0,0
104060,66,89,Midwest,192.49,Groceries,Debit,Desktop,2,0,0,0
104061,66,103,Northeast,2.61,Online Services,Debit,Desktop,3,0,0,0
104062,36,99,Midwest,262.4,Gas,Credit,Tablet,3,1,0,0
104063,71,129,Northeast,46.56,Gas,Credit,Desktop,3,0,0,0
104064,35,151,South,105.77,Restaurants,Debit,Mobile,1,0,0,0
104065,21,52,South,60.08,Restaurants,Credit,Desktop,1,0,0,1
104066,50,121,Midwest,130.65,Groceries,Credit,Mobile,2,1,0,0
104067,20,158,Midwest,3.44,Restaurants,Credit,Mobile,5,0,0,0
104068,71,5,Midwest,126.41,Online Services,Digital Wallet,Desktop,2,1,1,0
104069,52,14,Northeast,143.79,Groceries,Debit,Desktop,1,0,1,0
104070,68,78,Northeast,61.88,Gas,Digital Wallet,Desktop,3,0,1,0
104071,63,83,South,56.23,Clothing,Debit,Tablet,0,0,0,0
104072,24,5,Northeast,53.59,Restaurants,Debit,Tablet,4,0,0,0
104073,64,70,West,243.75,Restaurants,Digital Wallet,Desktop,3,0,0,0
104074,69,77,Northeast,163.37,Restaurants,Digital Wallet,Desktop,3,0,0,0
104075,49,165,Midwest,33.42,Luxury,Debit,Desktop,3,0,0,0
104076,18,84,Northeast,400.57,Clothing,Digital Wallet,Tablet,2,0,0,0
104077,34,154,West,59.37,Clothing,Digital Wallet,Mobile,2,0,0,0
104078,71,13,Northeast,17.25,Online Services,Debit,Tablet,4,0,0,0
104079,66,32,Midwest,17.38,Restaurants,Digital Wallet,Mobile,1,0,1,0
104080,74,115,West,43.56,Groceries,Digital Wallet,Tablet,3,0,1,0
104081,31,30,Midwest,18.23,Luxury,Credit,Mobile,1,0,0,0
104082,53,152,West,300.56,Gas,Digital Wallet,Desktop,3,0,0,0
104083,56,120,West,34.73,Electronics,Digital Wallet,Desktop,0,1,0,1
104084,47,54,West,47.03,Clothing,Digital Wallet,Tablet,3,0,0,0
104085,39,54,Midwest,114.07,Luxury,Digital Wallet,Mobile,3,0,0,0
104086,38,155,West,33.52,Electronics,Debit,Desktop,1,0,0,0
104087,73,158,South,30.72,Restaurants,Debit,Desktop,2,0,0,0
104088,42,18,South,8.34,Clothing,Credit,Tablet,3,1,0,0
104089,45,94,Midwest,100.3,Clothing,Credit,Tablet,1,0,0,0
104090,26,97,West,20.25,Luxury,Debit,Desktop,2,0,1,0
104091,37,78,Northeast,671.66,Online Services,Debit,Tablet,1,0,0,0
104092,24,87,South,246.87,Travel,Debit,Mobile,3,1,0,0
104093,33,133,Midwest,88.57,Gas,Debit,Mobile,0,0,0,0
104094,60,127,West,225.55,Luxury,Digital Wallet,Mobile,0,0,0,0
104095,44,24,Northeast,92.5,Luxury,Debit,Tablet,2,0,1,0
104096,59,128,Northeast,38.04,Gas,Digital Wallet,Tablet,2,0,0,0
104097,33,92,West,82.4,Electronics,Credit,Tablet,2,0,0,0
104098,63,61,Northeast,497.29,Travel,Digital Wallet,Tablet,2,0,0,0
104099,51,139,Midwest,66.52,Luxury,Digital Wallet,Desktop,1,0,0,0
104100,40,92,Northeast,60.94,Restaurants,Credit,Desktop,4,0,0,0
104101,59,103,South,7.82,Gas,Credit,Tablet,2,0,1,0
104102,68,85,South,135.04,Online Services,Debit,Desktop,0,0,0,0
104103,38,121,South,438.04,Restaurants,Digital Wallet,Desktop,1,0,0,0
104104,70,100,West,113.13,Travel,Credit,Desktop,4,0,0,0
104105,21,137,Midwest,195.71,Electronics,Digital Wallet,Mobile,0,0,1,0
104106,39,103,Northeast,325.26,Electronics,Credit,Desktop,3,0,2,0
104107,60,108,South,20.01,Luxury,Digital Wallet,Desktop,1,0,0,0
104108,67,93,Midwest,607.5,Travel,Digital Wallet,Tablet,4,1,0,1
104109,66,145,South,179.32,Restaurants,Digital Wallet,Desktop,3,0,0,0
104110,74,25,Midwest,43.89,Restaurants,Debit,Tablet,2,0,1,0
104111,29,10,West,48.88,Online Services,Digital Wallet,Mobile,4,0,0,0
104112,23,160,West,330.13,Clothing,Credit,Desktop,0,0,1,0
104113,28,34,West,283.71,Groceries,Debit,Desktop,4,1,0,0
104114,18,26,South,180.89,Online Services,Digital Wallet,Tablet,1,0,2,1
104115,47,11,Northeast,199.6,Restaurants,Digital Wallet,Mobile,2,0,0,0
104116,65,65,Midwest,221.55,Electronics,Credit,Mobile,0,1,0,0
104117,37,69,West,8.1,Restaurants,Digital Wallet,Tablet,4,0,0,0
104118,18,129,South,69.59,Electronics,Credit,Mobile,3,0,1,0
104119,57,128,West,20.24,Gas,Debit,Mobile,3,1,0,1
104120,28,30,South,327.53,Online Services,Debit,Desktop,0,0,0,0
104121,39,169,South,21.55,Online Services,Debit,Tablet,2,0,2,0
104122,27,58,West,271.55,Gas,Digital Wallet,Mobile,1,0,0,0
104123,20,35,West,90.09,Restaurants,Credit,Tablet,5,1,0,0
104124,23,172,Northeast,12.58,Electronics,Digital Wallet,Tablet,0,1,0,0
104125,66,159,West,253.92,Clothing,Debit,Tablet,1,0,0,0
104126,29,1,South,112.32,Travel,Digital Wallet,Tablet,4,0,0,0
104127,34,101,West,92.5,Online Services,Credit,Mobile,5,0,1,0
104128,32,109,South,43.95,Groceries,Debit,Mobile,4,0,0,0
104129,33,25,Northeast,66.7,Online Services,Digital Wallet,Mobile,3,0,0,1
104130,28,119,Northeast,262.67,Luxury,Debit,Desktop,3,0,0,0
104131,60,149,West,74.31,Clothing,Credit,Tablet,3,1,0,0
104132,73,25,West,43.99,Gas,Credit,Tablet,2,1,2,0
104133,61,36,Midwest,42.04,Travel,Credit,Tablet,2,1,0,0
104134,63,145,Midwest,730.25,Electronics,Digital Wallet,Mobile,3,0,1,1
104135,47,111,Northeast,114.97,Luxury,Credit,Desktop,2,0,0,0
104136,33,54,Midwest,99.06,Groceries,Debit,Desktop,2,0,2,1
104137,71,95,Midwest,547.28,Groceries,Credit,Mobile,2,0,0,1
104138,38,2,Midwest,581.46,Restaurants,Debit,Tablet,1,0,0,0
104139,41,86,South,8.91,Travel,Credit,Mobile,1,0,0,0
104140,70,30,Northeast,59.33,Groceries,Digital Wallet,Mobile,1,0,1,0
104141,55,96,Northeast,190.9,Online Services,Credit,Desktop,1,1,1,0
104142,67,172,South,89.32,Online Services,Credit,Desktop,1,0,0,0
104143,24,130,Northeast,102.29,Online Services,Debit,Desktop,1,0,0,0
104144,74,141,West,38.81,Gas,Digital Wallet,Mobile,4,0,1,0
104145,67,57,South,127.52,Gas,Credit,Mobile,2,0,0,0
104146,30,112,Northeast,145.06,Gas,Credit,Mobile,5,1,0,0
104147,34,39,South,96.5,Travel,Debit,Mobile,4,0,0,0
104148,55,92,Midwest,153.55,Online Services,Credit,Tablet,1,0,1,0
104149,57,90,South,75.91,Online Services,Credit,Mobile,5,0,0,0
104150,68,66,Midwest,164.22,Travel,Digital Wallet,Mobile,2,0,1,0
104151,57,50,Northeast,129.72,Luxury,Debit,Desktop,2,0,0,0
104152,19,20,Midwest,216.77,Clothing,Digital Wallet,Desktop,0,1,0,0
104153,38,12,Northeast,123.92,Clothing,Debit,Desktop,0,0,0,0
104154,66,132,South,78.98,Groceries,Debit,Tablet,4,0,0,0
104155,33,133,South,36.69,Travel,Digital Wallet,Mobile,1,0,0,0
104156,68,116,Northeast,111.21,Restaurants,Debit,Desktop,2,0,0,0
104157,42,122,West,4.45,Luxury,Debit,Tablet,1,0,0,0
104158,48,25,Midwest,24.69,Clothing,Credit,Desktop,0,0,0,0
104159,18,162,Northeast,60.31,Gas,Debit,Desktop,2,0,0,0
104160,37,145,Northeast,185.33,Travel,Credit,Desktop,3,0,0,0
104161,59,22,South,244.88,Gas,Digital Wallet,Desktop,2,0,2,0
104162,50,110,South,279.59,Travel,Credit,Mobile,1,1,0,1
104163,31,72,West,81.8,Groceries,Debit,Mobile,0,0,0,0
104164,50,42,Midwest,239.41,Groceries,Credit,Desktop,1,1,1,0
104165,21,99,West,53.08,Luxury,Credit,Mobile,3,1,0,0
104166,53,100,South,31.55,Restaurants,Debit,Desktop,3,0,0,0
104167,28,164,Northeast,159.3,Restaurants,Digital Wallet,Mobile,3,0,0,0
104168,35,113,Midwest,6.81,Gas,Digital Wallet,Tablet,3,0,0,0
104169,40,16,West,643.44,Luxury,Credit,Tablet,1,0,1,1
104170,45,50,Midwest,54.88,Travel,Debit,Mobile,0,0,0,0
104171,30,174,Northeast,268.43,Electronics,Digital Wallet,Mobile,1,1,1,0
104172,58,178,Northeast,19.69,Clothing,Digital Wallet,Tablet,4,0,0,0
104173,19,28,West,198.77,Luxury,Digital Wallet,Tablet,3,1,0,0
104174,65,11,Midwest,111.47,Travel,Digital Wallet,Tablet,1,0,1,0
104175,62,77,Midwest,187.09,Online Services,Credit,Tablet,1,0,1,0
104176,42,39,West,77.42,Online Services,Digital Wallet,Mobile,3,0,0,0
104177,23,147,Northeast,67.84,Gas,Debit,Mobile,2,0,0,0
104178,53,175,Midwest,67.13,Travel,Credit,Tablet,5,1,1,0
104179,63,71,Northeast,23.35,Clothing,Digital Wallet,Tablet,5,1,0,0
104180,73,133,Northeast,94.53,Luxury,Credit,Desktop,0,0,1,0
104181,63,22,West,343.24,Groceries,Debit,Mobile,1,0,0,0
104182,27,71,West,69.47,Luxury,Credit,Tablet,0,0,0,1
104183,59,40,Midwest,71.84,Online Services,Credit,Tablet,4,0,0,0
104184,21,140,West,2.51,Groceries,Debit,Tablet,2,0,1,0
104185,51,170,South,46.97,Luxury,Digital Wallet,Tablet,1,0,0,0
104186,53,67,South,1.26,Groceries,Credit,Mobile,1,0,0,0
104187,29,162,South,81.7,Clothing,Credit,Mobile,2,0,0,0
104188,41,162,Northeast,153.09,Groceries,Debit,Desktop,1,0,3,0
104189,60,9,Midwest,209.33,Gas,Credit,Tablet,1,0,0,0
104190,22,66,South,193.59,Gas,Debit,Mobile,2,0,1,0
104191,68,97,West,96.59,Online Services,Credit,Tablet,4,0,0,0
104192,73,99,West,259.41,Online Services,Debit,Mobile,0,0,0,0
104193,61,104,Northeast,139.62,Luxury,Digital Wallet,Tablet,2,0,1,0
104194,68,31,Midwest,191.56,Online Services,Credit,Desktop,4,0,1,0
104195,21,23,West,20.1,Electronics,Digital Wallet,Mobile,0,0,0,0
104196,66,12,Midwest,61.53,Clothing,Credit,Tablet,5,0,0,0
104197,36,54,West,126.0,Luxury,Credit,Desktop,1,0,1,0
104198,74,64,Midwest,58.75,Online Services,Digital Wallet,Mobile,0,0,0,0
104199,21,18,Northeast,26.61,Clothing,Debit,Mobile,2,0,1,0
104200,38,135,Midwest,87.56,Clothing,Debit,Tablet,2,0,0,0
104201,59,41,Northeast,242.84,Groceries,Digital Wallet,Desktop,2,0,0,0
104202,41,5,South,166.64,Groceries,Digital Wallet,Tablet,2,0,0,0
104203,55,115,Midwest,24.88,Luxury,Debit,Mobile,2,1,1,1
104204,35,94,Northeast,62.6,Groceries,Digital Wallet,Mobile,1,0,2,1
104205,25,153,Midwest,1.12,Groceries,Debit,Tablet,2,0,0,0
104206,64,124,Northeast,58.99,Clothing,Digital Wallet,Desktop,6,0,1,0
104207,34,48,Northeast,65.45,Luxury,Debit,Tablet,1,0,0,0
104208,74,31,West,20.16,Electronics,Digital Wallet,Desktop,3,0,0,0
104209,46,10,South,179.26,Luxury,Credit,Tablet,2,0,1,0
104210,48,123,South,5.15,Online Services,Digital Wallet,Mobile,2,1,0,0
104211,25,75,Midwest,10.33,Restaurants,Debit,Desktop,1,1,0,0
104212,60,37,West,126.96,Luxury,Digital Wallet,Desktop,4,1,0,1
104213,57,14,Northeast,96.74,Electronics,Debit,Mobile,2,0,0,0
104214,35,32,West,35.89,Electronics,Debit,Desktop,0,0,0,0
104215,30,111,Midwest,132.21,Restaurants,Digital Wallet,Mobile,1,0,0,0
104216,33,147,Midwest,11.26,Luxury,Credit,Desktop,1,0,0,0
104217,22,73,West,139.68,Travel,Credit,Tablet,0,1,0,0
104218,60,61,South,296.63,Restaurants,Digital Wallet,Mobile,2,0,0,0
104219,55,171,Midwest,422.17,Gas,Digital Wallet,Desktop,0,0,0,0
104220,65,110,South,251.61,Gas,Credit,Tablet,0,0,1,0
104221,28,10,Northeast,119.8,Groceries,Credit,Desktop,0,0,0,0
104222,19,115,Northeast,271.86,Gas,Digital Wallet,Desktop,1,0,0,0
104223,58,3,West,40.49,Groceries,Digital Wallet,Desktop,3,0,0,0
104224,21,94,West,353.96,Clothing,Debit,Desktop,1,0,0,0
104225,30,98,Midwest,120.85,Online Services,Debit,Desktop,3,0,0,0
104226,40,36,West,77.97,Electronics,Debit,Desktop,1,0,0,0
104227,33,153,West,298.57,Restaurants,Credit,Desktop,2,1,0,0
104228,67,11,Northeast,136.38,Groceries,Credit,Mobile,2,0,1,0
104229,58,123,Midwest,128.29,Luxury,Credit,Desktop,4,0,0,0
104230,74,83,Midwest,67.82,Clothing,Credit,Tablet,1,0,0,0
104231,38,120,South,11.57,Clothing,Debit,Tablet,1,0,0,0
104232,32,131,South,42.64,Restaurants,Digital Wallet,Mobile,2,0,0,0
104233,38,51,West,82.71,Luxury,Debit,Desktop,2,0,0,0
104234,58,127,Midwest,11.83,Luxury,Credit,Desktop,4,0,1,0
104235,67,11,West,22.06,Restaurants,Digital Wallet,Tablet,1,1,1,0
104236,71,42,West,154.41,Groceries,Credit,Mobile,0,0,1,0
104237,54,18,South,50.55,Restaurants,Debit,Desktop,3,0,1,0
104238,24,70,Northeast,99.22,Gas,Credit,Mobile,2,0,0,0
104239,35,45,West,365.41,Online Services,Debit,Tablet,1,0,0,0
104240,44,137,Midwest,254.91,Electronics,Debit,Desktop,2,0,0,0
104241,28,60,South,106.27,Groceries,Debit,Mobile,0,0,0,1
104242,21,73,Northeast,130.14,Electronics,Digital Wallet,Desktop,2,0,0,0
104243,72,4,Northeast,56.26,Travel,Digital Wallet,Desktop,1,1,0,0
104244,29,136,Northeast,34.98,Restaurants,Credit,Tablet,1,0,0,0
104245,34,135,West,16.21,Clothing,Digital Wallet,Tablet,5,0,0,0
104246,37,171,South,113.77,Travel,Digital Wallet,Mobile,1,0,0,0
104247,63,40,Northeast,18.33,Groceries,Digital Wallet,Tablet,0,0,1,0
104248,73,107,Northeast,73.92,Clothing,Debit,Desktop,2,0,0,0
104249,50,3,Northeast,10.51,Restaurants,Digital Wallet,Desktop,2,0,0,0
104250,53,14,Midwest,158.45,Luxury,Debit,Tablet,3,0,1,0
104251,35,99,West,45.95,Groceries,Debit,Mobile,3,0,1,0
104252,23,1,West,52.69,Online Services,Credit,Tablet,1,0,1,0
104253,61,72,West,164.43,Electronics,Debit,Desktop,3,1,1,0
104254,56,35,Northeast,25.28,Restaurants,Credit,Desktop,1,0,0,0
104255,21,136,Midwest,8.91,Gas,Debit,Mobile,1,0,0,0
104256,45,153,Northeast,52.63,Travel,Credit,Mobile,3,0,0,0
104257,32,177,South,51.43,Clothing,Credit,Mobile,1,1,0,1
104258,74,117,Northeast,297.34,Restaurants,Debit,Mobile,3,0,0,0
104259,22,161,Northeast,26.03,Luxury,Digital Wallet,Desktop,3,1,1,0
104260,69,134,Northeast,35.82,Clothing,Credit,Desktop,1,0,0,0
104261,52,110,Midwest,122.66,Restaurants,Debit,Desktop,2,0,0,0
104262,61,36,South,72.51,Electronics,Digital Wallet,Tablet,3,1,0,1
104263,28,19,South,11.97,Restaurants,Digital Wallet,Mobile,2,0,1,0
104264,38,167,Midwest,85.1,Electronics,Credit,Mobile,2,0,1,0
104265,31,14,Midwest,190.46,Restaurants,Credit,Tablet,1,0,0,0
104266,68,32,Northeast,277.97,Restaurants,Credit,Mobile,4,0,0,0
104267,29,155,Midwest,46.6,Luxury,Digital Wallet,Mobile,1,1,0,0
104268,70,73,West,61.79,Luxury,Credit,Mobile,2,0,1,0
104269,39,72,Northeast,51.5,Travel,Debit,Desktop,2,0,0,0
104270,19,15,Northeast,155.03,Restaurants,Credit,Desktop,1,0,0,0
104271,31,118,Northeast,143.55,Online Services,Debit,Mobile,1,0,0,0
104272,37,76,Northeast,172.19,Restaurants,Digital Wallet,Tablet,1,0,0,0
104273,60,151,West,238.82,Online Services,Credit,Desktop,2,0,0,0
104274,32,126,South,377.76,Gas,Digital Wallet,Mobile,0,0,1,0
104275,50,148,West,196.57,Electronics,Credit,Mobile,0,0,0,1
104276,63,172,Midwest,26.37,Gas,Digital Wallet,Desktop,5,0,0,0
104277,44,140,Midwest,16.11,Online Services,Debit,Mobile,1,0,0,0
104278,43,72,Northeast,16.54,Clothing,Credit,Mobile,1,0,0,0
104279,40,73,West,7.23,Online Services,Debit,Desktop,2,0,0,0
104280,27,134,West,340.56,Restaurants,Digital Wallet,Mobile,4,0,0,0
104281,50,30,West,176.21,Online Services,Debit,Mobile,2,0,0,0
104282,73,126,West,17.74,Travel,Digital Wallet,Desktop,1,0,0,0
104283,30,40,Northeast,259.82,Clothing,Credit,Desktop,0,0,0,0
104284,50,65,Northeast,63.16,Online Services,Debit,Tablet,2,0,0,0
104285,28,24,Northeast,129.28,Electronics,Debit,Mobile,3,0,0,0
104286,21,102,South,79.84,Online Services,Debit,Tablet,4,0,0,0
104287,47,98,South,217.86,Online Services,Credit,Tablet,2,1,0,0
104288,31,11,South,105.47,Online Services,Credit,Tablet,0,0,1,0
104289,59,32,South,36.15,Luxury,Debit,Desktop,1,0,1,0
104290,43,112,West,137.53,Luxury,Digital Wallet,Mobile,3,0,0,0
104291,41,47,Northeast,17.13,Clothing,Debit,Desktop,1,0,1,0
104292,53,112,Midwest,118.69,Groceries,Credit,Tablet,1,0,1,1
104293,72,159,South,88.01,Electronics,Digital Wallet,Tablet,0,0,0,0
104294,57,158,Northeast,48.49,Gas,Digital Wallet,Desktop,0,0,0,0
104295,58,91,West,71.61,Online Services,Debit,Desktop,1,1,0,0
104296,70,157,West,240.09,Restaurants,Digital Wallet,Tablet,3,0,1,0
104297,20,162,South,158.48,Groceries,Digital Wallet,Desktop,3,0,0,0
104298,45,101,Northeast,11.57,Travel,Credit,Mobile,4,0,0,0
104299,69,109,Midwest,54.39,Gas,Debit,Desktop,2,0,1,0
104300,48,105,Northeast,220.25,Groceries,Credit,Desktop,4,0,1,0
104301,70,60,South,162.74,Electronics,Credit,Tablet,1,0,1,0
104302,45,42,West,237.03,Luxury,Credit,Mobile,1,0,0,0
104303,34,108,West,46.38,Restaurants,Credit,Tablet,3,1,0,0
104304,54,91,Midwest,336.48,Clothing,Digital Wallet,Tablet,3,0,0,0
104305,49,7,West,631.24,Electronics,Credit,Tablet,1,0,0,1
104306,55,158,West,13.53,Luxury,Credit,Mobile,1,0,0,0
104307,68,115,Northeast,197.36,Travel,Credit,Mobile,2,0,0,0
104308,55,8,West,51.35,Electronics,Credit,Tablet,1,0,0,0
104309,57,101,West,30.28,Clothing,Credit,Mobile,4,0,0,0
104310,63,37,Northeast,175.39,Electronics,Credit,Mobile,2,0,0,0
104311,70,138,South,123.56,Restaurants,Credit,Mobile,1,0,0,0
104312,62,22,Northeast,77.02,Clothing,Digital Wallet,Mobile,2,0,0,0
104313,69,140,West,235.98,Luxury,Debit,Tablet,0,0,0,0
104314,31,29,South,263.26,Clothing,Credit,Tablet,1,1,0,0
104315,61,45,South,216.98,Groceries,Credit,Desktop,2,0,0,0
104316,29,136,West,187.32,Groceries,Credit,Mobile,3,0,0,0
104317,25,80,Midwest,3.21,Travel,Digital Wallet,Mobile,2,0,0,0
104318,34,66,Midwest,11.38,Clothing,Debit,Mobile,1,0,1,0
104319,70,120,Midwest,66.85,Gas,Credit,Desktop,3,0,0,0
104320,24,91,Midwest,47.61,Luxury,Digital Wallet,Desktop,2,0,0,0
104321,47,51,Midwest,15.52,Electronics,Credit,Desktop,2,0,1,0
104322,30,171,South,151.76,Online Services,Credit,Mobile,4,0,0,0
104323,26,162,Northeast,135.47,Clothing,Digital Wallet,Tablet,3,0,0,0
104324,24,169,Midwest,317.63,Luxury,Digital Wallet,Desktop,0,0,0,0
104325,68,60,South,473.7,Gas,Digital Wallet,Mobile,2,0,0,0
104326,25,43,Northeast,252.69,Groceries,Digital Wallet,Tablet,3,0,0,0
104327,54,64,Midwest,161.2,Gas,Credit,Desktop,0,0,0,0
104328,31,156,West,66.24,Travel,Debit,Mobile,1,0,0,0
104329,23,1,Northeast,13.71,Online Services,Credit,Tablet,3,0,1,0
104330,48,83,South,92.8,Electronics,Debit,Desktop,3,1,0,0
104331,19,79,Northeast,340.25,Restaurants,Debit,Tablet,0,0,1,0
104332,70,15,South,30.25,Gas,Debit,Desktop,2,1,2,0
104333,20,76,West,117.5,Groceries,Credit,Desktop,1,1,0,0
104334,48,82,Midwest,70.49,Luxury,Debit,Desktop,1,1,1,0
104335,50,109,Northeast,177.24,Travel,Debit,Mobile,2,0,0,0
104336,73,113,Northeast,102.58,Online Services,Credit,Desktop,2,0,0,0
104337,56,107,West,6.65,Online Services,Digital Wallet,Tablet,0,0,1,0
104338,23,11,Midwest,82.82,Luxury,Debit,Desktop,2,0,1,0
104339,40,4,West,79.24,Groceries,Digital Wallet,Tablet,1,0,1,0
104340,39,42,Northeast,72.13,Online Services,Digital Wallet,Tablet,3,0,0,0
104341,32,110,West,131.51,Restaurants,Debit,Desktop,4,0,0,0
104342,47,119,Midwest,47.28,Groceries,Digital Wallet,Mobile,1,0,0,0
104343,28,17,West,109.31,Groceries,Credit,Desktop,3,0,0,0
104344,45,8,Northeast,56.86,Electronics,Digital Wallet,Tablet,1,0,1,0
104345,41,100,West,59.61,Clothing,Debit,Desktop,0,0,1,0
104346,68,63,West,60.29,Groceries,Digital Wallet,Tablet,4,0,0,0
104347,66,122,Northeast,102.97,Gas,Digital Wallet,Desktop,1,0,0,0
104348,70,21,South,13.84,Restaurants,Digital Wallet,Desktop,1,1,0,1
104349,71,160,Northeast,120.77,Luxury,Credit,Desktop,3,0,0,0
104350,22,5,West,28.33,Online Services,Debit,Mobile,1,0,1,0
104351,64,105,West,134.31,Clothing,Credit,Mobile,2,1,0,0
104352,66,74,Northeast,146.17,Luxury,Digital Wallet,Mobile,1,0,0,0
104353,20,21,West,15.57,Luxury,Digital Wallet,Desktop,2,1,0,0
104354,52,78,South,266.9,Online Services,Digital Wallet,Mobile,2,1,0,0
104355,26,173,West,13.72,Luxury,Credit,Tablet,3,0,1,0
104356,48,68,West,68.79,Online Services,Credit,Tablet,7,0,0,0
104357,59,177,Midwest,70.8,Travel,Debit,Desktop,1,0,1,0
104358,72,69,Northeast,6.27,Online Services,Digital Wallet,Desktop,3,0,0,0
104359,64,68,South,211.91,Travel,Debit,Tablet,0,0,0,0
104360,42,145,South,1.82,Groceries,Credit,Tablet,0,0,0,0
104361,34,114,Northeast,15.93,Groceries,Debit,Desktop,2,0,0,0
104362,36,109,Northeast,84.88,Groceries,Debit,Mobile,2,0,0,0
104363,57,136,West,138.59,Restaurants,Digital Wallet,Mobile,0,0,0,0
104364,64,152,South,83.86,Luxury,Debit,Desktop,2,0,0,0
104365,65,120,West,423.06,Electronics,Debit,Tablet,3,0,0,0
104366,20,15,West,85.94,Electronics,Digital Wallet,Tablet,2,0,0,0
104367,68,52,Midwest,496.8,Gas,Debit,Desktop,1,0,1,1
104368,29,157,Midwest,25.13,Electronics,Digital Wallet,Desktop,2,0,0,0
104369,21,19,Northeast,110.6,Travel,Digital Wallet,Tablet,1,0,0,0
104370,26,175,Midwest,78.34,Groceries,Digital Wallet,Mobile,2,0,0,0
104371,64,101,Midwest,65.25,Clothing,Digital Wallet,Tablet,2,0,0,0
104372,44,120,South,62.22,Gas,Credit,Tablet,2,0,0,0
104373,69,48,Northeast,156.28,Groceries,Digital Wallet,Tablet,5,0,0,0
104374,18,2,Midwest,1.78,Electronics,Credit,Mobile,3,1,1,0
104375,69,136,South,37.8,Gas,Debit,Mobile,1,0,0,0
104376,72,11,Midwest,103.49,Travel,Credit,Desktop,0,0,0,0
104377,73,145,Midwest,62.63,Electronics,Credit,Tablet,1,0,0,0
104378,41,66,West,47.76,Groceries,Digital Wallet,Mobile,1,0,0,0
104379,59,22,Midwest,196.58,Groceries,Debit,Desktop,4,0,0,0
104380,30,121,West,158.44,Luxury,Digital Wallet,Tablet,2,0,0,0
104381,74,134,West,211.42,Luxury,Debit,Desktop,1,0,0,0
104382,28,168,South,131.0,Clothing,Digital Wallet,Tablet,1,0,0,0
104383,56,78,West,48.45,Gas,Debit,Tablet,4,0,0,0
104384,51,179,Midwest,165.33,Gas,Credit,Tablet,2,0,0,0
104385,57,154,South,224.93,Travel,Debit,Desktop,3,0,0,0
104386,28,164,Northeast,56.1,Electronics,Digital Wallet,Tablet,1,0,0,0
104387,33,133,Midwest,102.43,Clothing,Digital Wallet,Mobile,3,0,0,0
104388,44,72,Midwest,176.18,Electronics,Debit,Tablet,2,0,0,0
104389,19,101,Midwest,79.17,Online Services,Credit,Tablet,2,1,0,0
104390,33,34,Midwest,52.49,Gas,Digital Wallet,Mobile,4,0,0,0
104391,34,140,Midwest,119.25,Restaurants,Digital Wallet,Desktop,1,0,1,0
104392,48,104,Midwest,537.64,Travel,Debit,Mobile,0,1,0,0
104393,70,18,South,170.94,Online Services,Debit,Desktop,6,0,0,0
104394,65,9,Midwest,29.27,Travel,Credit,Mobile,0,1,0,1
104395,31,106,Midwest,188.38,Groceries,Debit,Desktop,3,0,1,0
104396,62,82,South,16.89,Online Services,Credit,Tablet,5,0,2,1
104397,72,142,West,143.75,Gas,Debit,Tablet,3,0,0,0
104398,71,128,West,105.05,Groceries,Credit,Desktop,1,0,1,0
104399,70,142,West,97.02,Groceries,Digital Wallet,Tablet,1,0,0,0
104400,52,173,West,141.59,Luxury,Debit,Desktop,2,0,0,0
104401,52,35,West,139.71,Groceries,Credit,Desktop,2,0,0,0
104402,51,7,Midwest,42.0,Restaurants,Digital Wallet,Desktop,1,0,0,0
104403,57,37,West,348.82,Luxury,Credit,Mobile,0,0,0,0
104404,60,11,Northeast,1.11,Gas,Debit,Tablet,1,0,1,0
104405,48,18,South,27.36,Groceries,Credit,Desktop,3,0,1,0
104406,68,62,South,113.51,Groceries,Debit,Mobile,1,0,0,0
104407,45,11,Midwest,139.57,Gas,Credit,Desktop,1,0,0,0
104408,52,159,Northeast,16.73,Electronics,Debit,Mobile,1,0,0,0
104409,26,101,Northeast,166.83,Groceries,Digital Wallet,Mobile,2,0,1,0
104410,67,121,Midwest,147.37,Gas,Digital Wallet,Mobile,3,0,2,0
104411,23,77,South,38.67,Restaurants,Digital Wallet,Desktop,3,0,0,0
104412,71,146,Northeast,93.48,Travel,Digital Wallet,Tablet,4,0,0,0
104413,34,106,South,272.71,Online Services,Credit,Desktop,4,0,0,0
104414,20,23,West,24.99,Gas,Digital Wallet,Tablet,3,0,1,0
104415,28,96,South,93.68,Clothing,Digital Wallet,Desktop,3,0,0,0
104416,54,25,Northeast,26.1,Luxury,Digital Wallet,Mobile,2,0,1,0
104417,69,97,Northeast,40.25,Clothing,Digital Wallet,Desktop,3,0,0,0
104418,34,27,Midwest,2.74,Restaurants,Credit,Tablet,2,0,0,0
104419,50,64,Midwest,228.32,Online Services,Credit,Desktop,0,0,2,0
104420,36,20,West,65.8,Travel,Credit,Tablet,0,0,0,0
104421,19,170,West,346.73,Electronics,Debit,Tablet,0,1,0,0
104422,53,94,West,303.62,Online Services,Debit,Tablet,2,0,0,0
104423,33,63,South,24.95,Electronics,Digital Wallet,Mobile,1,0,0,0
104424,36,63,South,6.73,Gas,Debit,Desktop,2,0,0,0
104425,31,32,South,97.0,Gas,Digital Wallet,Mobile,4,0,0,0
104426,34,136,West,31.93,Online Services,Debit,Tablet,4,0,0,0
104427,74,75,Midwest,89.88,Travel,Digital Wallet,Tablet,1,0,0,1
104428,49,153,Northeast,86.55,Travel,Credit,Tablet,4,0,0,0
104429,44,71,South,150.79,Groceries,Digital Wallet,Mobile,2,1,1,0
104430,58,20,West,1.56,Luxury,Digital Wallet,Tablet,3,0,1,0
104431,58,146,West,3.23,Electronics,Debit,Mobile,2,0,1,0
104432,71,144,South,186.49,Online Services,Debit,Tablet,4,0,0,0
104433,68,146,Midwest,204.76,Restaurants,Credit,Desktop,3,1,0,0
104434,33,81,South,263.04,Electronics,Debit,Mobile,3,0,2,0
104435,28,174,West,220.83,Travel,Credit,Tablet,3,0,1,0
104436,64,88,Northeast,25.53,Online Services,Debit,Mobile,3,0,1,0
104437,27,71,South,405.79,Groceries,Debit,Mobile,3,0,0,0
104438,47,115,West,155.6,Electronics,Debit,Mobile,2,0,1,0
104439,59,160,Midwest,57.76,Restaurants,Credit,Mobile,3,0,0,0
104440,35,91,South,59.73,Gas,Debit,Mobile,3,0,0,0
104441,28,77,Midwest,464.48,Groceries,Credit,Mobile,2,0,2,0
104442,42,3,West,45.85,Luxury,Digital Wallet,Desktop,2,0,1,0
104443,63,130,South,167.35,Clothing,Digital Wallet,Mobile,2,0,0,0
104444,18,157,Midwest,133.24,Luxury,Credit,Mobile,2,0,0,0
104445,45,126,Northeast,100.9,Restaurants,Credit,Desktop,1,0,1,0
104446,70,47,South,240.37,Groceries,Debit,Mobile,0,0,0,0
104447,56,2,West,33.24,Luxury,Debit,Desktop,0,0,0,0
104448,27,137,South,107.1,Electronics,Digital Wallet,Mobile,1,0,0,0
104449,64,95,Midwest,23.55,Luxury,Credit,Mobile,2,1,4,0
104450,36,122,Midwest,32.79,Clothing,Digital Wallet,Desktop,2,0,0,0
104451,53,162,Midwest,99.97,Online Services,Credit,Mobile,3,0,0,0
104452,62,10,Northeast,11.54,Groceries,Digital Wallet,Mobile,1,0,0,0
104453,66,117,Midwest,301.9,Travel,Credit,Mobile,2,0,0,0
104454,64,112,Northeast,17.56,Groceries,Debit,Mobile,3,1,0,0
104455,68,124,Midwest,7.07,Gas,Debit,Mobile,4,0,0,1
104456,74,120,South,29.23,Clothing,Debit,Tablet,3,0,1,0
104457,21,62,Northeast,536.04,Luxury,Debit,Desktop,2,0,0,0
104458,42,5,South,98.3,Groceries,Digital Wallet,Mobile,2,0,0,0
104459,37,114,West,95.17,Online Services,Credit,Mobile,2,0,0,0
104460,22,93,Midwest,98.44,Electronics,Debit,Desktop,1,0,1,0
104461,24,172,Northeast,42.3,Electronics,Credit,Tablet,2,1,1,0
104462,26,28,South,40.69,Restaurants,Digital Wallet,Mobile,2,0,1,0
104463,53,15,South,7.99,Gas,Debit,Desktop,1,0,0,0
104464,35,12,West,121.02,Electronics,Debit,Desktop,2,0,0,0
104465,71,117,Northeast,350.68,Travel,Credit,Tablet,3,0,0,0
104466,42,108,West,395.61,Gas,Digital Wallet,Tablet,6,0,0,0
104467,54,51,West,55.25,Travel,Debit,Tablet,1,1,1,0
104468,45,130,West,222.97,Electronics,Digital Wallet,Tablet,0,1,0,0
104469,31,120,Northeast,22.22,Groceries,Credit,Desktop,5,0,1,0
104470,39,67,South,0.09,Groceries,Digital Wallet,Desktop,1,0,0,0
104471,57,173,South,36.76,Clothing,Credit,Tablet,2,0,1,0
104472,38,12,West,200.05,Gas,Debit,Desktop,3,0,1,0
104473,53,21,Midwest,45.2,Luxury,Debit,Desktop,1,0,0,0
104474,59,99,Northeast,85.44,Clothing,Digital Wallet,Desktop,1,0,0,0
104475,60,167,West,131.72,Gas,Digital Wallet,Mobile,3,0,2,0
104476,20,179,South,187.93,Luxury,Credit,Mobile,1,0,0,0
104477,71,37,South,73.27,Restaurants,Debit,Desktop,0,0,1,0
104478,70,140,Northeast,80.75,Luxury,Debit,Tablet,1,0,1,0
104479,25,37,West,41.74,Restaurants,Debit,Desktop,1,0,0,0
104480,47,62,Midwest,52.22,Luxury,Credit,Tablet,3,0,0,0
104481,43,134,South,22.83,Restaurants,Credit,Mobile,3,0,0,0
104482,60,8,Midwest,65.12,Travel,Digital Wallet,Desktop,0,0,1,0
104483,44,31,Northeast,15.38,Online Services,Debit,Mobile,1,0,0,0
104484,50,1,South,52.37,Restaurants,Digital Wallet,Mobile,2,1,0,0
104485,74,107,Northeast,162.99,Clothing,Digital Wallet,Desktop,4,1,0,0
104486,73,172,Midwest,223.16,Online Services,Credit,Tablet,0,0,0,0
104487,63,161,Midwest,73.46,Travel,Digital Wallet,Desktop,3,0,0,0
104488,69,35,Midwest,203.9,Travel,Debit,Tablet,3,0,0,0
104489,57,102,South,156.62,Groceries,Digital Wallet,Tablet,1,0,1,0
104490,62,165,Midwest,3.6,Restaurants,Debit,Desktop,3,0,0,0
104491,31,90,West,69.36,Clothing,Digital Wallet,Mobile,4,0,0,0
104492,45,166,South,26.67,Gas,Debit,Desktop,2,0,0,0
104493,40,50,West,18.2,Clothing,Credit,Tablet,0,0,1,0
104494,62,105,South,65.56,Electronics,Credit,Tablet,2,0,0,0
104495,34,56,South,73.23,Groceries,Debit,Mobile,1,0,0,0
104496,21,58,Midwest,196.63,Restaurants,Debit,Mobile,1,0,0,0
104497,49,145,West,4.82,Travel,Digital Wallet,Tablet,2,0,0,0
104498,54,117,South,155.33,Online Services,Credit,Mobile,1,0,1,0
104499,52,50,Northeast,11.91,Clothing,Digital Wallet,Tablet,1,0,0,0
104500,50,163,South,198.54,Online Services,Debit,Desktop,3,0,1,0
104501,49,45,Northeast,53.06,Travel,Digital Wallet,Mobile,1,0,0,0
104502,64,40,Midwest,91.95,Restaurants,Digital Wallet,Tablet,1,0,0,0
104503,52,105,Midwest,225.05,Groceries,Credit,Desktop,4,0,1,0
104504,24,58,South,268.4,Luxury,Credit,Mobile,3,0,0,0
104505,51,105,Northeast,35.79,Electronics,Debit,Tablet,5,0,0,0
104506,22,111,South,48.39,Gas,Debit,Mobile,1,0,0,0
104507,35,161,Midwest,7.77,Travel,Debit,Mobile,2,0,0,0
104508,55,161,Midwest,36.86,Groceries,Digital Wallet,Tablet,0,0,0,0
104509,64,161,Midwest,25.92,Electronics,Credit,Mobile,3,0,0,0
104510,73,164,West,37.56,Clothing,Debit,Desktop,2,0,0,0
104511,39,110,West,248.34,Gas,Credit,Mobile,0,0,0,0
104512,63,46,Midwest,91.14,Travel,Debit,Desktop,3,0,1,0
104513,35,22,South,402.36,Groceries,Debit,Desktop,1,0,0,0
104514,32,78,Midwest,390.86,Restaurants,Digital Wallet,Desktop,1,0,2,0
104515,64,150,South,122.11,Clothing,Debit,Mobile,1,0,1,0
104516,21,1,South,76.96,Online Services,Debit,Tablet,3,0,1,0
104517,30,19,South,52.01,Gas,Digital Wallet,Mobile,4,0,0,0
104518,59,60,Northeast,178.53,Online Services,Debit,Desktop,4,0,0,0
104519,69,152,Midwest,98.84,Luxury,Credit,Desktop,1,0,0,0
104520,50,59,Northeast,105.71,Clothing,Credit,Tablet,3,1,0,0
104521,24,67,Northeast,87.76,Gas,Credit,Tablet,1,0,1,0
104522,21,68,West,94.48,Restaurants,Debit,Tablet,3,0,0,0
104523,45,98,Northeast,201.08,Online Services,Debit,Desktop,4,1,0,0
104524,32,161,West,3.5,Online Services,Debit,Tablet,0,0,0,0
104525,49,44,Midwest,13.95,Clothing,Digital Wallet,Mobile,4,1,1,0
104526,23,158,Northeast,40.91,Gas,Debit,Desktop,0,0,0,0
104527,51,31,West,1.65,Groceries,Digital Wallet,Tablet,1,0,2,1
104528,33,108,South,68.19,Clothing,Debit,Mobile,1,0,0,0
104529,61,88,West,22.17,Electronics,Digital Wallet,Mobile,0,0,0,0
104530,66,79,West,200.48,Gas,Digital Wallet,Desktop,1,0,0,0
104531,43,139,South,14.91,Clothing,Credit,Mobile,2,1,0,0
104532,36,118,Midwest,26.33,Online Services,Credit,Desktop,2,0,0,0
104533,21,85,Northeast,110.64,Restaurants,Digital Wallet,Desktop,3,0,0,0
104534,27,170,West,46.1,Electronics,Credit,Desktop,6,0,2,1
104535,36,164,Midwest,303.08,Travel,Debit,Mobile,1,0,1,0
104536,73,48,Midwest,30.2,Groceries,Digital Wallet,Desktop,5,0,0,0
104537,41,28,Northeast,53.88,Electronics,Digital Wallet,Mobile,4,0,0,0
104538,57,176,Northeast,11.1,Travel,Debit,Tablet,3,0,0,0
104539,18,167,Northeast,151.54,Clothing,Debit,Mobile,4,0,1,0
104540,49,130,Midwest,84.83,Clothing,Credit,Mobile,2,0,0,0
104541,27,153,South,52.04,Electronics,Debit,Desktop,1,0,0,0
104542,25,75,Midwest,33.48,Online Services,Digital Wallet,Tablet,3,1,0,0
104543,22,8,Midwest,77.11,Gas,Credit,Desktop,5,0,0,0
104544,31,72,West,50.38,Restaurants,Credit,Desktop,1,1,0,1
104545,46,9,West,292.76,Online Services,Debit,Desktop,1,1,0,0
104546,47,142,South,24.55,Electronics,Digital Wallet,Desktop,2,0,1,0
104547,58,119,South,112.23,Electronics,Debit,Mobile,5,0,1,0
104548,56,57,West,132.44,Online Services,Credit,Tablet,4,0,0,0
104549,56,2,Northeast,683.65,Luxury,Digital Wallet,Desktop,1,0,1,1
104550,30,141,West,8.98,Electronics,Digital Wallet,Desktop,1,0,0,0
104551,26,132,Midwest,28.49,Restaurants,Credit,Tablet,1,0,0,0
104552,73,63,West,176.82,Clothing,Debit,Tablet,2,1,0,0
104553,40,51,West,18.05,Clothing,Digital Wallet,Mobile,3,0,0,0
104554,24,136,South,30.01,Travel,Credit,Mobile,2,0,0,0
104555,45,163,West,183.42,Groceries,Credit,Mobile,5,0,0,0
104556,30,43,West,85.1,Luxury,Credit,Desktop,2,0,0,0
104557,21,2,Northeast,63.45,Online Services,Credit,Mobile,2,0,1,0
104558,40,119,West,193.66,Restaurants,Digital Wallet,Tablet,1,0,0,1
104559,34,88,Northeast,72.98,Clothing,Credit,Tablet,4,0,0,0
104560,32,29,Midwest,128.66,Clothing,Digital Wallet,Desktop,1,0,0,0
104561,72,94,Midwest,22.08,Luxury,Debit,Mobile,4,0,0,0
104562,47,107,Northeast,98.15,Groceries,Credit,Desktop,4,0,0,0
104563,35,91,South,29.6,Luxury,Debit,Desktop,4,0,0,0
104564,50,11,Northeast,171.75,Luxury,Debit,Desktop,0,0,0,0
104565,48,52,West,12.51,Online Services,Credit,Tablet,0,0,1,0
104566,18,107,Northeast,3.97,Travel,Digital Wallet,Mobile,2,0,1,0
104567,68,52,South,48.84,Gas,Debit,Desktop,3,0,0,0
104568,61,19,South,114.54,Luxury,Credit,Desktop,1,0,3,1
104569,41,82,Northeast,127.03,Groceries,Digital Wallet,Mobile,4,0,0,0
104570,34,23,West,11.87,Luxury,Credit,Desktop,5,0,0,1
104571,68,108,South,84.86,Gas,Credit,Mobile,1,0,0,0
104572,53,95,Midwest,168.64,Gas,Digital Wallet,Mobile,3,0,0,0
104573,23,71,Midwest,44.13,Restaurants,Credit,Tablet,0,0,0,0
104574,25,22,West,7.58,Groceries,Debit,Tablet,3,0,1,0
104575,43,98,West,90.84,Online Services,Credit,Mobile,1,0,1,0
104576,47,114,Northeast,23.82,Luxury,Debit,Mobile,5,0,0,0
104577,29,140,West,2.76,Luxury,Credit,Desktop,0,0,0,0
104578,56,103,West,167.54,Groceries,Debit,Mobile,3,0,1,0
104579,38,75,Northeast,57.0,Clothing,Digital Wallet,Mobile,1,1,0,0
104580,32,121,South,11.58,Clothing,Credit,Desktop,1,0,0,0
104581,60,26,Northeast,99.06,Gas,Debit,Mobile,2,0,0,0
104582,65,106,South,100.31,Online Services,Credit,Mobile,1,0,0,0
104583,45,23,Midwest,172.47,Restaurants,Digital Wallet,Desktop,2,0,2,0
104584,34,170,Midwest,53.24,Restaurants,Digital Wallet,Mobile,4,0,0,0
104585,64,116,Northeast,50.32,Electronics,Digital Wallet,Desktop,1,0,0,0
104586,42,57,Northeast,13.85,Restaurants,Credit,Tablet,2,0,0,0
104587,41,56,Northeast,133.05,Restaurants,Credit,Tablet,2,0,1,0
104588,28,96,South,145.88,Gas,Debit,Mobile,3,0,0,0
104589,41,59,Northeast,72.13,Online Services,Debit,Tablet,0,0,0,0
104590,20,54,Northeast,345.6,Luxury,Debit,Mobile,1,0,0,0
104591,71,139,Midwest,16.29,Online Services,Credit,Desktop,2,0,0,0
104592,42,103,West,97.57,Clothing,Digital Wallet,Desktop,2,0,0,1
104593,38,46,Midwest,98.87,Electronics,Credit,Desktop,2,0,0,0
104594,27,170,Midwest,15.71,Electronics,Credit,Tablet,2,0,1,0
104595,52,29,South,513.96,Groceries,Debit,Tablet,0,0,0,0
104596,27,166,West,158.6,Travel,Digital Wallet,Tablet,1,1,0,0
104597,68,8,West,273.84,Groceries,Credit,Mobile,3,0,1,0
104598,58,129,West,44.55,Restaurants,Debit,Tablet,2,0,0,0
104599,30,171,West,45.8,Online Services,Digital Wallet,Mobile,3,0,0,0
104600,42,100,South,193.22,Online Services,Digital Wallet,Desktop,1,0,0,0
104601,18,106,Northeast,0.26,Online Services,Digital Wallet,Tablet,1,1,0,0
104602,59,179,Northeast,259.78,Restaurants,Debit,Desktop,2,1,0,0
104603,20,120,Midwest,20.28,Gas,Digital Wallet,Tablet,4,0,0,0
104604,28,148,Midwest,278.79,Clothing,Digital Wallet,Mobile,2,0,0,0
104605,69,105,South,185.56,Online Services,Debit,Desktop,1,0,0,0
104606,23,128,Midwest,150.21,Restaurants,Digital Wallet,Mobile,1,0,0,1
104607,35,109,West,165.15,Electronics,Debit,Desktop,4,0,1,0
104608,32,174,Northeast,214.47,Groceries,Digital Wallet,Mobile,4,0,0,0
104609,20,48,West,170.25,Clothing,Credit,Tablet,3,0,1,0
104610,47,168,West,195.3,Groceries,Digital Wallet,Desktop,4,0,0,0
104611,65,4,Midwest,100.11,Groceries,Debit,Mobile,3,0,1,0
104612,22,135,Midwest,116.21,Luxury,Credit,Desktop,3,0,0,0
104613,63,28,South,68.95,Luxury,Debit,Mobile,1,0,0,0
104614,42,88,South,32.02,Electronics,Debit,Desktop,4,0,1,0
104615,33,51,Northeast,119.09,Groceries,Debit,Mobile,1,0,1,0
104616,33,35,Midwest,10.86,Luxury,Credit,Mobile,2,0,0,0
104617,72,12,West,319.42,Groceries,Digital Wallet,Tablet,2,0,0,0
104618,61,96,South,152.84,Travel,Credit,Mobile,1,0,0,0
104619,49,49,Midwest,93.15,Restaurants,Credit,Desktop,3,1,0,0
104620,22,103,Midwest,194.48,Clothing,Credit,Tablet,2,0,0,0
104621,68,168,Northeast,26.92,Electronics,Debit,Desktop,0,0,1,0
104622,52,32,West,21.32,Electronics,Credit,Tablet,1,0,1,0
104623,42,43,Midwest,338.65,Clothing,Debit,Tablet,2,0,1,0
104624,65,42,Midwest,183.03,Restaurants,Credit,Tablet,2,0,0,1
104625,41,158,West,81.94,Electronics,Digital Wallet,Tablet,3,0,0,0
104626,55,58,West,11.7,Online Services,Debit,Tablet,2,0,1,0
104627,59,117,South,142.63,Restaurants,Credit,Mobile,1,0,0,0
104628,18,56,Midwest,366.57,Online Services,Digital Wallet,Desktop,1,0,2,0
104629,31,165,Northeast,2.35,Travel,Digital Wallet,Desktop,3,0,0,0
104630,53,93,Northeast,204.04,Gas,Digital Wallet,Desktop,2,0,0,0
104631,48,83,South,194.95,Travel,Digital Wallet,Tablet,2,0,1,0
104632,53,57,West,297.34,Clothing,Digital Wallet,Desktop,2,0,0,0
104633,25,167,South,409.98,Clothing,Debit,Tablet,3,0,0,0
104634,55,51,Northeast,6.62,Online Services,Digital Wallet,Desktop,1,1,0,1
104635,24,119,Midwest,120.79,Travel,Debit,Tablet,0,0,0,0
104636,71,72,South,83.39,Electronics,Digital Wallet,Desktop,1,0,0,1
104637,66,83,West,24.69,Travel,Digital Wallet,Desktop,1,1,0,0
104638,52,32,West,60.35,Electronics,Digital Wallet,Tablet,0,0,0,0
104639,29,174,Midwest,42.59,Online Services,Digital Wallet,Mobile,4,0,1,0
104640,48,89,Northeast,238.89,Gas,Digital Wallet,Desktop,2,0,0,0
104641,52,175,Northeast,92.72,Restaurants,Debit,Desktop,2,0,0,0
104642,54,33,West,48.04,Travel,Credit,Tablet,2,0,0,0
104643,29,117,Northeast,107.76,Luxury,Credit,Tablet,0,0,0,0
104644,73,125,Midwest,56.67,Gas,Digital Wallet,Mobile,0,0,0,0
104645,46,114,West,98.95,Electronics,Debit,Mobile,2,1,0,0
104646,55,107,Midwest,159.71,Clothing,Debit,Desktop,2,0,1,0
104647,60,158,West,317.55,Travel,Debit,Tablet,3,0,0,0
104648,27,158,Northeast,27.35,Clothing,Digital Wallet,Mobile,1,0,0,0
104649,64,76,South,7.45,Travel,Credit,Tablet,1,0,0,0
104650,63,12,West,107.12,Clothing,Credit,Tablet,2,0,0,0
104651,25,94,Northeast,263.72,Luxury,Debit,Tablet,2,0,1,0
104652,21,10,Northeast,50.43,Clothing,Debit,Desktop,1,0,0,0
104653,70,168,Midwest,196.02,Clothing,Digital Wallet,Tablet,3,0,0,0
104654,48,56,Northeast,280.51,Online Services,Debit,Mobile,2,0,1,0
104655,46,109,South,75.43,Groceries,Credit,Tablet,5,0,1,0
104656,18,9,South,24.21,Gas,Debit,Tablet,2,0,0,0
104657,48,29,Northeast,25.51,Electronics,Digital Wallet,Desktop,0,1,0,0
104658,66,76,Midwest,29.31,Electronics,Credit,Desktop,3,0,0,0
104659,44,24,South,88.42,Restaurants,Credit,Tablet,2,0,1,0
104660,63,116,Midwest,10.51,Gas,Credit,Tablet,1,0,1,0
104661,53,117,West,286.91,Luxury,Credit,Desktop,2,0,1,0
104662,52,125,South,14.93,Restaurants,Digital Wallet,Mobile,2,0,0,0
104663,42,85,South,66.32,Electronics,Digital Wallet,Desktop,2,1,0,0
104664,62,57,South,290.78,Restaurants,Credit,Desktop,5,0,2,1
104665,43,147,Midwest,10.58,Luxury,Debit,Desktop,1,0,0,0
104666,36,4,West,116.48,Gas,Credit,Mobile,0,0,1,0
104667,53,122,South,122.9,Gas,Debit,Mobile,2,0,0,0
104668,49,68,Midwest,115.83,Gas,Digital Wallet,Desktop,4,0,0,0
104669,57,114,South,93.15,Groceries,Digital Wallet,Desktop,1,0,0,0
104670,72,119,Midwest,15.73,Luxury,Debit,Mobile,2,0,0,0
104671,28,151,West,190.87,Electronics,Debit,Desktop,1,0,1,0
104672,39,27,Midwest,0.16,Luxury,Digital Wallet,Desktop,4,0,0,0
104673,70,163,Northeast,369.15,Electronics,Debit,Mobile,6,1,0,0
104674,22,135,South,202.97,Clothing,Credit,Mobile,2,0,0,0
104675,49,56,South,222.58,Travel,Debit,Tablet,2,0,0,0
104676,37,176,Midwest,287.46,Clothing,Debit,Tablet,4,0,0,0
104677,60,20,Northeast,36.46,Clothing,Credit,Desktop,3,1,1,0
104678,23,24,Northeast,46.21,Luxury,Digital Wallet,Desktop,2,0,0,0
104679,55,161,Midwest,38.63,Clothing,Debit,Mobile,1,0,0,0
104680,53,38,Northeast,22.16,Clothing,Credit,Mobile,3,0,0,0
104681,70,172,West,107.04,Electronics,Credit,Tablet,2,0,0,0
104682,48,98,Northeast,132.28,Luxury,Digital Wallet,Desktop,2,0,1,0
104683,38,67,West,2.97,Online Services,Debit,Tablet,2,0,0,0
104684,62,73,West,118.73,Luxury,Credit,Tablet,1,0,1,0
104685,53,20,Midwest,201.64,Online Services,Credit,Tablet,4,1,2,1
104686,33,132,Northeast,367.18,Online Services,Debit,Mobile,1,0,0,0
104687,50,55,South,348.29,Restaurants,Debit,Mobile,2,0,0,0
104688,24,43,Northeast,192.63,Online Services,Digital Wallet,Desktop,0,0,0,0
104689,51,146,Northeast,52.73,Travel,Debit,Tablet,5,0,0,1
104690,32,155,West,159.54,Electronics,Credit,Tablet,4,1,0,0
104691,47,24,South,93.04,Restaurants,Digital Wallet,Desktop,3,0,0,0
104692,66,140,South,6.78,Luxury,Debit,Tablet,1,0,0,0
104693,51,12,Midwest,52.66,Online Services,Digital Wallet,Tablet,2,0,0,0
104694,21,43,Northeast,188.13,Restaurants,Credit,Tablet,1,0,0,0
104695,60,178,South,0.47,Groceries,Debit,Tablet,1,0,0,0
104696,43,67,Northeast,22.01,Luxury,Digital Wallet,Tablet,1,0,0,0
104697,62,22,Midwest,130.93,Restaurants,Debit,Desktop,1,0,0,0
104698,51,73,West,119.55,Online Services,Debit,Tablet,3,0,0,0
104699,28,151,South,215.64,Gas,Debit,Desktop,3,0,0,0
104700,22,37,South,4.53,Clothing,Credit,Desktop,1,1,0,0
104701,53,118,Midwest,197.91,Luxury,Digital Wallet,Tablet,7,1,0,1
104702,28,125,South,7.46,Online Services,Credit,Mobile,1,1,0,0
104703,55,147,South,489.33,Electronics,Digital Wallet,Mobile,7,0,0,0
104704,65,119,Midwest,83.2,Groceries,Digital Wallet,Mobile,1,0,1,0
104705,25,11,South,74.19,Electronics,Credit,Mobile,0,0,1,0
104706,60,92,West,34.21,Clothing,Credit,Tablet,0,0,1,0
104707,37,108,Northeast,5.39,Groceries,Debit,Mobile,1,0,0,1
104708,19,101,Northeast,289.76,Groceries,Digital Wallet,Mobile,4,1,0,1
104709,65,46,South,187.88,Groceries,Credit,Desktop,1,0,0,0
104710,64,76,West,21.05,Electronics,Debit,Desktop,2,0,0,0
104711,21,48,Northeast,100.13,Travel,Credit,Tablet,1,0,0,0
104712,67,19,South,18.8,Restaurants,Digital Wallet,Tablet,3,0,2,0
104713,22,115,South,23.53,Electronics,Digital Wallet,Desktop,1,0,0,0
104714,50,69,Northeast,13.22,Luxury,Credit,Tablet,1,0,1,0
104715,71,169,West,253.65,Travel,Credit,Tablet,1,0,2,0
104716,74,107,Northeast,113.34,Travel,Credit,Mobile,2,1,1,0
104717,39,130,West,1.5,Restaurants,Credit,Tablet,4,0,0,0
104718,41,138,Northeast,7.77,Electronics,Debit,Desktop,3,0,1,0
104719,24,164,South,15.55,Online Services,Debit,Tablet,2,0,0,0
104720,18,15,Midwest,89.91,Online Services,Debit,Tablet,6,0,1,0
104721,38,93,South,45.16,Electronics,Credit,Mobile,3,0,1,0
104722,53,81,Midwest,6.41,Gas,Digital Wallet,Desktop,3,0,0,0
104723,44,63,West,78.35,Online Services,Debit,Mobile,0,1,1,0
104724,35,4,South,103.32,Travel,Digital Wallet,Mobile,2,0,0,0
104725,22,158,South,3.12,Luxury,Debit,Desktop,1,0,0,0
104726,74,5,South,121.77,Electronics,Debit,Mobile,2,1,0,0
104727,47,118,Northeast,205.9,Clothing,Credit,Tablet,2,0,1,0
104728,56,105,West,11.94,Online Services,Credit,Mobile,0,0,0,0
104729,60,141,Northeast,9.85,Electronics,Credit,Desktop,3,0,1,0
104730,70,25,West,13.7,Electronics,Digital Wallet,Desktop,1,0,0,0
104731,21,68,South,30.68,Groceries,Debit,Tablet,1,0,0,0
104732,24,20,West,215.64,Luxury,Digital Wallet,Desktop,4,0,0,0
104733,20,56,West,49.08,Online Services,Digital Wallet,Desktop,6,0,1,0
104734,53,125,South,17.93,Groceries,Credit,Mobile,1,0,0,0
104735,25,147,Northeast,178.75,Electronics,Digital Wallet,Mobile,2,1,0,0
104736,31,56,Northeast,121.55,Travel,Credit,Desktop,2,0,0,0
104737,74,100,West,155.57,Groceries,Debit,Tablet,1,0,0,0
104738,57,132,Northeast,359.88,Groceries,Credit,Tablet,1,0,0,0
104739,57,173,West,220.65,Electronics,Digital Wallet,Mobile,3,0,0,0
104740,45,18,South,153.46,Restaurants,Digital Wallet,Mobile,2,0,0,0
104741,39,45,Northeast,23.14,Luxury,Credit,Mobile,4,0,1,0
104742,52,122,Midwest,297.84,Luxury,Digital Wallet,Mobile,3,0,0,0
104743,52,37,West,155.06,Restaurants,Digital Wallet,Tablet,1,0,0,0
104744,68,170,Midwest,49.95,Clothing,Debit,Desktop,7,1,0,1
104745,41,34,West,269.88,Groceries,Digital Wallet,Mobile,5,0,0,0
104746,43,174,West,23.28,Restaurants,Debit,Desktop,1,1,0,0
104747,20,15,South,52.33,Groceries,Debit,Desktop,0,0,0,0
104748,31,52,Midwest,67.19,Restaurants,Debit,Desktop,1,1,0,0
104749,30,62,South,476.07,Travel,Debit,Desktop,3,0,0,0
104750,23,155,Northeast,26.14,Groceries,Credit,Mobile,1,0,0,0
104751,20,87,Midwest,436.29,Travel,Debit,Mobile,1,0,0,1
104752,45,65,South,85.49,Luxury,Digital Wallet,Mobile,1,0,1,0
104753,45,172,West,35.74,Gas,Credit,Desktop,1,0,1,0
104754,37,15,West,146.06,Gas,Credit,Desktop,2,0,1,0
104755,69,69,South,314.94,Gas,Credit,Mobile,3,0,0,0
104756,30,86,Midwest,10.23,Groceries,Credit,Desktop,5,0,0,0
104757,43,131,Northeast,500.1,Clothing,Credit,Mobile,1,0,0,1
104758,49,141,Northeast,207.5,Restaurants,Credit,Desktop,2,0,0,0
104759,18,106,Northeast,8.46,Luxury,Digital Wallet,Mobile,2,0,0,0
104760,58,110,South,281.0,Travel,Credit,Desktop,1,0,0,0
104761,58,14,West,54.75,Electronics,Digital Wallet,Tablet,2,0,0,0
104762,38,131,South,33.13,Restaurants,Debit,Mobile,1,0,0,0
104763,38,7,Midwest,62.56,Clothing,Credit,Mobile,3,0,1,1
104764,71,86,South,58.31,Restaurants,Debit,Mobile,4,0,0,0
104765,45,55,West,117.85,Clothing,Digital Wallet,Tablet,4,0,0,0
104766,35,14,West,150.13,Groceries,Debit,Tablet,4,0,0,0
104767,51,73,Northeast,92.76,Gas,Credit,Desktop,1,0,0,0
104768,64,53,West,196.08,Gas,Digital Wallet,Tablet,2,0,1,0
104769,26,100,Northeast,60.07,Luxury,Digital Wallet,Tablet,2,1,1,0
104770,47,166,South,15.22,Clothing,Debit,Desktop,3,0,0,0
104771,64,134,West,25.49,Travel,Debit,Mobile,3,0,0,0
104772,34,105,South,104.3,Clothing,Debit,Desktop,2,0,0,0
104773,33,44,West,43.28,Online Services,Debit,Mobile,2,0,0,0
104774,70,10,Midwest,202.54,Electronics,Debit,Mobile,4,0,0,0
104775,63,51,South,37.56,Groceries,Credit,Desktop,1,0,0,0
104776,47,8,Northeast,105.68,Online Services,Credit,Mobile,1,1,0,1
104777,63,106,Northeast,11.39,Gas,Digital Wallet,Tablet,2,0,0,0
104778,36,153,South,196.69,Electronics,Digital Wallet,Tablet,1,0,0,0
104779,26,104,Midwest,94.12,Online Services,Debit,Tablet,2,0,0,0
104780,60,58,West,36.26,Online Services,Credit,Tablet,3,0,0,0
104781,20,123,Midwest,139.82,Travel,Debit,Desktop,1,0,0,0
104782,67,75,Northeast,76.46,Online Services,Credit,Tablet,3,0,0,0
104783,18,179,South,266.76,Restaurants,Debit,Tablet,1,0,0,0
104784,42,103,Northeast,161.76,Luxury,Digital Wallet,Desktop,1,0,0,0
104785,22,170,Northeast,371.55,Luxury,Digital Wallet,Tablet,3,0,1,0
104786,43,61,Midwest,324.97,Travel,Debit,Mobile,2,0,0,0
104787,26,18,Midwest,12.14,Restaurants,Digital Wallet,Tablet,0,1,0,0
104788,43,41,Midwest,36.96,Luxury,Digital Wallet,Tablet,3,0,2,0
104789,32,43,South,17.6,Clothing,Debit,Desktop,2,0,0,0
104790,43,75,West,46.43,Groceries,Debit,Tablet,3,0,1,0
104791,61,13,Northeast,114.92,Groceries,Digital Wallet,Mobile,2,0,0,0
104792,56,147,Northeast,22.0,Electronics,Digital Wallet,Desktop,4,0,0,0
104793,46,6,West,53.25,Groceries,Digital Wallet,Mobile,2,0,0,0
104794,60,169,Northeast,11.69,Travel,Debit,Desktop,4,0,0,0
104795,46,78,South,2.18,Restaurants,Credit,Tablet,0,0,0,0
104796,36,65,South,203.42,Groceries,Credit,Tablet,2,0,0,0
104797,64,109,Northeast,5.51,Online Services,Digital Wallet,Desktop,0,0,1,0
104798,66,154,West,2.2,Luxury,Debit,Mobile,1,0,0,0
104799,51,81,West,110.38,Clothing,Credit,Mobile,2,0,1,0
104800,67,92,Midwest,355.89,Groceries,Digital Wallet,Mobile,2,0,0,0
104801,27,48,West,164.45,Clothing,Debit,Mobile,2,0,1,0
104802,26,168,West,24.3,Gas,Credit,Tablet,3,0,1,0
104803,26,38,West,315.23,Travel,Digital Wallet,Tablet,1,0,0,0
104804,48,5,South,0.79,Online Services,Digital Wallet,Desktop,2,0,0,0
104805,40,173,West,256.78,Groceries,Credit,Desktop,4,0,0,0
104806,73,29,Northeast,68.01,Luxury,Debit,Desktop,4,0,3,1
104807,45,142,Midwest,19.04,Online Services,Credit,Tablet,4,1,0,0
104808,30,77,Northeast,21.76,Groceries,Digital Wallet,Mobile,4,0,2,0
104809,22,33,West,339.5,Online Services,Digital Wallet,Tablet,2,0,0,0
104810,71,32,Northeast,9.04,Gas,Debit,Mobile,3,0,1,0
104811,49,85,Midwest,38.65,Electronics,Digital Wallet,Tablet,1,0,0,0
104812,48,82,Midwest,228.78,Restaurants,Credit,Desktop,1,1,0,0
104813,51,83,South,92.09,Gas,Debit,Mobile,3,0,0,0
104814,20,118,Northeast,259.73,Online Services,Debit,Desktop,2,0,0,0
104815,55,144,West,23.12,Clothing,Debit,Tablet,2,0,0,0
104816,20,52,Midwest,835.47,Travel,Credit,Tablet,1,0,0,0
104817,46,111,Northeast,88.33,Travel,Debit,Mobile,3,0,2,0
104818,56,174,Northeast,66.05,Restaurants,Digital Wallet,Tablet,5,0,1,0
104819,48,138,Northeast,0.32,Online Services,Debit,Tablet,1,0,0,0
104820,49,55,West,52.37,Online Services,Credit,Desktop,7,1,0,1
104821,60,95,South,306.48,Restaurants,Credit,Mobile,0,0,0,0
104822,56,132,West,9.25,Restaurants,Digital Wallet,Tablet,3,0,0,0
104823,32,106,Midwest,50.68,Clothing,Credit,Mobile,3,0,0,0
104824,41,178,West,27.97,Gas,Digital Wallet,Tablet,2,0,0,0
104825,60,56,Northeast,32.06,Restaurants,Credit,Mobile,4,0,0,0
104826,31,173,West,56.37,Online Services,Digital Wallet,Mobile,1,0,0,0
104827,32,124,Northeast,85.27,Electronics,Credit,Mobile,4,1,0,0
104828,28,11,Midwest,125.33,Travel,Digital Wallet,Desktop,1,0,0,0
104829,26,23,Midwest,6.84,Travel,Credit,Mobile,1,1,0,0
104830,21,143,South,18.5,Electronics,Digital Wallet,Tablet,2,0,1,0
104831,60,150,Midwest,707.27,Restaurants,Digital Wallet,Desktop,1,0,0,0
104832,26,54,Northeast,490.36,Online Services,Credit,Desktop,3,1,0,0
104833,72,15,Midwest,142.07,Gas,Debit,Desktop,1,0,0,0
104834,62,99,West,238.71,Travel,Credit,Mobile,0,0,0,0
104835,63,145,West,10.51,Gas,Debit,Mobile,1,0,0,0
104836,48,1,South,142.05,Gas,Credit,Desktop,1,0,0,0
104837,43,154,Northeast,120.93,Online Services,Digital Wallet,Desktop,0,0,0,0
104838,70,174,West,61.31,Groceries,Credit,Mobile,1,0,1,0
104839,68,2,Midwest,38.9,Gas,Digital Wallet,Tablet,1,1,0,0
104840,65,100,Northeast,4.93,Clothing,Credit,Mobile,0,0,0,0
104841,39,87,Northeast,220.83,Online Services,Debit,Desktop,3,0,0,0
104842,29,98,South,37.97,Restaurants,Debit,Tablet,1,0,0,0
104843,44,118,Midwest,78.73,Groceries,Debit,Desktop,4,0,0,1
104844,28,46,South,97.31,Online Services,Digital Wallet,Desktop,1,1,0,0
104845,56,5,South,8.54,Luxury,Debit,Mobile,5,0,1,0
104846,36,73,Midwest,42.35,Gas,Credit,Desktop,3,0,0,0
104847,70,58,South,75.77,Electronics,Digital Wallet,Desktop,1,0,0,1
104848,20,63,South,15.02,Gas,Digital Wallet,Tablet,2,0,0,0
104849,69,117,West,269.55,Clothing,Credit,Tablet,1,0,0,0
104850,35,148,South,28.19,Luxury,Credit,Mobile,1,0,1,0
104851,21,103,Northeast,148.35,Luxury,Debit,Mobile,1,1,0,0
104852,59,84,South,35.89,Online Services,Digital Wallet,Desktop,1,0,0,0
104853,71,55,Midwest,82.62,Luxury,Debit,Tablet,5,1,0,0
104854,21,133,Midwest,255.95,Electronics,Credit,Mobile,2,1,1,0
104855,69,61,Midwest,459.75,Clothing,Credit,Desktop,0,0,0,0
104856,47,22,South,299.2,Restaurants,Credit,Mobile,1,0,0,0
104857,49,73,South,69.21,Clothing,Digital Wallet,Tablet,3,1,0,1
104858,22,134,Northeast,160.24,Restaurants,Debit,Mobile,1,0,0,0
104859,22,164,Midwest,167.65,Travel,Digital Wallet,Mobile,3,1,1,0
104860,27,118,Midwest,20.55,Electronics,Credit,Mobile,2,0,1,0
104861,40,43,South,133.9,Groceries,Digital Wallet,Tablet,1,0,0,0
104862,35,109,South,119.73,Online Services,Debit,Mobile,1,1,1,1
104863,61,69,South,53.7,Groceries,Digital Wallet,Desktop,5,0,0,0
104864,59,138,West,50.38,Gas,Digital Wallet,Mobile,3,1,0,1
104865,68,178,South,40.46,Luxury,Credit,Desktop,1,1,1,0
104866,32,152,Northeast,91.66,Travel,Debit,Desktop,3,0,0,0
104867,33,60,Midwest,345.33,Restaurants,Debit,Tablet,3,1,0,0
104868,57,138,West,58.86,Online Services,Debit,Mobile,6,0,1,0
104869,44,149,Northeast,192.77,Restaurants,Digital Wallet,Mobile,1,1,0,0
104870,30,72,South,95.84,Clothing,Digital Wallet,Desktop,2,0,0,0
104871,30,32,Midwest,87.62,Clothing,Digital Wallet,Desktop,3,0,1,0
104872,51,161,South,71.43,Electronics,Digital Wallet,Tablet,2,0,0,0
104873,22,136,South,6.2,Gas,Debit,Mobile,0,0,0,1
104874,32,50,Northeast,587.1,Restaurants,Debit,Desktop,1,0,0,0
104875,32,139,South,32.58,Groceries,Credit,Tablet,1,0,0,0
104876,67,20,Northeast,53.06,Gas,Credit,Desktop,3,0,0,0
104877,26,66,South,8.24,Restaurants,Debit,Tablet,2,0,0,0
104878,32,121,South,223.98,Luxury,Debit,Desktop,1,0,0,0
104879,40,111,Midwest,37.1,Electronics,Digital Wallet,Tablet,4,0,1,0
104880,61,71,Midwest,109.42,Clothing,Digital Wallet,Mobile,2,0,0,0
104881,26,174,Northeast,268.17,Travel,Digital Wallet,Tablet,0,0,0,0
104882,50,1,South,33.04,Groceries,Debit,Mobile,2,0,0,0
104883,63,40,Northeast,149.91,Restaurants,Debit,Desktop,4,0,1,0
104884,28,156,West,18.84,Online Services,Credit,Desktop,3,0,1,0
104885,67,25,West,171.69,Restaurants,Credit,Desktop,1,0,0,0
104886,46,90,Midwest,519.77,Groceries,Credit,Desktop,1,0,0,0
104887,61,75,South,196.6,Clothing,Digital Wallet,Tablet,4,0,0,0
104888,65,64,West,115.38,Groceries,Debit,Tablet,2,0,0,0
104889,47,90,West,224.03,Electronics,Credit,Desktop,2,1,0,0
104890,41,140,Northeast,82.79,Groceries,Debit,Mobile,2,1,0,0
104891,32,107,West,42.06,Luxury,Digital Wallet,Tablet,2,0,0,0
104892,60,17,Northeast,4.44,Gas,Debit,Mobile,0,0,0,0
104893,32,166,South,140.36,Travel,Debit,Tablet,3,0,2,0
104894,52,61,West,66.64,Clothing,Debit,Mobile,3,0,0,0
104895,48,49,South,24.7,Groceries,Credit,Tablet,0,0,0,0
104896,19,18,South,9.46,Travel,Debit,Tablet,2,0,0,0
104897,41,173,South,31.69,Travel,Digital Wallet,Tablet,1,0,1,0
104898,68,9,South,118.24,Groceries,Credit,Tablet,2,0,0,0
104899,65,52,Northeast,99.38,Clothing,Digital Wallet,Desktop,1,0,0,0
104900,63,60,South,210.78,Online Services,Digital Wallet,Mobile,2,1,0,0
104901,66,161,South,196.17,Luxury,Digital Wallet,Tablet,2,0,0,0
104902,31,36,West,47.36,Groceries,Credit,Mobile,1,0,0,0
104903,34,37,South,314.37,Gas,Credit,Tablet,3,0,0,0
104904,33,171,South,102.12,Luxury,Digital Wallet,Mobile,3,0,1,0
104905,30,65,South,49.59,Online Services,Debit,Desktop,3,0,0,0
104906,30,31,West,94.2,Groceries,Credit,Tablet,0,0,1,0
104907,21,5,Midwest,566.44,Groceries,Debit,Desktop,3,0,1,0
104908,64,115,South,254.95,Groceries,Debit,Desktop,2,1,1,0
104909,30,84,Northeast,170.81,Groceries,Credit,Mobile,1,0,1,0
104910,61,70,Midwest,255.22,Online Services,Digital Wallet,Desktop,3,1,0,0
104911,36,160,Northeast,96.05,Online Services,Credit,Tablet,1,0,1,0
104912,42,93,South,266.25,Clothing,Debit,Tablet,4,0,1,0
104913,24,80,Midwest,13.08,Groceries,Credit,Tablet,1,0,0,0
104914,26,15,South,23.52,Online Services,Digital Wallet,Mobile,2,0,0,0
104915,21,124,Northeast,14.52,Electronics,Debit,Mobile,2,0,0,0
104916,26,25,Midwest,236.68,Travel,Debit,Mobile,0,0,0,0
104917,18,131,Midwest,81.46,Gas,Digital Wallet,Mobile,4,0,1,0
104918,58,41,West,796.76,Clothing,Digital Wallet,Tablet,1,0,1,1
104919,53,71,West,19.17,Clothing,Credit,Mobile,1,0,1,0
104920,39,142,West,18.48,Travel,Credit,Tablet,3,1,0,0
104921,34,73,South,25.21,Restaurants,Digital Wallet,Tablet,4,0,1,0
104922,51,19,South,9.28,Travel,Digital Wallet,Tablet,5,0,0,0
104923,47,125,Northeast,270.43,Luxury,Digital Wallet,Desktop,2,0,0,0
104924,54,15,Northeast,42.91,Electronics,Credit,Tablet,1,0,0,0
104925,26,14,West,32.99,Luxury,Digital Wallet,Desktop,5,0,1,0
104926,72,175,West,402.12,Travel,Debit,Desktop,1,0,0,0
104927,47,159,Midwest,255.13,Online Services,Debit,Tablet,0,0,0,0
104928,43,44,South,75.14,Online Services,Credit,Desktop,5,0,0,0
104929,69,122,West,67.62,Gas,Digital Wallet,Desktop,2,0,0,0
104930,63,91,South,260.67,Luxury,Debit,Tablet,3,0,0,0
104931,62,161,South,60.33,Luxury,Debit,Mobile,5,0,0,0
104932,51,142,Midwest,52.21,Restaurants,Debit,Tablet,2,0,1,0
104933,70,53,South,15.61,Groceries,Debit,Desktop,0,0,0,0
104934,37,48,West,55.05,Gas,Credit,Tablet,2,0,0,0
104935,23,54,Midwest,2.64,Luxury,Credit,Tablet,0,0,0,0
104936,63,161,Northeast,17.7,Electronics,Credit,Mobile,2,0,0,0
104937,32,37,Northeast,7.56,Groceries,Credit,Desktop,4,0,0,0
104938,18,1,South,71.88,Online Services,Credit,Desktop,2,1,1,0
104939,18,135,West,46.21,Restaurants,Credit,Tablet,1,0,1,0
104940,30,108,West,97.31,Clothing,Credit,Desktop,3,0,1,0
104941,53,21,West,117.05,Online Services,Debit,Mobile,4,0,1,0
104942,48,17,Midwest,149.36,Online Services,Digital Wallet,Mobile,2,0,2,0
104943,74,104,Northeast,711.67,Travel,Credit,Tablet,3,0,0,0
104944,65,9,Midwest,119.16,Electronics,Credit,Mobile,2,0,0,0
104945,45,147,Midwest,9.12,Groceries,Digital Wallet,Desktop,1,0,0,0
104946,44,73,South,65.37,Electronics,Digital Wallet,Mobile,0,0,1,0
104947,59,117,South,257.81,Groceries,Debit,Tablet,4,0,0,0
104948,55,35,South,114.49,Clothing,Digital Wallet,Mobile,3,1,0,0
104949,46,20,Northeast,336.7,Luxury,Digital Wallet,Tablet,0,0,0,0
104950,67,4,West,93.74,Online Services,Credit,Desktop,5,0,0,0
104951,18,116,South,9.37,Travel,Debit,Mobile,4,0,0,1
104952,29,168,Northeast,11.67,Restaurants,Digital Wallet,Mobile,3,0,1,0
104953,23,147,South,9.67,Restaurants,Debit,Desktop,2,0,0,0
104954,69,108,West,78.9,Groceries,Debit,Desktop,0,1,0,0
104955,54,107,Midwest,18.03,Groceries,Credit,Tablet,4,0,0,0
104956,50,140,Midwest,14.74,Travel,Debit,Mobile,5,0,0,0
104957,57,20,South,162.48,Clothing,Credit,Desktop,1,0,1,0
104958,57,60,Midwest,149.32,Electronics,Digital Wallet,Tablet,1,0,1,0
104959,69,174,West,295.64,Travel,Debit,Mobile,3,0,0,0
104960,63,109,South,13.13,Online Services,Debit,Tablet,2,1,0,0
104961,38,93,Northeast,200.0,Online Services,Credit,Mobile,6,0,2,0
104962,51,30,Northeast,3.43,Gas,Credit,Desktop,2,0,0,0
104963,64,137,South,97.24,Luxury,Credit,Mobile,4,0,0,0
104964,24,127,Midwest,105.33,Gas,Credit,Mobile,2,0,0,0
104965,38,159,South,10.33,Travel,Digital Wallet,Tablet,4,0,0,1
104966,18,83,Northeast,315.06,Clothing,Credit,Desktop,4,0,0,0
104967,18,139,South,217.94,Luxury,Credit,Desktop,0,0,0,0
104968,43,166,West,263.01,Electronics,Credit,Desktop,0,0,1,0
104969,42,40,West,98.43,Luxury,Credit,Mobile,4,0,1,0
104970,20,166,West,15.84,Luxury,Digital Wallet,Desktop,1,0,0,0
104971,50,74,Midwest,291.54,Luxury,Digital Wallet,Desktop,2,0,0,0
104972,46,58,South,92.3,Electronics,Digital Wallet,Desktop,3,0,0,0
104973,20,120,Midwest,38.86,Restaurants,Digital Wallet,Mobile,1,0,0,0
104974,33,5,Midwest,14.12,Gas,Debit,Mobile,2,1,0,1
104975,23,47,Midwest,32.97,Electronics,Digital Wallet,Desktop,3,0,0,0
104976,68,87,Midwest,107.19,Gas,Credit,Tablet,2,0,1,0
104977,73,130,Midwest,71.81,Online Services,Digital Wallet,Mobile,5,0,1,0
104978,73,48,Midwest,92.2,Electronics,Debit,Desktop,2,0,0,1
104979,52,107,South,342.67,Clothing,Credit,Tablet,5,0,0,0
104980,53,113,Midwest,35.23,Groceries,Digital Wallet,Tablet,4,0,0,0
104981,70,38,South,103.29,Luxury,Debit,Tablet,1,0,1,0
104982,19,147,South,21.75,Online Services,Credit,Mobile,2,0,0,0
104983,66,29,West,1.37,Clothing,Digital Wallet,Desktop,2,1,1,0
104984,21,162,West,338.14,Restaurants,Credit,Mobile,4,0,1,0
104985,51,30,West,39.27,Groceries,Digital Wallet,Desktop,3,0,0,0
104986,52,79,Northeast,23.51,Luxury,Debit,Mobile,1,0,0,0
104987,53,144,Northeast,82.09,Groceries,Credit,Tablet,2,0,2,0
104988,53,33,Midwest,329.69,Clothing,Credit,Desktop,1,0,1,0
104989,30,99,West,274.79,Luxury,Debit,Tablet,3,0,0,0
104990,40,43,Midwest,161.91,Luxury,Credit,Mobile,1,0,0,0
104991,39,93,West,72.06,Clothing,Digital Wallet,Mobile,1,1,0,0
104992,43,132,West,125.39,Travel,Debit,Tablet,1,0,1,0
104993,61,28,South,227.29,Online Services,Digital Wallet,Mobile,1,1,3,1
104994,24,141,Northeast,105.07,Travel,Credit,Mobile,1,0,0,0
104995,49,69,Northeast,88.01,Online Services,Digital Wallet,Tablet,0,0,1,0
104996,27,136,Midwest,25.96,Restaurants,Credit,Mobile,1,0,1,0
104997,19,77,Northeast,197.17,Restaurants,Debit,Mobile,2,0,1,0
104998,49,62,Northeast,88.32,Gas,Debit,Desktop,1,0,0,0
104999,29,81,Northeast,33.24,Electronics,Debit,Desktop,1,0,0,0
